# Blender 5.1.0
# www.blender.org
mtllib gate_001.mtl
o gate_001
v -0.020701 1.666916 0.499869
v -0.020701 1.744115 0.499869
v -0.020701 1.744115 -0.465131
v -0.020701 1.666916 -0.465131
v -0.001401 1.666916 0.499869
v -0.001401 1.666916 -0.465131
v -0.001401 1.744115 -0.465131
v -0.001401 1.744115 0.499869
v -0.020701 1.287111 0.499869
v -0.020701 1.364311 0.499869
v -0.020701 1.364311 -0.465131
v -0.020701 1.287110 -0.465131
v -0.001401 1.287111 0.499869
v -0.001401 1.287110 -0.465131
v -0.001401 1.364311 -0.465131
v -0.001401 1.364311 0.499869
v -0.020701 0.907297 0.499869
v -0.020701 0.984497 0.499869
v -0.020701 0.984496 -0.465131
v -0.020701 0.907296 -0.465131
v -0.001401 0.907297 0.499869
v -0.001401 0.907296 -0.465131
v -0.001401 0.984496 -0.465131
v -0.001401 0.984497 0.499869
v -0.020700 0.527482 0.499869
v -0.020700 0.604682 0.499869
v -0.020701 0.604682 -0.465131
v -0.020701 0.527482 -0.465131
v -0.001400 0.527482 0.499869
v -0.001401 0.527482 -0.465131
v -0.001401 0.604682 -0.465131
v -0.001400 0.604682 0.499869
v -0.020700 0.147668 0.499869
v -0.020700 0.224868 0.499869
v -0.020701 0.224867 -0.465131
v -0.020701 0.147667 -0.465131
v -0.001400 0.147668 0.499869
v -0.001401 0.147667 -0.465131
v -0.001401 0.224867 -0.465131
v -0.001400 0.224868 0.499869
v -0.000638 1.889985 0.489225
v -0.000638 1.889985 0.412025
v -0.000638 0.001084 0.412025
v -0.000638 0.001084 0.489225
v 0.018662 1.889985 0.489225
v 0.018662 0.001084 0.489225
v 0.018662 0.001084 0.412025
v 0.018662 1.889985 0.412025
v -0.000638 1.889985 0.208815
v -0.000638 1.889985 0.131615
v -0.000638 0.001084 0.131616
v -0.000638 0.001084 0.208816
v 0.018662 1.889985 0.208815
v 0.018662 0.001084 0.208816
v 0.018662 0.001084 0.131616
v 0.018662 1.889985 0.131615
v -0.000638 1.889985 -0.106228
v -0.000638 1.889985 -0.183428
v -0.000638 0.001084 -0.183428
v -0.000638 0.001084 -0.106228
v 0.018662 1.889985 -0.106228
v 0.018662 0.001084 -0.106228
v 0.018662 0.001084 -0.183428
v 0.018662 1.889985 -0.183428
v -0.000638 1.889985 -0.387439
v -0.000638 1.889985 -0.464639
v -0.000638 0.001084 -0.464639
v -0.000638 0.001084 -0.387439
v 0.018662 0.001084 -0.387439
v 0.018662 0.794796 -0.387439
v 0.018662 0.831109 -0.387439
v 0.018662 1.889985 -0.387439
v 0.018662 0.001084 -0.464639
v 0.018662 1.889985 -0.464639
v 0.018662 0.831109 -0.464639
v 0.018662 0.794796 -0.464639
v 0.105512 0.794796 -0.387439
v 0.105512 0.794796 -0.464639
v 0.105512 0.831109 -0.464639
v 0.105512 0.831109 -0.387439
v 0.027347 0.794796 -0.455954
v 0.027347 0.794796 -0.396124
v 0.096827 0.794796 -0.455954
v 0.096827 0.794796 -0.396124
v 0.027347 0.831109 -0.396124
v 0.027347 0.831109 -0.455954
v 0.096827 0.831109 -0.396124
v 0.096827 0.831109 -0.455954
v 0.036032 0.801754 -0.447269
v 0.036032 0.801754 -0.404809
v 0.088142 0.801754 -0.447269
v 0.088142 0.801754 -0.404809
v 0.036032 0.824152 -0.404809
v 0.036032 0.824152 -0.447269
v 0.088142 0.824152 -0.404809
v 0.088142 0.824152 -0.447269
v 0.044717 0.806724 -0.438584
v 0.044717 0.806724 -0.413494
v 0.079457 0.806724 -0.438584
v 0.079457 0.806724 -0.413494
v 0.044717 0.819182 -0.413494
v 0.044717 0.819182 -0.438584
v 0.079457 0.819182 -0.413494
v 0.079457 0.819182 -0.438584
v 0.018565 1.708700 0.422852
v 0.018565 1.730152 0.431740
v 0.037865 1.723166 0.438717
v 0.037865 1.708700 0.432734
v 0.018565 1.739030 0.453182
v 0.037865 1.729158 0.453182
v 0.018565 1.730152 0.474624
v 0.037865 1.723166 0.467647
v 0.018565 1.708700 0.483512
v 0.037865 1.708700 0.473630
v 0.018565 1.687258 0.474624
v 0.037865 1.694245 0.467647
v 0.018565 1.678370 0.453182
v 0.037865 1.688251 0.453182
v 0.018565 1.687258 0.431740
v 0.037865 1.694245 0.438717
v 0.028013 1.715773 0.446109
v 0.028013 1.718707 0.453182
v 0.028013 1.715773 0.460255
v 0.028013 1.701627 0.446109
v 0.028013 1.708700 0.463189
v 0.028013 1.701627 0.460255
v 0.028013 1.698693 0.453182
v 0.028013 1.708700 0.443175
v 0.037865 1.717993 0.443889
v 0.037865 1.708700 0.440039
v 0.037865 1.721843 0.453182
v 0.037865 1.717993 0.462475
v 0.037865 1.708700 0.466325
v 0.037865 1.699407 0.462475
v 0.037865 1.695567 0.453182
v 0.037865 1.699407 0.443889
v 0.035733 1.715773 0.446109
v 0.035733 1.708700 0.443175
v 0.035733 1.718707 0.453182
v 0.035733 1.715773 0.460255
v 0.035733 1.708700 0.463189
v 0.035733 1.701627 0.460255
v 0.035733 1.698693 0.453182
v 0.035733 1.701627 0.446109
v 0.018565 1.324350 0.422852
v 0.018565 1.345793 0.431740
v 0.037865 1.338806 0.438717
v 0.037865 1.324350 0.432734
v 0.018565 1.354680 0.453182
v 0.037865 1.344799 0.453182
v 0.018565 1.345793 0.474624
v 0.037865 1.338806 0.467647
v 0.018565 1.324350 0.483512
v 0.037865 1.324350 0.473630
v 0.018565 1.302898 0.474624
v 0.037865 1.309885 0.467647
v 0.018565 1.294020 0.453182
v 0.037865 1.303892 0.453182
v 0.018565 1.302898 0.431740
v 0.037865 1.309885 0.438717
v 0.028013 1.331424 0.446109
v 0.028013 1.334357 0.453182
v 0.028013 1.331424 0.460255
v 0.028013 1.317267 0.446109
v 0.028013 1.324350 0.463189
v 0.028013 1.317267 0.460255
v 0.028013 1.314343 0.453182
v 0.028013 1.324350 0.443175
v 0.037865 1.333643 0.443889
v 0.037865 1.324350 0.440039
v 0.037865 1.337484 0.453182
v 0.037865 1.333643 0.462475
v 0.037865 1.324350 0.466325
v 0.037865 1.315057 0.462475
v 0.037865 1.311207 0.453182
v 0.037865 1.315057 0.443889
v 0.035733 1.331424 0.446109
v 0.035733 1.324350 0.443175
v 0.035733 1.334357 0.453182
v 0.035733 1.331424 0.460255
v 0.035733 1.324350 0.463189
v 0.035733 1.317267 0.460255
v 0.035733 1.314343 0.453182
v 0.035733 1.317267 0.446109
v 0.018565 0.946851 0.422852
v 0.018565 0.968294 0.431740
v 0.037865 0.961317 0.438717
v 0.037865 0.946851 0.432734
v 0.018565 0.977182 0.453182
v 0.037865 0.967300 0.453182
v 0.018565 0.968294 0.474624
v 0.037865 0.961317 0.467647
v 0.018565 0.946851 0.483512
v 0.037865 0.946851 0.473630
v 0.018565 0.925410 0.474624
v 0.037865 0.932387 0.467647
v 0.018565 0.916522 0.453182
v 0.037865 0.926404 0.453182
v 0.018565 0.925410 0.431740
v 0.037865 0.932387 0.438717
v 0.028013 0.953925 0.446109
v 0.028013 0.956859 0.453182
v 0.028013 0.953925 0.460255
v 0.028013 0.939778 0.446109
v 0.028013 0.946851 0.463189
v 0.028013 0.939778 0.460255
v 0.028013 0.936845 0.453182
v 0.028013 0.946851 0.443175
v 0.037865 0.956145 0.443889
v 0.037865 0.946851 0.440039
v 0.037865 0.959995 0.453182
v 0.037865 0.956145 0.462475
v 0.037865 0.946851 0.466325
v 0.037865 0.937559 0.462475
v 0.037865 0.933709 0.453182
v 0.037865 0.937559 0.443889
v 0.035733 0.953925 0.446109
v 0.035733 0.946851 0.443175
v 0.035733 0.956859 0.453182
v 0.035733 0.953925 0.460255
v 0.035733 0.946851 0.463189
v 0.035733 0.939778 0.460255
v 0.035733 0.936845 0.453182
v 0.035733 0.939778 0.446109
v 0.018565 0.569334 0.422852
v 0.018565 0.590777 0.431740
v 0.037865 0.583790 0.438717
v 0.037865 0.569334 0.432734
v 0.018565 0.599655 0.453182
v 0.037865 0.589783 0.453182
v 0.018565 0.590777 0.474625
v 0.037865 0.583790 0.467647
v 0.018565 0.569334 0.483512
v 0.037865 0.569334 0.473630
v 0.018565 0.547882 0.474625
v 0.037865 0.554869 0.467647
v 0.018565 0.539004 0.453182
v 0.037865 0.548876 0.453182
v 0.018565 0.547882 0.431740
v 0.037865 0.554869 0.438717
v 0.028013 0.576408 0.446109
v 0.028013 0.579341 0.453182
v 0.028013 0.576408 0.460256
v 0.028013 0.562251 0.446109
v 0.028013 0.569334 0.463190
v 0.028013 0.562251 0.460256
v 0.028013 0.559327 0.453182
v 0.028013 0.569334 0.443175
v 0.037865 0.578618 0.443889
v 0.037865 0.569334 0.440039
v 0.037865 0.582468 0.453182
v 0.037865 0.578618 0.462475
v 0.037865 0.569334 0.466325
v 0.037865 0.560041 0.462475
v 0.037865 0.556191 0.453182
v 0.037865 0.560041 0.443889
v 0.035733 0.576408 0.446109
v 0.035733 0.569334 0.443175
v 0.035733 0.579341 0.453182
v 0.035733 0.576408 0.460256
v 0.035733 0.569334 0.463190
v 0.035733 0.562251 0.460256
v 0.035733 0.559327 0.453182
v 0.035733 0.562251 0.446109
v 0.018565 0.186104 0.422853
v 0.018565 0.207546 0.431740
v 0.037865 0.200560 0.438717
v 0.037865 0.186104 0.432734
v 0.018565 0.216434 0.453183
v 0.037865 0.206552 0.453183
v 0.018565 0.207546 0.474625
v 0.037865 0.200560 0.467648
v 0.018565 0.186104 0.483513
v 0.037865 0.186104 0.473631
v 0.018565 0.164662 0.474625
v 0.037865 0.171639 0.467648
v 0.018565 0.155774 0.453183
v 0.037865 0.165656 0.453183
v 0.018565 0.164662 0.431740
v 0.037865 0.171639 0.438717
v 0.028013 0.193177 0.446109
v 0.028013 0.196111 0.453183
v 0.028013 0.193177 0.460256
v 0.028013 0.179030 0.446109
v 0.028013 0.186104 0.463190
v 0.028013 0.179030 0.460256
v 0.028013 0.176097 0.453183
v 0.028013 0.186104 0.443175
v 0.037865 0.195397 0.443890
v 0.037865 0.186104 0.440039
v 0.037865 0.199247 0.453183
v 0.037865 0.195397 0.462475
v 0.037865 0.186104 0.466326
v 0.037865 0.176811 0.462475
v 0.037865 0.172961 0.453183
v 0.037865 0.176811 0.443890
v 0.035733 0.193177 0.446109
v 0.035733 0.186104 0.443175
v 0.035733 0.196111 0.453183
v 0.035733 0.193177 0.460256
v 0.035733 0.186104 0.463190
v 0.035733 0.179030 0.460256
v 0.035733 0.176097 0.453183
v 0.035733 0.179030 0.446109
v 0.018565 0.186103 0.140040
v 0.018565 0.207546 0.148918
v 0.037865 0.200559 0.155905
v 0.037865 0.186103 0.149912
v 0.018565 0.216433 0.170360
v 0.037865 0.206552 0.170360
v 0.018565 0.207546 0.191812
v 0.037865 0.200559 0.184826
v 0.018565 0.186104 0.200690
v 0.037865 0.186103 0.190818
v 0.018565 0.164661 0.191812
v 0.037865 0.171638 0.184826
v 0.018565 0.155773 0.170360
v 0.037865 0.165655 0.170360
v 0.018565 0.164661 0.148918
v 0.037865 0.171638 0.155905
v 0.028013 0.193177 0.163287
v 0.028013 0.196110 0.170360
v 0.028013 0.193177 0.177443
v 0.028013 0.179030 0.163287
v 0.028013 0.186103 0.180367
v 0.028013 0.179030 0.177443
v 0.028013 0.176096 0.170360
v 0.028013 0.186103 0.160353
v 0.037865 0.195397 0.161067
v 0.037865 0.186103 0.157227
v 0.037865 0.199247 0.170360
v 0.037865 0.195397 0.179653
v 0.037865 0.186103 0.183504
v 0.037865 0.176811 0.179653
v 0.037865 0.172960 0.170360
v 0.037865 0.176811 0.161067
v 0.035733 0.193177 0.163287
v 0.035733 0.186103 0.160353
v 0.035733 0.196110 0.170360
v 0.035733 0.193177 0.177443
v 0.035733 0.186103 0.180367
v 0.035733 0.179030 0.177443
v 0.035733 0.176096 0.170360
v 0.035733 0.179030 0.163287
v 0.018565 0.569334 0.140040
v 0.018565 0.590777 0.148918
v 0.037865 0.583790 0.155905
v 0.037865 0.569334 0.149911
v 0.018565 0.599654 0.170360
v 0.037865 0.589783 0.170360
v 0.018565 0.590777 0.191812
v 0.037865 0.583790 0.184825
v 0.018565 0.569334 0.200690
v 0.037865 0.569334 0.190818
v 0.018565 0.547882 0.191812
v 0.037865 0.554869 0.184825
v 0.018565 0.539004 0.170360
v 0.037865 0.548876 0.170360
v 0.018565 0.547882 0.148918
v 0.037865 0.554869 0.155905
v 0.028013 0.576407 0.163287
v 0.028013 0.579341 0.170360
v 0.028013 0.576407 0.177443
v 0.028013 0.562251 0.163287
v 0.028013 0.569334 0.180367
v 0.028013 0.562251 0.177443
v 0.028013 0.559327 0.170360
v 0.028013 0.569334 0.160353
v 0.037865 0.578618 0.161067
v 0.037865 0.569334 0.157227
v 0.037865 0.582467 0.170360
v 0.037865 0.578618 0.179653
v 0.037865 0.569334 0.183503
v 0.037865 0.560041 0.179653
v 0.037865 0.556191 0.170360
v 0.037865 0.560041 0.161067
v 0.035733 0.576407 0.163287
v 0.035733 0.569334 0.160353
v 0.035733 0.579341 0.170360
v 0.035733 0.576407 0.177443
v 0.035733 0.569334 0.180367
v 0.035733 0.562251 0.177443
v 0.035733 0.559327 0.170360
v 0.035733 0.562251 0.163287
v 0.018565 0.946851 0.140040
v 0.018565 0.968294 0.148918
v 0.037865 0.961317 0.155904
v 0.037865 0.946851 0.149911
v 0.018565 0.977181 0.170360
v 0.037865 0.967300 0.170360
v 0.018565 0.968294 0.191812
v 0.037865 0.961317 0.184825
v 0.018565 0.946851 0.200690
v 0.037865 0.946851 0.190818
v 0.018565 0.925409 0.191812
v 0.037865 0.932387 0.184825
v 0.018565 0.916522 0.170360
v 0.037865 0.926404 0.170360
v 0.018565 0.925409 0.148918
v 0.037865 0.932387 0.155904
v 0.028013 0.953925 0.163286
v 0.028013 0.956859 0.170360
v 0.028013 0.953925 0.177443
v 0.028013 0.939778 0.163286
v 0.028013 0.946851 0.180367
v 0.028013 0.939778 0.177443
v 0.028013 0.936844 0.170360
v 0.028013 0.946851 0.160353
v 0.037865 0.956145 0.161067
v 0.037865 0.946851 0.157226
v 0.037865 0.959995 0.170360
v 0.037865 0.956145 0.179653
v 0.037865 0.946851 0.183503
v 0.037865 0.937559 0.179653
v 0.037865 0.933708 0.170360
v 0.037865 0.937559 0.161067
v 0.035733 0.953925 0.163286
v 0.035733 0.946851 0.160353
v 0.035733 0.956859 0.170360
v 0.035733 0.953925 0.177443
v 0.035733 0.946851 0.180367
v 0.035733 0.939778 0.177443
v 0.035733 0.936844 0.170360
v 0.035733 0.939778 0.163286
v 0.018565 1.324350 0.140040
v 0.018565 1.345793 0.148918
v 0.037865 1.338806 0.155904
v 0.037865 1.324350 0.149911
v 0.018565 1.354680 0.170360
v 0.037865 1.344799 0.170360
v 0.018565 1.345793 0.191812
v 0.037865 1.338806 0.184825
v 0.018565 1.324350 0.200690
v 0.037865 1.324350 0.190818
v 0.018565 1.302898 0.191812
v 0.037865 1.309885 0.184825
v 0.018565 1.294020 0.170360
v 0.037865 1.303892 0.170360
v 0.018565 1.302898 0.148918
v 0.037865 1.309885 0.155904
v 0.028013 1.331424 0.163286
v 0.028013 1.334357 0.170360
v 0.028013 1.331424 0.177443
v 0.028013 1.317267 0.163286
v 0.028013 1.324350 0.180367
v 0.028013 1.317267 0.177443
v 0.028013 1.314343 0.170360
v 0.028013 1.324350 0.160353
v 0.037865 1.333643 0.161067
v 0.037865 1.324350 0.157226
v 0.037865 1.337484 0.170360
v 0.037865 1.333643 0.179653
v 0.037865 1.324350 0.183503
v 0.037865 1.315057 0.179653
v 0.037865 1.311207 0.170360
v 0.037865 1.315057 0.161067
v 0.035733 1.331424 0.163286
v 0.035733 1.324350 0.160353
v 0.035733 1.334357 0.170360
v 0.035733 1.331424 0.177443
v 0.035733 1.324350 0.180367
v 0.035733 1.317267 0.177443
v 0.035733 1.314343 0.170360
v 0.035733 1.317267 0.163286
v 0.018565 1.708700 0.140040
v 0.018565 1.730152 0.148918
v 0.037865 1.723166 0.155904
v 0.037865 1.708700 0.149911
v 0.018565 1.739030 0.170360
v 0.037865 1.729158 0.170360
v 0.018565 1.730152 0.191812
v 0.037865 1.723166 0.184825
v 0.018565 1.708700 0.200690
v 0.037865 1.708700 0.190818
v 0.018565 1.687258 0.191812
v 0.037865 1.694245 0.184825
v 0.018565 1.678370 0.170360
v 0.037865 1.688251 0.170360
v 0.018565 1.687258 0.148918
v 0.037865 1.694245 0.155904
v 0.028013 1.715773 0.163286
v 0.028013 1.718707 0.170360
v 0.028013 1.715773 0.177443
v 0.028013 1.701627 0.163286
v 0.028013 1.708700 0.180367
v 0.028013 1.701627 0.177443
v 0.028013 1.698693 0.170360
v 0.028013 1.708700 0.160353
v 0.037865 1.717993 0.161067
v 0.037865 1.708700 0.157226
v 0.037865 1.721843 0.170360
v 0.037865 1.717993 0.179653
v 0.037865 1.708700 0.183503
v 0.037865 1.699407 0.179653
v 0.037865 1.695567 0.170360
v 0.037865 1.699407 0.161067
v 0.035733 1.715773 0.163286
v 0.035733 1.708700 0.160353
v 0.035733 1.718707 0.170360
v 0.035733 1.715773 0.177443
v 0.035733 1.708700 0.180367
v 0.035733 1.701627 0.177443
v 0.035733 1.698693 0.170360
v 0.035733 1.701627 0.163286
v 0.018565 0.186103 -0.169619
v 0.018565 0.207546 -0.160731
v 0.037865 0.200559 -0.153745
v 0.037865 0.186103 -0.159737
v 0.018565 0.216433 -0.139289
v 0.037865 0.206552 -0.139289
v 0.018565 0.207546 -0.117847
v 0.037865 0.200559 -0.124823
v 0.018565 0.186103 -0.108959
v 0.037865 0.186103 -0.118831
v 0.018565 0.164661 -0.117847
v 0.037865 0.171638 -0.124823
v 0.018565 0.155773 -0.139289
v 0.037865 0.165655 -0.139289
v 0.018565 0.164661 -0.160731
v 0.037865 0.171638 -0.153745
v 0.028013 0.193177 -0.146362
v 0.028013 0.196110 -0.139289
v 0.028013 0.193177 -0.132215
v 0.028013 0.179030 -0.146362
v 0.028013 0.186103 -0.129282
v 0.028013 0.179030 -0.132215
v 0.028013 0.176096 -0.139289
v 0.028013 0.186103 -0.149296
v 0.037865 0.195397 -0.148582
v 0.037865 0.186103 -0.152432
v 0.037865 0.199247 -0.139289
v 0.037865 0.195397 -0.129996
v 0.037865 0.186103 -0.126146
v 0.037865 0.176811 -0.129996
v 0.037865 0.172960 -0.139289
v 0.037865 0.176811 -0.148582
v 0.035733 0.193177 -0.146362
v 0.035733 0.186103 -0.149296
v 0.035733 0.196110 -0.139289
v 0.035733 0.193177 -0.132215
v 0.035733 0.186103 -0.129282
v 0.035733 0.179030 -0.132215
v 0.035733 0.176096 -0.139289
v 0.035733 0.179030 -0.146362
v 0.018565 0.569334 -0.169619
v 0.018565 0.590777 -0.160731
v 0.037865 0.583790 -0.153745
v 0.037865 0.569334 -0.159737
v 0.018565 0.599654 -0.139289
v 0.037865 0.589782 -0.139289
v 0.018565 0.590777 -0.117847
v 0.037865 0.583790 -0.124824
v 0.018565 0.569334 -0.108959
v 0.037865 0.569334 -0.118831
v 0.018565 0.547882 -0.117847
v 0.037865 0.554868 -0.124824
v 0.018565 0.539004 -0.139289
v 0.037865 0.548876 -0.139289
v 0.018565 0.547882 -0.160731
v 0.037865 0.554868 -0.153745
v 0.028013 0.576407 -0.146362
v 0.028013 0.579341 -0.139289
v 0.028013 0.576407 -0.132215
v 0.028013 0.562251 -0.146362
v 0.028013 0.569334 -0.129282
v 0.028013 0.562251 -0.132215
v 0.028013 0.559327 -0.139289
v 0.028013 0.569334 -0.149296
v 0.037865 0.578617 -0.148582
v 0.037865 0.569334 -0.152433
v 0.037865 0.582467 -0.139289
v 0.037865 0.578618 -0.129996
v 0.037865 0.569334 -0.126146
v 0.037865 0.560041 -0.129996
v 0.037865 0.556191 -0.139289
v 0.037865 0.560041 -0.148582
v 0.035733 0.576407 -0.146362
v 0.035733 0.569334 -0.149296
v 0.035733 0.579341 -0.139289
v 0.035733 0.576407 -0.132215
v 0.035733 0.569334 -0.129282
v 0.035733 0.562251 -0.132215
v 0.035733 0.559327 -0.139289
v 0.035733 0.562251 -0.146362
v 0.018565 0.946851 -0.169619
v 0.018565 0.968294 -0.160732
v 0.037865 0.961317 -0.153745
v 0.037865 0.946851 -0.159738
v 0.018565 0.977181 -0.139289
v 0.037865 0.967300 -0.139289
v 0.018565 0.968294 -0.117847
v 0.037865 0.961317 -0.124824
v 0.018565 0.946851 -0.108959
v 0.037865 0.946851 -0.118831
v 0.018565 0.925409 -0.117847
v 0.037865 0.932387 -0.124824
v 0.018565 0.916522 -0.139289
v 0.037865 0.926404 -0.139289
v 0.018565 0.925409 -0.160732
v 0.037865 0.932387 -0.153745
v 0.028013 0.953925 -0.146363
v 0.028013 0.956859 -0.139289
v 0.028013 0.953925 -0.132216
v 0.028013 0.939778 -0.146363
v 0.028013 0.946851 -0.129282
v 0.028013 0.939778 -0.132216
v 0.028013 0.936844 -0.139289
v 0.028013 0.946851 -0.149296
v 0.037865 0.956145 -0.148582
v 0.037865 0.946851 -0.152433
v 0.037865 0.959995 -0.139289
v 0.037865 0.956145 -0.129996
v 0.037865 0.946851 -0.126146
v 0.037865 0.937559 -0.129996
v 0.037865 0.933708 -0.139289
v 0.037865 0.937559 -0.148582
v 0.035733 0.953925 -0.146363
v 0.035733 0.946851 -0.149296
v 0.035733 0.956859 -0.139289
v 0.035733 0.953925 -0.132216
v 0.035733 0.946851 -0.129282
v 0.035733 0.939778 -0.132216
v 0.035733 0.936844 -0.139289
v 0.035733 0.939778 -0.146363
v 0.018565 1.324350 -0.169619
v 0.018565 1.345793 -0.160732
v 0.037865 1.338806 -0.153745
v 0.037865 1.324350 -0.159738
v 0.018565 1.354680 -0.139289
v 0.037865 1.344799 -0.139289
v 0.018565 1.345793 -0.117847
v 0.037865 1.338806 -0.124824
v 0.018565 1.324350 -0.108959
v 0.037865 1.324350 -0.118831
v 0.018565 1.302898 -0.117847
v 0.037865 1.309885 -0.124824
v 0.018565 1.294020 -0.139289
v 0.037865 1.303892 -0.139289
v 0.018565 1.302898 -0.160732
v 0.037865 1.309885 -0.153745
v 0.028013 1.331424 -0.146363
v 0.028013 1.334357 -0.139289
v 0.028013 1.331424 -0.132216
v 0.028013 1.317267 -0.146363
v 0.028013 1.324350 -0.129282
v 0.028013 1.317267 -0.132216
v 0.028013 1.314343 -0.139289
v 0.028013 1.324350 -0.149296
v 0.037865 1.333643 -0.148582
v 0.037865 1.324350 -0.152433
v 0.037865 1.337484 -0.139289
v 0.037865 1.333643 -0.129996
v 0.037865 1.324350 -0.126146
v 0.037865 1.315057 -0.129996
v 0.037865 1.311207 -0.139289
v 0.037865 1.315057 -0.148582
v 0.035733 1.331424 -0.146363
v 0.035733 1.324350 -0.149296
v 0.035733 1.334357 -0.139289
v 0.035733 1.331424 -0.132216
v 0.035733 1.324350 -0.129282
v 0.035733 1.317267 -0.132216
v 0.035733 1.314343 -0.139289
v 0.035733 1.317267 -0.146363
v 0.018565 1.708700 -0.169619
v 0.018565 1.730152 -0.160732
v 0.037865 1.723166 -0.153745
v 0.037865 1.708700 -0.159738
v 0.018565 1.739030 -0.139289
v 0.037865 1.729158 -0.139289
v 0.018565 1.730152 -0.117847
v 0.037865 1.723166 -0.124824
v 0.018565 1.708700 -0.108959
v 0.037865 1.708700 -0.118831
v 0.018565 1.687258 -0.117847
v 0.037865 1.694245 -0.124824
v 0.018565 1.678370 -0.139289
v 0.037865 1.688251 -0.139289
v 0.018565 1.687258 -0.160732
v 0.037865 1.694245 -0.153745
v 0.028013 1.715773 -0.146363
v 0.028013 1.718707 -0.139289
v 0.028013 1.715773 -0.132216
v 0.028013 1.701627 -0.146363
v 0.028013 1.708700 -0.129282
v 0.028013 1.701627 -0.132216
v 0.028013 1.698693 -0.139289
v 0.028013 1.708700 -0.149296
v 0.037865 1.717993 -0.148582
v 0.037865 1.708700 -0.152433
v 0.037865 1.721843 -0.139289
v 0.037865 1.717993 -0.129996
v 0.037865 1.708700 -0.126146
v 0.037865 1.699407 -0.129996
v 0.037865 1.695567 -0.139289
v 0.037865 1.699407 -0.148582
v 0.035733 1.715773 -0.146363
v 0.035733 1.708700 -0.149296
v 0.035733 1.718707 -0.139289
v 0.035733 1.715773 -0.132216
v 0.035733 1.708700 -0.129282
v 0.035733 1.701627 -0.132216
v 0.035733 1.698693 -0.139289
v 0.035733 1.701627 -0.146363
v 0.018565 0.186103 -0.451891
v 0.018565 0.207546 -0.443013
v 0.037865 0.200559 -0.436026
v 0.037865 0.186103 -0.442019
v 0.018565 0.216433 -0.421561
v 0.037865 0.206552 -0.421561
v 0.018565 0.207546 -0.400119
v 0.037865 0.200559 -0.407105
v 0.018565 0.186103 -0.391241
v 0.037865 0.186103 -0.401113
v 0.018565 0.164661 -0.400119
v 0.037865 0.171638 -0.407105
v 0.018565 0.155773 -0.421561
v 0.037865 0.165655 -0.421561
v 0.018565 0.164661 -0.443013
v 0.037865 0.171638 -0.436026
v 0.028013 0.193177 -0.428644
v 0.028013 0.196110 -0.421561
v 0.028013 0.193177 -0.414488
v 0.028013 0.179030 -0.428644
v 0.028013 0.186103 -0.411554
v 0.028013 0.179030 -0.414488
v 0.028013 0.176096 -0.421561
v 0.028013 0.186103 -0.431568
v 0.037865 0.195396 -0.430854
v 0.037865 0.186103 -0.434704
v 0.037865 0.199247 -0.421561
v 0.037865 0.195396 -0.412278
v 0.037865 0.186103 -0.408427
v 0.037865 0.176810 -0.412278
v 0.037865 0.172960 -0.421561
v 0.037865 0.176810 -0.430854
v 0.035733 0.193177 -0.428644
v 0.035733 0.186103 -0.431568
v 0.035733 0.196110 -0.421561
v 0.035733 0.193177 -0.414488
v 0.035733 0.186103 -0.411554
v 0.035733 0.179030 -0.414488
v 0.035733 0.176096 -0.421561
v 0.035733 0.179030 -0.428644
v 0.018565 0.569334 -0.451891
v 0.018565 0.590776 -0.443013
v 0.037865 0.583790 -0.436027
v 0.037865 0.569334 -0.442019
v 0.018565 0.599654 -0.421561
v 0.037865 0.589782 -0.421561
v 0.018565 0.590776 -0.400119
v 0.037865 0.583790 -0.407106
v 0.018565 0.569334 -0.391241
v 0.037865 0.569334 -0.401113
v 0.018565 0.547882 -0.400119
v 0.037865 0.554868 -0.407106
v 0.018565 0.539004 -0.421561
v 0.037865 0.548876 -0.421561
v 0.018565 0.547882 -0.443013
v 0.037865 0.554868 -0.436027
v 0.028013 0.576407 -0.428645
v 0.028013 0.579341 -0.421561
v 0.028013 0.576407 -0.414488
v 0.028013 0.562251 -0.428645
v 0.028013 0.569334 -0.411554
v 0.028013 0.562251 -0.414488
v 0.028013 0.559327 -0.421561
v 0.028013 0.569334 -0.431569
v 0.037865 0.578617 -0.430854
v 0.037865 0.569334 -0.434705
v 0.037865 0.582467 -0.421561
v 0.037865 0.578617 -0.412278
v 0.037865 0.569334 -0.408428
v 0.037865 0.560041 -0.412278
v 0.037865 0.556191 -0.421561
v 0.037865 0.560041 -0.430854
v 0.035733 0.576407 -0.428645
v 0.035733 0.569334 -0.431569
v 0.035733 0.579341 -0.421561
v 0.035733 0.576407 -0.414488
v 0.035733 0.569334 -0.411554
v 0.035733 0.562251 -0.414488
v 0.035733 0.559327 -0.421561
v 0.035733 0.562251 -0.428645
v 0.018565 0.946851 -0.451891
v 0.018565 0.968294 -0.443013
v 0.037865 0.961317 -0.436027
v 0.037865 0.946851 -0.442020
v 0.018565 0.977181 -0.421561
v 0.037865 0.967300 -0.421561
v 0.018565 0.968294 -0.400119
v 0.037865 0.961317 -0.407106
v 0.018565 0.946851 -0.391241
v 0.037865 0.946851 -0.401113
v 0.018565 0.925409 -0.400119
v 0.037865 0.932386 -0.407106
v 0.018565 0.916522 -0.421561
v 0.037865 0.926403 -0.421561
v 0.018565 0.925409 -0.443013
v 0.037865 0.932386 -0.436027
v 0.028013 0.953925 -0.428645
v 0.028013 0.956858 -0.421561
v 0.028013 0.953925 -0.414488
v 0.028013 0.939778 -0.428645
v 0.028013 0.946851 -0.411554
v 0.028013 0.939778 -0.414488
v 0.028013 0.936844 -0.421561
v 0.028013 0.946851 -0.431569
v 0.037865 0.956144 -0.430854
v 0.037865 0.946851 -0.434705
v 0.037865 0.959995 -0.421561
v 0.037865 0.956144 -0.412278
v 0.037865 0.946851 -0.408428
v 0.037865 0.937558 -0.412278
v 0.037865 0.933708 -0.421561
v 0.037865 0.937558 -0.430854
v 0.035733 0.953925 -0.428645
v 0.035733 0.946851 -0.431569
v 0.035733 0.956858 -0.421561
v 0.035733 0.953925 -0.414488
v 0.035733 0.946851 -0.411554
v 0.035733 0.939778 -0.414488
v 0.035733 0.936844 -0.421561
v 0.035733 0.939778 -0.428645
v 0.018565 1.324350 -0.451891
v 0.018565 1.345792 -0.443013
v 0.037865 1.338806 -0.436027
v 0.037865 1.324350 -0.442020
v 0.018565 1.354680 -0.421561
v 0.037865 1.344798 -0.421561
v 0.018565 1.345792 -0.400119
v 0.037865 1.338806 -0.407106
v 0.018565 1.324350 -0.391241
v 0.037865 1.324350 -0.401113
v 0.018565 1.302898 -0.400119
v 0.037865 1.309884 -0.407106
v 0.018565 1.294020 -0.421561
v 0.037865 1.303892 -0.421561
v 0.018565 1.302898 -0.443013
v 0.037865 1.309884 -0.436027
v 0.028013 1.331424 -0.428645
v 0.028013 1.334357 -0.421561
v 0.028013 1.331424 -0.414488
v 0.028013 1.317267 -0.428645
v 0.028013 1.324350 -0.411554
v 0.028013 1.317267 -0.414488
v 0.028013 1.314343 -0.421561
v 0.028013 1.324350 -0.431569
v 0.037865 1.333643 -0.430854
v 0.037865 1.324350 -0.434705
v 0.037865 1.337484 -0.421561
v 0.037865 1.333643 -0.412278
v 0.037865 1.324350 -0.408428
v 0.037865 1.315057 -0.412278
v 0.037865 1.311207 -0.421561
v 0.037865 1.315057 -0.430854
v 0.035733 1.331424 -0.428645
v 0.035733 1.324350 -0.431569
v 0.035733 1.334357 -0.421561
v 0.035733 1.331424 -0.414488
v 0.035733 1.324350 -0.411554
v 0.035733 1.317267 -0.414488
v 0.035733 1.314343 -0.421561
v 0.035733 1.317267 -0.428645
v 0.018565 1.708700 -0.451891
v 0.018565 1.730152 -0.443013
v 0.037865 1.723166 -0.436027
v 0.037865 1.708700 -0.442020
v 0.018565 1.739030 -0.421561
v 0.037865 1.729158 -0.421561
v 0.018565 1.730152 -0.400119
v 0.037865 1.723166 -0.407106
v 0.018565 1.708700 -0.391241
v 0.037865 1.708700 -0.401113
v 0.018565 1.687258 -0.400119
v 0.037865 1.694245 -0.407106
v 0.018565 1.678370 -0.421561
v 0.037865 1.688251 -0.421561
v 0.018565 1.687258 -0.443013
v 0.037865 1.694245 -0.436027
v 0.028013 1.715773 -0.428645
v 0.028013 1.718707 -0.421561
v 0.028013 1.715773 -0.414488
v 0.028013 1.701627 -0.428645
v 0.028013 1.708700 -0.411554
v 0.028013 1.701627 -0.414488
v 0.028013 1.698693 -0.421561
v 0.028013 1.708700 -0.431569
v 0.037865 1.717993 -0.430854
v 0.037865 1.708700 -0.434705
v 0.037865 1.721843 -0.421561
v 0.037865 1.717993 -0.412278
v 0.037865 1.708700 -0.408428
v 0.037865 1.699407 -0.412278
v 0.037865 1.695567 -0.421561
v 0.037865 1.699407 -0.430854
v 0.035733 1.715773 -0.428645
v 0.035733 1.708700 -0.431569
v 0.035733 1.718707 -0.421561
v 0.035733 1.715773 -0.414488
v 0.035733 1.708700 -0.411554
v 0.035733 1.701627 -0.414488
v 0.035733 1.698693 -0.421561
v 0.035733 1.701627 -0.428645
vn -1.0000 -0.0000 -0.0000
vn 1.0000 -0.0000 -0.0000
vn -0.0000 -1.0000 -0.0000
vn -0.0000 -0.0000 -1.0000
vn -0.0000 1.0000 -0.0000
vn -0.0000 -0.0000 1.0000
vn -0.0001 -0.0000 1.0000
vn 0.3791 -0.9254 -0.0000
vn -0.0000 -0.9254 0.3791
vn -0.3791 -0.9254 -0.0000
vn -0.0000 -0.9254 -0.3791
vn -0.0000 -0.9254 -0.3790
vn 0.3790 0.9254 -0.0000
vn -0.0000 0.9254 -0.3790
vn -0.3790 0.9254 -0.0000
vn -0.0000 0.9254 0.3790
vn 0.2807 -0.9598 -0.0000
vn -0.0000 -0.9598 0.2807
vn -0.0000 -0.9598 0.2806
vn -0.2807 -0.9598 -0.0000
vn -0.0000 -0.9598 -0.2806
vn -0.0000 -0.9598 -0.2807
vn 0.2807 0.9598 -0.0000
vn -0.0000 0.9598 -0.2807
vn -0.2807 0.9598 -0.0000
vn -0.0000 0.9598 0.2807
vn 0.4555 -0.0001 -0.8902
vn 0.4556 0.6293 -0.6296
vn 0.4557 -0.0001 -0.8901
vn 0.4554 0.6296 -0.6294
vn 0.4555 0.8903 -0.0000
vn 0.4558 0.6293 0.6295
vn 0.4554 0.8903 -0.0000
vn 0.4555 -0.0001 0.8902
vn 0.4556 0.6293 0.6296
vn 0.4556 -0.6294 0.6296
vn 0.4558 -0.0001 0.8901
vn 0.4555 -0.6296 0.6294
vn 0.4557 -0.8902 -0.0000
vn 0.4555 -0.6296 -0.6294
vn 0.4557 -0.8901 -0.0000
vn 0.4556 -0.6294 -0.6296
vn 0.8056 -0.2269 0.5473
vn 0.8054 -0.2269 0.5475
vn 0.8054 -0.2269 0.5477
vn 0.8056 -0.5473 0.2269
vn 0.8054 -0.5475 0.2269
vn 0.8057 -0.5472 0.2269
vn 0.8056 -0.5473 -0.2269
vn 0.8054 -0.5475 -0.2269
vn 0.8054 -0.5476 -0.2269
vn 0.8056 -0.2269 -0.5473
vn 0.8054 -0.2269 -0.5475
vn 0.8057 -0.2270 -0.5471
vn 0.8056 0.2269 -0.5473
vn 0.8054 0.2269 -0.5476
vn 0.8053 0.2269 -0.5477
vn 0.8054 0.5477 -0.2268
vn 0.8053 0.5478 -0.2266
vn 0.8053 0.5477 -0.2269
vn 0.8054 0.5476 0.2268
vn 0.8053 0.5478 0.2266
vn 0.8056 0.2269 0.5473
vn 0.8054 0.2269 0.5476
vn 0.8057 0.2270 0.5471
vn -0.0000 -0.3828 0.9238
vn -0.0000 -0.3827 0.9239
vn -0.0000 -0.9237 0.3831
vn -0.0000 -0.9237 -0.3831
vn -0.0000 -0.9238 -0.3828
vn -0.0000 -0.9239 -0.3827
vn -0.0000 -0.3828 -0.9238
vn -0.0000 -0.3831 -0.9237
vn -0.0000 0.3827 -0.9239
vn -0.0000 0.3831 -0.9237
vn -0.0000 0.9237 -0.3831
vn -0.0000 0.9237 0.3831
vn -0.0000 0.3827 0.9239
vn -0.0000 0.3831 0.9237
vn 0.4555 0.0001 -0.8902
vn 0.4556 0.6294 -0.6295
vn 0.4557 0.0001 -0.8901
vn 0.4555 0.6296 -0.6294
vn 0.4557 0.8902 -0.0000
vn 0.4555 0.6296 0.6294
vn 0.4557 0.8901 -0.0000
vn 0.4555 0.0001 0.8902
vn 0.4556 0.6294 0.6295
vn 0.4556 -0.6293 0.6296
vn 0.4558 0.0001 0.8901
vn 0.4554 -0.6296 0.6294
vn 0.4555 -0.8903 -0.0000
vn 0.4554 -0.6296 -0.6294
vn 0.4554 -0.8903 -0.0000
vn 0.4556 -0.6293 -0.6296
vn 0.8054 -0.2269 0.5476
vn 0.8053 -0.2269 0.5477
vn 0.8053 -0.5478 0.2268
vn 0.8053 -0.5478 0.2266
vn 0.8054 -0.5477 0.2266
vn 0.8054 -0.5477 -0.2268
vn 0.8053 -0.5478 -0.2266
vn 0.8054 -0.2269 -0.5476
vn 0.8052 0.5479 -0.2267
vn 0.8053 0.5478 -0.2268
vn 0.8053 0.5477 -0.2268
vn 0.8052 0.5479 0.2266
vn 0.8054 0.5477 0.2264
vn 0.8053 0.2269 0.5477
vn 0.8053 0.2269 0.5478
vn -0.0000 -0.3831 0.9237
vn -0.0000 -0.9238 0.3828
vn -0.0000 -0.3827 -0.9239
vn -0.0000 0.9240 -0.3824
vn -0.0000 0.9240 -0.3825
vn -0.0000 0.9240 0.3825
vn -0.0000 0.9240 0.3823
vn 0.4555 0.6295 -0.6295
vn 0.4554 -0.0000 -0.8903
vn 0.4557 -0.0000 -0.8901
vn 0.4552 0.6296 -0.6296
vn 0.4555 0.6295 0.6295
vn 0.4553 0.8903 -0.0000
vn 0.4554 -0.0000 0.8903
vn 0.4552 0.6296 0.6296
vn 0.4555 -0.6295 0.6295
vn 0.4553 -0.0000 0.8903
vn 0.4552 -0.6296 0.6296
vn 0.4555 -0.6295 -0.6295
vn 0.4556 -0.6294 -0.6294
vn 0.8055 -0.5475 0.2269
vn 0.8055 -0.5475 -0.2269
vn 0.8057 -0.2270 -0.5472
vn 0.8054 0.2269 -0.5475
vn 0.8056 0.5473 -0.2269
vn 0.8054 0.5475 -0.2269
vn 0.8057 0.5472 -0.2269
vn 0.8056 0.5473 0.2269
vn 0.8054 0.5475 0.2269
vn 0.8054 0.5476 0.2269
vn 0.8054 0.2269 0.5475
vn 0.8057 0.2269 0.5471
vn -0.0000 0.9238 -0.3828
vn 0.4554 0.6297 -0.6294
vn 0.4555 0.8902 -0.0000
vn 0.4554 0.6297 0.6294
vn 0.4557 -0.6293 0.6296
vn 0.8053 -0.2271 0.5476
vn 0.8053 -0.5477 0.2269
vn 0.8054 -0.5477 0.2268
vn 0.8053 -0.5477 0.2268
vn 0.8054 -0.5476 -0.2267
vn 0.8054 -0.5476 -0.2268
vn 0.8053 -0.2271 -0.5476
vn 0.8051 0.5480 -0.2269
vn 0.8050 0.5482 -0.2270
vn 0.8052 0.5479 0.2267
vn 0.8053 0.5477 0.2268
vn -0.0000 -0.3826 0.9239
vn -0.0000 -0.3826 -0.9239
vn -0.0000 0.9239 -0.3826
vn -0.0000 0.9239 0.3826
vn 0.4556 -0.0001 -0.8902
vn 0.4557 -0.0001 0.8902
vn 0.4556 -0.0001 0.8902
vn 0.4556 -0.6294 0.6294
vn -0.0000 0.3826 -0.9239
vn -0.0000 0.3826 0.9239
vn 0.4555 0.0001 -0.8903
vn 0.4554 0.0002 -0.8903
vn 0.4557 0.6293 -0.6295
vn 0.4557 0.8901 -0.0001
vn 0.4557 0.6294 0.6295
vn 0.4555 0.0001 0.8903
vn 0.4554 -0.6294 0.6296
vn 0.4554 0.0002 0.8903
vn 0.4555 -0.8902 -0.0001
vn 0.4556 -0.6296 0.6293
vn 0.4556 -0.6296 -0.6294
vn 0.4555 -0.8903 -0.0001
vn 0.4554 -0.6294 -0.6297
vn 0.8053 -0.2268 0.5478
vn 0.8053 -0.2266 0.5479
vn 0.8053 -0.2268 0.5477
vn 0.8053 -0.5477 -0.2269
vn 0.8053 -0.2266 -0.5479
vn 0.8053 -0.2269 -0.5477
vn 0.8052 -0.2269 -0.5478
vn 0.8053 0.2266 -0.5479
vn 0.8052 0.2269 -0.5479
vn 0.8053 0.5478 -0.2269
vn 0.8053 0.2268 0.5478
vn 0.8054 0.2268 0.5476
vn -0.0000 -0.9239 -0.3826
vn -0.0000 -0.3823 -0.9240
vn -0.0000 0.3823 -0.9240
vn -0.0000 0.3825 -0.9240
vn -0.0000 0.3828 0.9238
vn 0.4554 0.0001 -0.8903
vn 0.4555 0.8902 -0.0001
vn 0.4553 0.6296 -0.6296
vn 0.4554 0.8903 -0.0001
vn 0.4557 0.6295 0.6294
vn 0.4554 0.0001 0.8903
vn 0.4557 -0.6294 0.6294
vn 0.4555 -0.6294 -0.6296
vn 0.4554 -0.8903 -0.0001
vn 0.4554 -0.6295 -0.6296
vn 0.8051 -0.2271 0.5480
vn 0.8054 -0.2268 0.5476
vn 0.8054 -0.5476 0.2268
vn 0.8053 -0.2268 -0.5477
vn 0.8051 -0.2271 -0.5479
vn 0.8054 0.2268 -0.5477
vn 0.8054 0.5476 -0.2267
vn 0.8054 0.5476 -0.2268
vn 0.8053 0.5478 0.2268
vn 0.8053 0.5477 0.2269
vn 0.8051 0.2269 0.5481
vn 0.8054 0.2268 0.5477
vn 0.8055 0.2267 0.5475
vn -0.0000 -0.3825 -0.9240
vn -0.0000 0.3828 -0.9238
vn 0.4554 0.6294 -0.6297
vn 0.4555 -0.0000 -0.8903
vn 0.4556 0.6296 -0.6294
vn 0.4556 0.6296 0.6293
vn 0.4554 0.6294 0.6296
vn 0.4555 -0.0000 0.8902
vn 0.4557 -0.8901 -0.0001
vn 0.8052 -0.2269 -0.5479
vn 0.8052 -0.2270 -0.5479
vn 0.8053 0.2268 -0.5477
vn 0.8055 0.2264 -0.5477
vn 0.8053 0.2266 0.5478
vn 0.8055 0.2263 0.5476
vn -0.0000 -0.9239 0.3826
vn 0.4553 0.8903 0.0001
vn 0.4557 -0.6294 -0.6295
vn 0.8053 -0.5477 0.2270
vn 0.8053 -0.5478 0.2269
vn 0.8051 -0.5481 -0.2269
vn 0.8053 -0.5477 -0.2268
vn 0.8049 -0.2270 -0.5482
vn 0.8053 -0.2268 -0.5478
vn 0.8052 0.2265 -0.5480
vn 0.8054 0.2268 -0.5476
vn 0.8053 0.5478 -0.2267
vn 0.8053 0.2268 0.5477
vn -0.0000 0.9239 -0.3827
vn 0.4555 0.6294 -0.6296
vn 0.4554 -0.0001 -0.8903
vn 0.4557 0.6294 -0.6295
vn 0.4557 0.6294 0.6294
vn 0.4556 -0.6294 0.6295
vn 0.4554 -0.0001 0.8903
vn 0.4557 -0.6294 0.6295
vn 0.4558 -0.8901 -0.0001
vn 0.4557 -0.6293 -0.6295
vn 0.8053 -0.2266 0.5478
vn 0.8053 -0.2269 0.5478
vn 0.8053 -0.2269 -0.5478
vn -0.0000 0.9238 0.3828
vn 0.4557 0.6294 -0.6294
vn 0.4554 0.6295 0.6295
vn 0.4554 -0.6296 0.6295
vn 0.4556 -0.8902 0.0001
vn 0.4552 -0.6298 0.6294
vn 0.4557 -0.8902 0.0001
vn 0.4556 -0.6295 -0.6294
vn 0.8055 -0.2269 0.5475
vn 0.8057 -0.2269 -0.5472
vn 0.8054 0.5476 -0.2269
vn 0.8055 0.2269 0.5475
vn 0.8057 0.2269 0.5472
vn 0.4557 0.6295 -0.6293
vn 0.4555 0.8903 -0.0001
vn 0.4556 0.6295 -0.6294
vn 0.4554 0.8903 -0.0002
vn 0.4554 -0.6295 0.6296
vn 0.4554 -0.8903 -0.0002
vn 0.4557 -0.6295 -0.6294
vn 0.8054 -0.2271 0.5476
vn 0.8053 -0.5478 -0.2269
vn 0.8053 0.2269 -0.5478
vn 0.8054 0.2269 -0.5477
vn 0.8052 0.5479 -0.2268
vn 0.4557 -0.0000 -0.8902
vn 0.4556 0.8902 0.0001
vn 0.4554 0.6296 0.6295
vn 0.4552 0.6298 0.6294
vn 0.4555 -0.6294 0.6295
vn 0.8055 -0.2268 -0.5476
vn 0.8051 -0.5480 0.2270
vn 0.8053 -0.5478 -0.2268
vn 0.8052 0.5479 -0.2266
vn 0.8049 0.5482 -0.2270
vn 0.8055 0.5477 0.2264
vn 0.4557 0.6295 -0.6294
vn 0.4556 0.6295 -0.6295
vn 0.4554 0.6296 0.6294
vn 0.4554 0.6295 0.6296
vn 0.4554 -0.6295 0.6295
vn 0.4557 -0.6294 -0.6294
vn 0.8052 0.5479 -0.2269
vn 0.8054 0.5477 0.2268
vn 0.4557 0.8901 0.0001
vn 0.4557 0.6293 0.6295
vn 0.4556 0.6294 0.6296
vn 0.4554 -0.6294 0.6297
vn 0.4555 -0.8902 0.0001
vn 0.4556 -0.6295 0.6294
vn 0.4556 -0.6296 -0.6293
vn 0.4558 -0.8901 0.0001
vn 0.4554 -0.6294 -0.6296
vn 0.8052 -0.2267 0.5479
vn 0.8052 -0.2269 0.5479
vn 0.8054 -0.2264 0.5477
vn 0.8054 -0.5476 0.2269
vn 0.8052 -0.5478 0.2269
vn 0.8053 -0.5476 -0.2271
vn 0.8054 -0.5476 -0.2271
vn 0.8054 -0.2268 -0.5477
vn 0.8053 0.5476 -0.2271
vn 0.8053 0.5478 0.2269
vn 0.8054 0.5477 0.2269
vn 0.8052 0.2267 0.5479
vn 0.8052 0.2269 0.5479
vn -0.0000 0.3823 0.9240
vn -0.0000 0.3825 0.9240
vn 0.4555 0.8902 0.0001
vn 0.4554 0.8903 0.0001
vn 0.4555 -0.6294 0.6296
vn 0.4554 -0.8903 0.0001
vn 0.8055 -0.2267 0.5476
vn 0.8054 -0.2268 -0.5476
vn 0.8051 0.5479 -0.2271
vn 0.8053 0.5477 0.2270
vn 0.8054 0.2267 0.5477
vn -0.0000 -0.3825 0.9240
vn -0.0000 0.9239 0.3827
vn 0.4554 0.6294 -0.6296
vn 0.4556 0.6296 -0.6293
vn 0.4556 0.6295 0.6294
vn 0.4554 0.6294 0.6297
vn 0.4555 -0.0000 0.8903
vn 0.4557 -0.8901 0.0001
vn 0.8051 -0.5479 -0.2271
vn 0.8052 0.2265 0.5481
vn -0.0000 -0.3823 0.9240
vn -0.0000 0.9239 0.3825
vn 0.4555 0.6294 0.6296
vn 0.4557 -0.6293 0.6295
vn 0.4556 -0.6294 -0.6295
vn 0.8054 -0.2267 0.5477
vn -0.0000 -0.9254 0.3790
vn 0.8057 -0.2269 0.5471
vn 0.8057 -0.5472 -0.2269
vn 0.8054 -0.2269 -0.5477
vn 0.8057 0.2270 -0.5471
vn 0.8055 0.5476 0.2263
vn 0.8054 0.5477 -0.2264
vn 0.8055 0.2269 -0.5474
vn 0.8057 0.5472 0.2269
vn 0.8052 -0.5478 -0.2269
vn 0.8057 0.2269 -0.5471
vn 0.8054 -0.2268 0.5477
vn 0.8055 -0.2264 -0.5477
vn 0.8055 0.2268 -0.5475
vn 0.8054 -0.2266 0.5476
vn 0.8055 -0.2263 0.5476
vn 0.8055 0.5475 -0.2268
vn 0.8054 0.5477 0.2266
vn -0.0000 -0.3820 -0.9241
vn 0.8057 -0.2269 0.5472
vn 0.8057 0.2269 -0.5472
vn 0.8052 -0.5478 0.2270
vn 0.8052 0.5478 -0.2268
vn 0.8050 0.5482 0.2270
vn 0.8054 -0.5477 -0.2267
vn 0.8053 0.5477 -0.2271
vn 0.8052 0.5478 0.2269
vn 0.8055 0.2264 0.5477
vn 0.8054 0.5477 -0.2267
vn 0.8054 0.2264 0.5477
vt 0.999500 0.922400
vt 0.000500 0.881500
vt 0.999500 0.881500
vt 0.000500 0.922400
vt 0.000500 0.999500
vt 0.999500 0.846700
vt 0.999500 0.999500
vt 0.846700 0.881500
vt 0.153300 0.922400
vt 0.999500 0.721500
vt 0.000500 0.680700
vt 0.999500 0.680700
vt 0.000500 0.721500
vt 0.846700 0.680700
vt 0.153300 0.721500
vt 0.999500 0.520600
vt 0.000500 0.479800
vt 0.999500 0.479800
vt 0.000500 0.520600
vt 0.846700 0.479800
vt 0.153300 0.520600
vt 0.999500 0.319700
vt 0.000500 0.278900
vt 0.999500 0.278900
vt 0.000500 0.319700
vt 0.846700 0.278900
vt 0.153300 0.319700
vt 0.999500 0.118900
vt 0.000500 0.078000
vt 0.999500 0.078000
vt 0.000500 0.118900
vt 0.846700 0.078000
vt 0.153300 0.118900
vt 0.908600 0.999500
vt 0.988500 0.000500
vt 0.988500 0.999500
vt 0.011500 0.000500
vt 0.091400 0.999500
vt 0.011500 0.999500
vt 0.159300 0.000500
vt 0.312000 0.999500
vt 0.159300 0.999500
vt 0.908600 0.840700
vt 0.988500 0.688000
vt 0.988500 0.840700
vt 0.840700 0.999500
vt 0.688000 0.000500
vt 0.840700 0.000500
vt 0.011500 0.840700
vt 0.091400 0.688000
vt 0.091400 0.840700
vt 0.618300 0.999500
vt 0.698200 0.000500
vt 0.698200 0.999500
vt 0.301800 0.000500
vt 0.381700 0.999500
vt 0.301800 0.999500
vt 0.312100 0.999500
vt 0.618300 0.840700
vt 0.698200 0.687900
vt 0.698200 0.840700
vt 0.687900 0.000500
vt 0.301800 0.840700
vt 0.381700 0.687900
vt 0.381700 0.840700
vt 0.292100 0.999500
vt 0.372000 0.000500
vt 0.372000 0.999500
vt 0.628000 0.000500
vt 0.707900 0.999500
vt 0.628000 0.999500
vt 0.292100 0.840700
vt 0.372000 0.687900
vt 0.372000 0.840700
vt 0.628000 0.840700
vt 0.707900 0.687900
vt 0.707900 0.840700
vt 0.001000 0.999500
vt 0.080900 0.000500
vt 0.080900 0.999500
vt 0.312100 0.420300
vt 0.312100 0.439500
vt 0.001000 0.840700
vt 0.080900 0.687900
vt 0.080900 0.840700
vt 0.687900 0.439500
vt 0.687900 0.420300
vt 0.919100 0.840700
vt 0.999000 0.687900
vt 0.999000 0.840700
vt 0.999000 0.000500
vt 0.919100 0.420300
vt 0.919100 0.000500
vt 0.919100 0.999500
vt 0.999000 0.439500
vt 0.999000 0.999500
vt 0.999000 0.420300
vt 0.919100 0.439500
vt 0.999500 0.439500
vt 0.000500 0.420300
vt 0.001000 0.687900
vt 0.071900 0.619200
vt 0.001000 0.000500
vt 0.010000 0.619200
vt 0.010000 0.069200
vt 0.071900 0.069200
vt 0.919100 0.687900
vt 0.990000 0.619200
vt 0.928100 0.619200
vt 0.928100 0.069200
vt 0.990000 0.069200
vt 0.990000 0.420300
vt 0.937100 0.424000
vt 0.928100 0.420300
vt 0.019000 0.138000
vt 0.019000 0.550500
vt 0.010000 0.420300
vt 0.062900 0.424000
vt 0.019000 0.424000
vt 0.062900 0.138000
vt 0.990000 0.439500
vt 0.937100 0.435800
vt 0.981000 0.435800
vt 0.937100 0.138000
vt 0.937100 0.550500
vt 0.010000 0.439500
vt 0.062900 0.435800
vt 0.071900 0.439500
vt 0.981000 0.138000
vt 0.972000 0.426600
vt 0.946000 0.426600
vt 0.028000 0.481700
vt 0.028000 0.426600
vt 0.062900 0.550500
vt 0.054000 0.206700
vt 0.972000 0.433200
vt 0.946000 0.206700
vt 0.946000 0.481700
vt 0.028000 0.433200
vt 0.054000 0.433200
vt 0.981000 0.550500
vt 0.972000 0.206700
vt 0.946000 0.433200
vt 0.793300 0.426600
vt 0.518300 0.433200
vt 0.518300 0.426600
vt 0.054000 0.426600
vt 0.481700 0.426600
vt 0.206700 0.433200
vt 0.206700 0.426600
vt 0.080200 0.903600
vt 0.063800 0.911300
vt 0.070000 0.903600
vt 0.071000 0.915000
vt 0.048800 0.914400
vt 0.026600 0.915000
vt 0.048800 0.919700
vt 0.017400 0.903600
vt 0.033900 0.911300
vt 0.033900 0.896000
vt 0.027700 0.903600
vt 0.026600 0.892300
vt 0.048800 0.892800
vt 0.071000 0.892300
vt 0.048800 0.887600
vt 0.063800 0.896000
vt 0.973400 0.892300
vt 0.919800 0.903600
vt 0.951200 0.887600
vt 0.982600 0.903600
vt 0.951200 0.919700
vt 0.929000 0.915000
vt 0.929000 0.892300
vt 0.056200 0.907400
vt 0.041500 0.907400
vt 0.056200 0.899900
vt 0.041500 0.899900
vt 0.048800 0.898300
vt 0.059200 0.903600
vt 0.058400 0.908500
vt 0.062400 0.903600
vt 0.048800 0.910600
vt 0.039200 0.908500
vt 0.035200 0.903600
vt 0.039200 0.898700
vt 0.058400 0.898700
vt 0.048800 0.896700
vt 0.048800 0.908900
vt 0.038500 0.903600
vt 0.447200 0.907400
vt 0.386100 0.903600
vt 0.447200 0.903600
vt 0.951200 0.552800
vt 0.943800 0.613900
vt 0.943800 0.552800
vt 0.958500 0.552800
vt 0.951200 0.613900
vt 0.552800 0.903600
vt 0.613900 0.907400
vt 0.552800 0.907400
vt 0.552800 0.899900
vt 0.613900 0.903600
vt 0.048800 0.552800
vt 0.041500 0.613900
vt 0.041500 0.552800
vt 0.056200 0.552800
vt 0.048800 0.613900
vt 0.386100 0.899900
vt 0.447200 0.899900
vt 0.080200 0.700300
vt 0.063800 0.708000
vt 0.070000 0.700300
vt 0.071000 0.711700
vt 0.048800 0.711200
vt 0.026600 0.711700
vt 0.048800 0.716400
vt 0.017400 0.700300
vt 0.033900 0.708000
vt 0.033900 0.692700
vt 0.027700 0.700300
vt 0.026600 0.689000
vt 0.048800 0.689500
vt 0.071000 0.689000
vt 0.048800 0.684300
vt 0.063800 0.692700
vt 0.951200 0.684300
vt 0.982600 0.700300
vt 0.919800 0.700300
vt 0.973400 0.711700
vt 0.951200 0.716400
vt 0.929000 0.711700
vt 0.929000 0.689000
vt 0.056200 0.704100
vt 0.041500 0.704100
vt 0.056200 0.696600
vt 0.041500 0.696600
vt 0.048800 0.695100
vt 0.059200 0.700300
vt 0.062400 0.700300
vt 0.058400 0.705300
vt 0.039200 0.705300
vt 0.048800 0.707300
vt 0.035200 0.700300
vt 0.039200 0.695400
vt 0.048800 0.693400
vt 0.058400 0.695400
vt 0.048800 0.705600
vt 0.038500 0.700300
vt 0.447200 0.704100
vt 0.386100 0.700300
vt 0.447200 0.700300
vt 0.552800 0.700300
vt 0.613900 0.704100
vt 0.552800 0.704100
vt 0.552800 0.696600
vt 0.613900 0.700300
vt 0.386100 0.696600
vt 0.447200 0.696600
vt 0.071000 0.512000
vt 0.070000 0.500700
vt 0.080200 0.500700
vt 0.048800 0.511500
vt 0.063800 0.508300
vt 0.026600 0.512000
vt 0.048800 0.516700
vt 0.027700 0.500700
vt 0.033900 0.508300
vt 0.026600 0.489400
vt 0.017400 0.500700
vt 0.048800 0.489900
vt 0.033900 0.493100
vt 0.071000 0.489400
vt 0.048800 0.484700
vt 0.063800 0.493100
vt 0.973400 0.489400
vt 0.919800 0.500700
vt 0.951200 0.484700
vt 0.973400 0.512000
vt 0.982600 0.500700
vt 0.951200 0.516700
vt 0.929000 0.512000
vt 0.929000 0.489400
vt 0.056200 0.504400
vt 0.041500 0.504400
vt 0.056200 0.497000
vt 0.041500 0.497000
vt 0.048800 0.495400
vt 0.059200 0.500700
vt 0.058400 0.505600
vt 0.062400 0.500700
vt 0.039200 0.505600
vt 0.048800 0.507600
vt 0.039200 0.495800
vt 0.035200 0.500700
vt 0.058400 0.495800
vt 0.048800 0.493700
vt 0.048800 0.506000
vt 0.038500 0.500700
vt 0.447200 0.504400
vt 0.386100 0.500700
vt 0.447200 0.500700
vt 0.552800 0.500700
vt 0.613900 0.504400
vt 0.552800 0.504400
vt 0.552800 0.497000
vt 0.613900 0.500700
vt 0.386100 0.497000
vt 0.447200 0.497000
vt 0.080200 0.301000
vt 0.063800 0.308700
vt 0.070000 0.301000
vt 0.071000 0.312400
vt 0.048800 0.311900
vt 0.026600 0.312400
vt 0.048800 0.317100
vt 0.017400 0.301000
vt 0.033900 0.308700
vt 0.033900 0.293400
vt 0.027700 0.301000
vt 0.026600 0.289700
vt 0.048800 0.290200
vt 0.071000 0.289700
vt 0.048800 0.285000
vt 0.063800 0.293400
vt 0.951200 0.285000
vt 0.982600 0.301000
vt 0.919800 0.301000
vt 0.951200 0.317100
vt 0.929000 0.312400
vt 0.929000 0.289700
vt 0.056200 0.304800
vt 0.041500 0.304800
vt 0.056200 0.297300
vt 0.041500 0.297300
vt 0.048800 0.295700
vt 0.059200 0.301000
vt 0.062400 0.301000
vt 0.048800 0.308000
vt 0.058400 0.305900
vt 0.035200 0.301000
vt 0.039200 0.305900
vt 0.039200 0.296100
vt 0.048800 0.294100
vt 0.058400 0.296100
vt 0.048800 0.306300
vt 0.038500 0.301000
vt 0.447200 0.304800
vt 0.386100 0.301000
vt 0.447200 0.301000
vt 0.552800 0.301000
vt 0.613900 0.304800
vt 0.552800 0.304800
vt 0.552800 0.297300
vt 0.613900 0.301000
vt 0.386100 0.297300
vt 0.447200 0.297300
vt 0.080200 0.098400
vt 0.063800 0.106000
vt 0.070000 0.098400
vt 0.071000 0.109700
vt 0.048800 0.109200
vt 0.026600 0.109700
vt 0.048800 0.114400
vt 0.017400 0.098400
vt 0.033900 0.106000
vt 0.026600 0.087000
vt 0.027700 0.098400
vt 0.048800 0.087500
vt 0.033900 0.090700
vt 0.071000 0.087000
vt 0.048800 0.082300
vt 0.063800 0.090700
vt 0.973400 0.087000
vt 0.919800 0.098400
vt 0.951200 0.082300
vt 0.973400 0.109700
vt 0.982600 0.098400
vt 0.951200 0.114400
vt 0.929000 0.109700
vt 0.929000 0.087000
vt 0.056200 0.102100
vt 0.041500 0.102100
vt 0.056200 0.094600
vt 0.041500 0.094600
vt 0.048800 0.093100
vt 0.059200 0.098400
vt 0.062400 0.098400
vt 0.058400 0.103300
vt 0.039200 0.103300
vt 0.048800 0.105300
vt 0.035200 0.098400
vt 0.039200 0.093400
vt 0.058400 0.093400
vt 0.048800 0.091400
vt 0.048800 0.103600
vt 0.038500 0.098400
vt 0.447200 0.102100
vt 0.386100 0.098400
vt 0.447200 0.098400
vt 0.552800 0.098400
vt 0.613900 0.102100
vt 0.552800 0.102100
vt 0.552800 0.094600
vt 0.613900 0.098400
vt 0.386100 0.094600
vt 0.447200 0.094600
vt 0.373000 0.098400
vt 0.356600 0.106000
vt 0.362800 0.098400
vt 0.363800 0.109700
vt 0.341600 0.109200
vt 0.319400 0.109700
vt 0.341600 0.114400
vt 0.310200 0.098400
vt 0.326600 0.106000
vt 0.319400 0.087000
vt 0.320400 0.098400
vt 0.341600 0.082300
vt 0.326600 0.090700
vt 0.356600 0.090700
vt 0.341600 0.087500
vt 0.363800 0.087000
vt 0.680600 0.087000
vt 0.627000 0.098400
vt 0.658400 0.082300
vt 0.680600 0.109700
vt 0.689800 0.098400
vt 0.658400 0.114400
vt 0.636200 0.109700
vt 0.636200 0.087000
vt 0.348900 0.102100
vt 0.334300 0.102100
vt 0.348900 0.094600
vt 0.331300 0.098400
vt 0.334300 0.094600
vt 0.341600 0.093100
vt 0.352000 0.098400
vt 0.351200 0.103300
vt 0.355200 0.098400
vt 0.341600 0.105300
vt 0.332000 0.103300
vt 0.328000 0.098400
vt 0.332000 0.093400
vt 0.341600 0.091400
vt 0.351200 0.093400
vt 0.341600 0.103600
vt 0.658400 0.552800
vt 0.651100 0.613900
vt 0.651100 0.552800
vt 0.665700 0.552800
vt 0.658400 0.613900
vt 0.341600 0.552800
vt 0.334300 0.613900
vt 0.334300 0.552800
vt 0.348900 0.552800
vt 0.341600 0.613900
vt 0.373000 0.301000
vt 0.356600 0.308700
vt 0.362800 0.301000
vt 0.341600 0.317100
vt 0.363800 0.312400
vt 0.326600 0.308700
vt 0.341600 0.311900
vt 0.310200 0.301000
vt 0.319400 0.312400
vt 0.326600 0.293400
vt 0.320400 0.301000
vt 0.341600 0.285000
vt 0.319400 0.289700
vt 0.356600 0.293400
vt 0.341600 0.290200
vt 0.363800 0.289700
vt 0.658400 0.285000
vt 0.689800 0.301000
vt 0.627000 0.301000
vt 0.658400 0.317100
vt 0.636200 0.312400
vt 0.636200 0.289700
vt 0.348900 0.304800
vt 0.334300 0.304800
vt 0.348900 0.297300
vt 0.331300 0.301000
vt 0.334300 0.297300
vt 0.341600 0.295700
vt 0.352000 0.301000
vt 0.351200 0.305900
vt 0.355200 0.301000
vt 0.341600 0.308000
vt 0.328000 0.301000
vt 0.332000 0.305900
vt 0.341600 0.294100
vt 0.332000 0.296100
vt 0.351200 0.296100
vt 0.341600 0.306300
vt 0.363800 0.512000
vt 0.362800 0.500700
vt 0.373000 0.500700
vt 0.341600 0.516700
vt 0.356600 0.508300
vt 0.326600 0.508300
vt 0.341600 0.511500
vt 0.319400 0.512000
vt 0.320400 0.500700
vt 0.319400 0.489400
vt 0.310200 0.500700
vt 0.341600 0.484700
vt 0.326600 0.493100
vt 0.356600 0.493100
vt 0.341600 0.489900
vt 0.363800 0.489400
vt 0.680600 0.489400
vt 0.627000 0.500700
vt 0.658400 0.484700
vt 0.680600 0.512000
vt 0.689800 0.500700
vt 0.658400 0.516700
vt 0.636200 0.512000
vt 0.636200 0.489400
vt 0.348900 0.504400
vt 0.334300 0.504400
vt 0.348900 0.497000
vt 0.331300 0.500700
vt 0.334300 0.497000
vt 0.341600 0.495400
vt 0.352000 0.500700
vt 0.351200 0.505600
vt 0.355200 0.500700
vt 0.341600 0.507600
vt 0.332000 0.505600
vt 0.328000 0.500700
vt 0.332000 0.495800
vt 0.341600 0.493700
vt 0.351200 0.495800
vt 0.341600 0.506000
vt 0.373000 0.700300
vt 0.356600 0.708000
vt 0.362800 0.700300
vt 0.363800 0.711700
vt 0.341600 0.711200
vt 0.319400 0.711700
vt 0.341600 0.716400
vt 0.310200 0.700300
vt 0.326600 0.708000
vt 0.326600 0.692700
vt 0.320400 0.700300
vt 0.341600 0.684300
vt 0.319400 0.689000
vt 0.356600 0.692700
vt 0.341600 0.689500
vt 0.363800 0.689000
vt 0.658400 0.684300
vt 0.689800 0.700300
vt 0.627000 0.700300
vt 0.680600 0.711700
vt 0.658400 0.716400
vt 0.636200 0.711700
vt 0.636200 0.689000
vt 0.348900 0.704100
vt 0.334300 0.704100
vt 0.348900 0.696600
vt 0.331300 0.700300
vt 0.334300 0.696600
vt 0.341600 0.695100
vt 0.352000 0.700300
vt 0.351200 0.705300
vt 0.355200 0.700300
vt 0.332000 0.705300
vt 0.341600 0.707300
vt 0.328000 0.700300
vt 0.341600 0.693400
vt 0.332000 0.695400
vt 0.351200 0.695400
vt 0.341600 0.705600
vt 0.373000 0.903600
vt 0.356600 0.911300
vt 0.362800 0.903600
vt 0.341600 0.919700
vt 0.363800 0.915000
vt 0.326600 0.911300
vt 0.341600 0.914400
vt 0.310200 0.903600
vt 0.319400 0.915000
vt 0.326600 0.896000
vt 0.320400 0.903600
vt 0.319400 0.892300
vt 0.341600 0.892800
vt 0.363800 0.892300
vt 0.341600 0.887600
vt 0.356600 0.896000
vt 0.680600 0.892300
vt 0.627000 0.903600
vt 0.658400 0.887600
vt 0.689800 0.903600
vt 0.658400 0.919700
vt 0.636200 0.915000
vt 0.636200 0.892300
vt 0.348900 0.907400
vt 0.334300 0.907400
vt 0.348900 0.899900
vt 0.331300 0.903600
vt 0.334300 0.899900
vt 0.341600 0.898300
vt 0.352000 0.903600
vt 0.351200 0.908500
vt 0.355200 0.903600
vt 0.341600 0.910600
vt 0.328000 0.903600
vt 0.332000 0.908500
vt 0.332000 0.898700
vt 0.351200 0.898700
vt 0.341600 0.896700
vt 0.341600 0.908900
vt 0.684400 0.109700
vt 0.683300 0.098400
vt 0.693600 0.098400
vt 0.662200 0.109200
vt 0.677100 0.106000
vt 0.640000 0.109700
vt 0.662200 0.114400
vt 0.630800 0.098400
vt 0.647200 0.106000
vt 0.640000 0.087000
vt 0.641000 0.098400
vt 0.662200 0.087500
vt 0.647200 0.090700
vt 0.662200 0.082300
vt 0.677100 0.090700
vt 0.684400 0.087000
vt 0.360000 0.087000
vt 0.306400 0.098400
vt 0.337800 0.082300
vt 0.360000 0.109700
vt 0.369200 0.098400
vt 0.337800 0.114400
vt 0.315600 0.109700
vt 0.315600 0.087000
vt 0.669500 0.102100
vt 0.654900 0.102100
vt 0.669500 0.094600
vt 0.654900 0.094600
vt 0.662200 0.093100
vt 0.672500 0.098400
vt 0.675800 0.098400
vt 0.662200 0.105300
vt 0.671800 0.103300
vt 0.652600 0.103300
vt 0.648600 0.098400
vt 0.652600 0.093400
vt 0.662200 0.091400
vt 0.671800 0.093400
vt 0.662200 0.103600
vt 0.651800 0.098400
vt 0.337800 0.552800
vt 0.330500 0.613900
vt 0.330500 0.552800
vt 0.345100 0.552800
vt 0.337800 0.613900
vt 0.662200 0.552800
vt 0.654900 0.613900
vt 0.654900 0.552800
vt 0.669500 0.552800
vt 0.662200 0.613900
vt 0.684400 0.312400
vt 0.683300 0.301000
vt 0.693600 0.301000
vt 0.662200 0.317100
vt 0.677100 0.308700
vt 0.640000 0.312400
vt 0.662200 0.311900
vt 0.630800 0.301000
vt 0.647200 0.308700
vt 0.647200 0.293400
vt 0.641000 0.301000
vt 0.640000 0.289700
vt 0.662200 0.290200
vt 0.662200 0.285000
vt 0.677100 0.293400
vt 0.684400 0.289700
vt 0.337800 0.285000
vt 0.369200 0.301000
vt 0.306400 0.301000
vt 0.337800 0.317100
vt 0.315600 0.312400
vt 0.315600 0.289700
vt 0.669500 0.304800
vt 0.654900 0.304800
vt 0.669500 0.297300
vt 0.654900 0.297300
vt 0.662200 0.295700
vt 0.672500 0.301000
vt 0.671800 0.305900
vt 0.675800 0.301000
vt 0.662200 0.308000
vt 0.648600 0.301000
vt 0.652600 0.305900
vt 0.662200 0.294100
vt 0.652600 0.296100
vt 0.671800 0.296100
vt 0.662200 0.306300
vt 0.651800 0.301000
vt 0.684400 0.512000
vt 0.683300 0.500700
vt 0.693600 0.500700
vt 0.662200 0.516700
vt 0.677100 0.508300
vt 0.640000 0.512000
vt 0.662200 0.511500
vt 0.641000 0.500700
vt 0.647200 0.508300
vt 0.640000 0.489400
vt 0.630800 0.500700
vt 0.662200 0.489900
vt 0.647200 0.493100
vt 0.662200 0.484700
vt 0.677100 0.493100
vt 0.684400 0.489400
vt 0.360000 0.489400
vt 0.306400 0.500700
vt 0.337800 0.484700
vt 0.360000 0.512000
vt 0.369200 0.500700
vt 0.337800 0.516700
vt 0.315600 0.512000
vt 0.315600 0.489400
vt 0.669500 0.504400
vt 0.654900 0.504400
vt 0.669500 0.497000
vt 0.654900 0.497000
vt 0.662200 0.495400
vt 0.672500 0.500700
vt 0.671800 0.505600
vt 0.675800 0.500700
vt 0.662200 0.507600
vt 0.652600 0.505600
vt 0.648600 0.500700
vt 0.652600 0.495800
vt 0.662200 0.493700
vt 0.671800 0.495800
vt 0.662200 0.506000
vt 0.651800 0.500700
vt 0.684400 0.711700
vt 0.683300 0.700300
vt 0.693600 0.700300
vt 0.662200 0.711200
vt 0.677100 0.708000
vt 0.640000 0.711700
vt 0.662200 0.716400
vt 0.630800 0.700300
vt 0.647200 0.708000
vt 0.647200 0.692700
vt 0.641000 0.700300
vt 0.640000 0.689000
vt 0.662200 0.689500
vt 0.662200 0.684300
vt 0.677100 0.692700
vt 0.684400 0.689000
vt 0.337800 0.684300
vt 0.369200 0.700300
vt 0.306400 0.700300
vt 0.360000 0.711700
vt 0.337800 0.716400
vt 0.315600 0.711700
vt 0.315600 0.689000
vt 0.669500 0.704100
vt 0.654900 0.704100
vt 0.669500 0.696600
vt 0.654900 0.696600
vt 0.662200 0.695100
vt 0.672500 0.700300
vt 0.675800 0.700300
vt 0.671800 0.705300
vt 0.652600 0.705300
vt 0.662200 0.707300
vt 0.648600 0.700300
vt 0.662200 0.693400
vt 0.652600 0.695400
vt 0.671800 0.695400
vt 0.662200 0.705600
vt 0.651800 0.700300
vt 0.684400 0.915000
vt 0.683300 0.903600
vt 0.693600 0.903600
vt 0.662200 0.919700
vt 0.677100 0.911300
vt 0.640000 0.915000
vt 0.662200 0.914400
vt 0.630800 0.903600
vt 0.647200 0.911300
vt 0.647200 0.896000
vt 0.641000 0.903600
vt 0.640000 0.892300
vt 0.662200 0.892800
vt 0.684400 0.892300
vt 0.662200 0.887600
vt 0.677100 0.896000
vt 0.360000 0.892300
vt 0.306400 0.903600
vt 0.337800 0.887600
vt 0.369200 0.903600
vt 0.337800 0.919700
vt 0.315600 0.915000
vt 0.315600 0.892300
vt 0.669500 0.907400
vt 0.654900 0.907400
vt 0.669500 0.899900
vt 0.654900 0.899900
vt 0.662200 0.898300
vt 0.672500 0.903600
vt 0.671800 0.908500
vt 0.675800 0.903600
vt 0.662200 0.910600
vt 0.648600 0.903600
vt 0.652600 0.908500
vt 0.652600 0.898700
vt 0.671800 0.898700
vt 0.662200 0.896700
vt 0.662200 0.908900
vt 0.651800 0.903600
vt 0.985800 0.098400
vt 0.969400 0.106000
vt 0.975600 0.098400
vt 0.976600 0.109700
vt 0.954400 0.109200
vt 0.932200 0.109700
vt 0.954400 0.114400
vt 0.923000 0.098400
vt 0.939400 0.106000
vt 0.932200 0.087000
vt 0.933200 0.098400
vt 0.954400 0.082300
vt 0.939400 0.090700
vt 0.969400 0.090700
vt 0.954400 0.087500
vt 0.976600 0.087000
vt 0.067800 0.087000
vt 0.014200 0.098400
vt 0.045600 0.082300
vt 0.067800 0.109700
vt 0.077000 0.098400
vt 0.045600 0.114400
vt 0.023400 0.109700
vt 0.023400 0.087000
vt 0.961700 0.102100
vt 0.947100 0.102100
vt 0.961700 0.094600
vt 0.947100 0.094600
vt 0.954400 0.093100
vt 0.964800 0.098400
vt 0.968000 0.098400
vt 0.964000 0.103300
vt 0.944800 0.103300
vt 0.954400 0.105300
vt 0.940800 0.098400
vt 0.954400 0.091400
vt 0.944800 0.093400
vt 0.964000 0.093400
vt 0.954400 0.103600
vt 0.944000 0.098400
vt 0.045600 0.552800
vt 0.038300 0.613900
vt 0.038300 0.552800
vt 0.052900 0.552800
vt 0.045600 0.613900
vt 0.954400 0.552800
vt 0.947100 0.613900
vt 0.947100 0.552800
vt 0.961700 0.552800
vt 0.954400 0.613900
vt 0.985800 0.301000
vt 0.969400 0.308700
vt 0.975600 0.301000
vt 0.954400 0.317100
vt 0.976600 0.312400
vt 0.939400 0.308700
vt 0.954400 0.311900
vt 0.923000 0.301000
vt 0.932200 0.312400
vt 0.939400 0.293400
vt 0.933200 0.301000
vt 0.954400 0.285000
vt 0.932200 0.289700
vt 0.969400 0.293400
vt 0.954400 0.290200
vt 0.976600 0.289700
vt 0.045600 0.285000
vt 0.077000 0.301000
vt 0.014200 0.301000
vt 0.045600 0.317100
vt 0.023400 0.312400
vt 0.023400 0.289700
vt 0.961700 0.304800
vt 0.947100 0.304800
vt 0.961700 0.297300
vt 0.947100 0.297300
vt 0.954400 0.295700
vt 0.964800 0.301000
vt 0.968000 0.301000
vt 0.954400 0.308000
vt 0.964000 0.305900
vt 0.940800 0.301000
vt 0.944800 0.305900
vt 0.954400 0.294100
vt 0.944800 0.296100
vt 0.964000 0.296100
vt 0.954400 0.306300
vt 0.944000 0.301000
vt 0.976600 0.512000
vt 0.975600 0.500700
vt 0.985800 0.500700
vt 0.954400 0.516700
vt 0.969400 0.508300
vt 0.939400 0.508300
vt 0.954400 0.511500
vt 0.932200 0.512000
vt 0.933200 0.500700
vt 0.932200 0.489400
vt 0.923000 0.500700
vt 0.954400 0.484700
vt 0.939400 0.493100
vt 0.969400 0.493100
vt 0.954400 0.489900
vt 0.976600 0.489400
vt 0.067800 0.489400
vt 0.014200 0.500700
vt 0.045600 0.484700
vt 0.067800 0.512000
vt 0.077000 0.500700
vt 0.045600 0.516700
vt 0.023400 0.512000
vt 0.023400 0.489400
vt 0.961700 0.504400
vt 0.947100 0.504400
vt 0.961700 0.497000
vt 0.947100 0.497000
vt 0.954400 0.495400
vt 0.964800 0.500700
vt 0.968000 0.500700
vt 0.964000 0.505600
vt 0.954400 0.507600
vt 0.940800 0.500700
vt 0.944800 0.505600
vt 0.954400 0.493700
vt 0.944800 0.495800
vt 0.964000 0.495800
vt 0.954400 0.506000
vt 0.944000 0.500700
vt 0.985800 0.700300
vt 0.969400 0.708000
vt 0.975600 0.700300
vt 0.976600 0.711700
vt 0.954400 0.711200
vt 0.932200 0.711700
vt 0.954400 0.716400
vt 0.923000 0.700300
vt 0.939400 0.708000
vt 0.939400 0.692700
vt 0.933200 0.700300
vt 0.954400 0.684300
vt 0.932200 0.689000
vt 0.969400 0.692700
vt 0.954400 0.689500
vt 0.976600 0.689000
vt 0.045600 0.684300
vt 0.077000 0.700300
vt 0.014200 0.700300
vt 0.067800 0.711700
vt 0.045600 0.716400
vt 0.023400 0.711700
vt 0.023400 0.689000
vt 0.961700 0.704100
vt 0.947100 0.704100
vt 0.961700 0.696600
vt 0.947100 0.696600
vt 0.954400 0.695100
vt 0.964800 0.700300
vt 0.968000 0.700300
vt 0.964000 0.705300
vt 0.944800 0.705300
vt 0.954400 0.707300
vt 0.940800 0.700300
vt 0.954400 0.693400
vt 0.944800 0.695400
vt 0.964000 0.695400
vt 0.954400 0.705600
vt 0.944000 0.700300
vt 0.985800 0.903600
vt 0.969400 0.911300
vt 0.975600 0.903600
vt 0.954400 0.919700
vt 0.976600 0.915000
vt 0.939400 0.911300
vt 0.954400 0.914400
vt 0.923000 0.903600
vt 0.932200 0.915000
vt 0.939400 0.896000
vt 0.933200 0.903600
vt 0.932200 0.892300
vt 0.954400 0.892800
vt 0.976600 0.892300
vt 0.954400 0.887600
vt 0.969400 0.896000
vt 0.067800 0.892300
vt 0.014200 0.903600
vt 0.045600 0.887600
vt 0.077000 0.903600
vt 0.045600 0.919700
vt 0.023400 0.915000
vt 0.023400 0.892300
vt 0.961700 0.907400
vt 0.947100 0.907400
vt 0.961700 0.899900
vt 0.947100 0.899900
vt 0.954400 0.898300
vt 0.964800 0.903600
vt 0.968000 0.903600
vt 0.954400 0.910600
vt 0.964000 0.908500
vt 0.940800 0.903600
vt 0.944800 0.908500
vt 0.944800 0.898700
vt 0.964000 0.898700
vt 0.954400 0.896700
vt 0.954400 0.908900
vt 0.944000 0.903600
vt 0.000500 0.846700
vt 0.846700 0.922400
vt 0.153300 0.881500
vt 0.846700 0.721500
vt 0.153300 0.680700
vt 0.846700 0.520600
vt 0.153300 0.479800
vt 0.846700 0.319700
vt 0.153300 0.278900
vt 0.846700 0.118900
vt 0.153300 0.078000
vt 0.908600 0.000500
vt 0.091400 0.000500
vt 0.312000 0.000500
vt 0.908600 0.688000
vt 0.688000 0.999500
vt 0.011500 0.688000
vt 0.618300 0.000500
vt 0.381700 0.000500
vt 0.312100 0.000500
vt 0.618300 0.687900
vt 0.687900 0.999500
vt 0.301800 0.687900
vt 0.292100 0.000500
vt 0.707900 0.000500
vt 0.292100 0.687900
vt 0.628000 0.687900
vt 0.999500 0.420300
vt 0.000500 0.439500
vt 0.981000 0.424000
vt 0.071900 0.420300
vt 0.928100 0.439500
vt 0.019000 0.435800
vt 0.028000 0.206700
vt 0.054000 0.481700
vt 0.972000 0.481700
vt 0.793300 0.433200
vt 0.481700 0.433200
vt 0.973400 0.915000
vt 0.386100 0.907400
vt 0.958500 0.613900
vt 0.613900 0.899900
vt 0.056200 0.613900
vt 0.973400 0.689000
vt 0.386100 0.704100
vt 0.613900 0.696600
vt 0.386100 0.504400
vt 0.613900 0.497000
vt 0.973400 0.289700
vt 0.973400 0.312400
vt 0.386100 0.304800
vt 0.613900 0.297300
vt 0.386100 0.102100
vt 0.613900 0.094600
vt 0.665700 0.613900
vt 0.348900 0.613900
vt 0.680600 0.289700
vt 0.680600 0.312400
vt 0.680600 0.689000
vt 0.680600 0.915000
vt 0.345100 0.613900
vt 0.669500 0.613900
vt 0.360000 0.289700
vt 0.360000 0.312400
vt 0.360000 0.689000
vt 0.360000 0.915000
vt 0.052900 0.613900
vt 0.961700 0.613900
vt 0.067800 0.289700
vt 0.067800 0.312400
vt 0.067800 0.689000
vt 0.067800 0.915000
s 1
usemtl 01___Default
f 2/1/1 4/2/1 1/3/1
f 6/3/2 8/4/2 5/2/2
f 4/5/3 5/6/3 1/7/3
f 3/1/4 6/8/4 4/3/4
f 2/5/5 7/6/5 3/7/5
f 1/2/6 8/9/6 2/4/6
f 10/10/1 12/11/1 9/12/1
f 14/12/2 16/13/2 13/11/2
f 12/5/3 13/6/3 9/7/3
f 11/10/4 14/14/4 12/12/4
f 10/5/5 15/6/5 11/7/5
f 9/11/6 16/15/6 10/13/6
f 18/16/1 20/17/1 17/18/1
f 22/18/2 24/19/2 21/17/2
f 20/5/3 21/6/3 17/7/3
f 19/16/4 22/20/4 20/18/4
f 18/5/5 23/6/5 19/7/5
f 17/17/6 24/21/6 18/19/6
f 26/22/1 28/23/1 25/24/1
f 30/24/2 32/25/2 29/23/2
f 28/5/3 29/6/3 25/7/3
f 27/22/4 30/26/4 28/24/4
f 26/5/5 31/6/5 27/7/5
f 25/23/6 32/27/6 26/25/6
f 34/28/1 36/29/1 33/30/1
f 38/30/2 40/31/2 37/29/2
f 36/5/3 37/6/3 33/7/3
f 35/28/4 38/32/4 36/30/4
f 34/5/5 39/6/5 35/7/5
f 33/29/6 40/33/6 34/31/6
f 42/34/1 44/35/1 41/36/1
f 46/37/2 48/38/2 45/39/2
f 44/40/6 45/41/6 41/42/6
f 43/43/3 46/44/3 44/45/3
f 42/46/4 47/47/4 43/48/4
f 41/49/5 48/50/5 42/51/5
f 50/52/1 52/53/1 49/54/1
f 54/55/2 56/56/2 53/57/2
f 52/40/6 53/58/6 49/42/6
f 51/59/3 54/60/3 52/61/3
f 50/46/4 55/62/4 51/48/4
f 49/63/5 56/64/5 50/65/5
f 58/66/1 60/67/1 57/68/1
f 62/69/2 64/70/2 61/71/2
f 60/40/6 61/58/6 57/42/6
f 59/72/3 62/73/3 60/74/3
f 58/46/4 63/62/4 59/48/4
f 57/75/5 64/76/5 58/77/5
f 66/78/1 68/79/1 65/80/1
f 68/40/6 70/81/6 65/42/6
f 65/42/6 71/82/7 72/58/6
f 67/83/3 69/84/3 68/85/3
f 66/46/4 75/86/4 67/48/4
f 67/48/4 76/87/4 73/62/4
f 65/88/5 74/89/5 66/90/5
f 73/91/2 70/92/2 69/93/2
f 72/94/2 75/95/2 74/96/2
f 78/97/2 80/98/2 77/92/2
f 70/81/6 80/99/6 71/82/7
f 75/86/4 78/100/4 76/87/4
f 76/101/3 82/102/3 70/84/3
f 78/103/3 81/104/3 76/101/3
f 77/79/3 83/105/3 78/103/3
f 70/84/3 84/106/3 77/79/3
f 71/107/5 86/108/5 75/89/5
f 80/93/5 85/109/5 71/107/5
f 79/91/5 87/110/5 80/93/5
f 75/89/5 88/111/5 79/91/5
f 81/112/8 90/113/8 82/114/8
f 81/104/9 91/115/9 89/116/9
f 83/117/10 92/118/10 91/119/10
f 82/102/11 92/120/11 84/106/12
f 86/121/13 93/122/13 94/123/13
f 85/109/14 95/124/14 93/125/14
f 88/126/15 95/127/15 87/128/15
f 86/108/16 96/129/16 88/111/16
f 90/113/17 97/130/17 98/131/17
f 91/115/18 97/132/19 89/116/19
f 92/118/20 99/133/20 91/119/20
f 90/134/21 100/135/22 92/120/22
f 93/122/23 102/136/23 94/123/23
f 93/125/24 103/137/24 101/138/24
f 95/127/25 104/139/25 103/140/25
f 94/141/26 104/142/26 96/129/26
f 97/130/2 101/143/2 98/131/2
f 99/144/6 102/145/6 97/146/6
f 100/147/1 104/139/1 99/133/1
f 98/148/4 103/149/4 100/150/4
f 105/151/27 107/152/28 108/153/29
f 106/154/30 110/155/31 107/152/28
f 111/156/32 110/155/31 109/157/33
f 113/158/34 112/159/35 111/156/32
f 113/158/34 116/160/36 114/161/37
f 115/162/38 118/163/39 116/160/36
f 119/164/40 118/163/39 117/165/41
f 105/151/27 120/166/42 119/164/40
f 115/167/1 105/168/1 117/169/1
f 113/170/1 109/171/1 105/168/1
f 109/171/1 106/172/1 105/168/1
f 119/173/1 117/169/1 105/168/1
f 121/174/2 123/175/2 124/176/2
f 123/175/2 126/177/2 124/176/2
f 126/177/2 127/178/2 124/176/2
f 128/179/2 121/174/2 124/176/2
f 108/153/2 129/180/2 130/181/2
f 107/152/2 131/182/2 129/180/2
f 112/159/2 131/182/2 110/155/2
f 114/161/2 132/183/2 112/159/2
f 116/160/2 133/184/2 114/161/2
f 118/163/2 134/185/2 116/160/2
f 118/163/2 136/186/2 135/187/2
f 120/166/2 130/181/2 136/186/2
f 129/180/43 138/179/44 130/181/45
f 129/180/46 139/188/47 137/174/48
f 132/183/49 139/188/50 131/182/51
f 132/183/52 141/189/53 140/175/54
f 134/185/55 141/189/56 133/184/57
f 135/187/58 142/177/59 134/185/60
f 135/187/61 144/176/62 143/178/61
f 136/186/63 138/179/64 144/176/65
f 137/190/66 128/191/66 138/192/67
f 139/193/68 121/194/68 137/195/68
f 140/196/69 122/197/70 139/193/71
f 141/198/72 123/199/72 140/200/73
f 142/201/74 125/202/74 141/198/75
f 143/203/76 126/204/76 142/205/76
f 144/206/77 127/207/77 143/203/77
f 138/192/78 124/208/78 144/209/79
f 145/210/80 147/211/81 148/212/82
f 146/213/83 150/214/84 147/211/81
f 151/215/85 150/214/84 149/216/86
f 153/217/87 152/218/88 151/215/85
f 153/217/87 156/219/89 154/220/90
f 155/221/91 158/222/92 156/219/89
f 159/223/93 158/222/92 157/224/94
f 145/210/80 160/225/95 159/223/93
f 157/226/1 153/227/1 145/228/1
f 151/229/1 145/228/1 153/227/1
f 149/230/1 146/231/1 145/228/1
f 159/232/1 157/226/1 145/228/1
f 161/233/2 163/234/2 164/235/2
f 163/234/2 166/236/2 164/235/2
f 166/236/2 167/237/2 164/235/2
f 168/238/2 161/233/2 164/235/2
f 147/211/2 170/239/2 148/212/2
f 150/214/2 169/240/2 147/211/2
f 150/214/2 172/241/2 171/242/2
f 152/218/2 173/243/2 172/241/2
f 154/220/2 174/244/2 173/243/2
f 156/219/2 175/245/2 174/244/2
f 160/225/2 175/245/2 158/222/2
f 148/212/2 176/246/2 160/225/2
f 169/240/43 178/238/96 170/239/97
f 171/242/98 177/233/99 169/240/100
f 171/242/101 180/234/102 179/247/101
f 172/241/52 181/248/103 180/234/53
f 174/244/57 181/248/57 173/243/57
f 175/245/104 182/236/105 174/244/106
f 175/245/107 184/235/61 183/237/108
f 176/246/109 178/238/109 184/235/110
f 177/249/67 168/250/67 178/251/111
f 179/193/112 161/194/112 177/195/68
f 180/196/69 162/197/69 179/193/69
f 181/252/113 163/253/113 180/254/73
f 182/255/74 165/256/74 181/252/74
f 183/203/114 166/204/114 182/205/115
f 184/206/116 167/207/116 183/203/117
f 178/251/78 164/257/78 184/258/78
f 186/259/118 188/260/119 185/261/120
f 186/259/118 190/262/33 187/263/121
f 191/264/122 190/262/33 189/265/123
f 191/264/122 194/266/124 192/267/125
f 195/268/126 194/266/124 193/269/127
f 195/268/126 198/270/94 196/271/128
f 199/272/129 198/270/94 197/273/41
f 199/272/129 188/260/119 200/274/130
f 195/275/1 185/276/1 197/277/1
f 191/278/1 185/276/1 193/279/1
f 189/280/1 186/281/1 185/276/1
f 199/282/1 197/277/1 185/276/1
f 201/283/2 203/284/2 204/285/2
f 203/284/2 206/286/2 204/285/2
f 206/286/2 207/287/2 204/285/2
f 208/288/2 201/283/2 204/285/2
f 188/260/2 209/289/2 210/290/2
f 190/262/2 209/289/2 187/263/2
f 190/262/2 212/291/2 211/292/2
f 194/266/2 212/291/2 192/267/2
f 194/266/2 214/293/2 213/294/2
f 198/270/2 214/293/2 196/271/2
f 198/270/2 216/295/2 215/296/2
f 188/260/2 216/295/2 200/274/2
f 209/289/43 218/288/96 210/290/97
f 209/289/46 219/297/131 217/283/48
f 212/291/49 219/297/132 211/292/51
f 212/291/52 221/298/103 220/284/133
f 214/293/55 221/298/134 213/294/57
f 214/293/135 223/287/136 222/286/137
f 216/295/138 223/287/139 215/296/140
f 216/295/63 218/288/141 224/285/142
f 217/299/67 208/300/67 218/301/111
f 219/193/112 201/194/112 217/195/68
f 220/196/70 202/197/70 219/193/69
f 221/302/73 203/303/73 220/304/73
f 222/305/75 205/306/75 221/302/75
f 223/203/143 206/204/143 222/205/143
f 224/206/77 207/207/77 223/203/77
f 218/301/78 204/307/78 224/308/79
f 225/309/80 227/310/81 228/311/82
f 226/312/144 230/313/145 227/310/81
f 231/314/146 230/313/145 229/315/33
f 233/316/87 232/317/88 231/314/146
f 233/316/87 236/318/89 234/319/90
f 235/320/147 238/321/92 236/318/89
f 239/322/93 238/321/92 237/323/94
f 225/309/80 240/324/95 239/322/93
f 237/325/1 233/326/1 225/327/1
f 233/326/1 229/328/1 225/327/1
f 229/328/1 226/329/1 225/327/1
f 239/330/1 237/325/1 225/327/1
f 241/331/2 243/332/2 244/333/2
f 243/332/2 246/334/2 244/333/2
f 246/334/2 247/335/2 244/333/2
f 248/336/2 241/331/2 244/333/2
f 227/310/2 250/337/2 228/311/2
f 227/310/2 251/338/2 249/339/2
f 232/317/2 251/338/2 230/313/2
f 232/317/2 253/340/2 252/341/2
f 234/319/2 254/342/2 253/340/2
f 236/318/2 255/343/2 254/342/2
f 240/324/2 255/343/2 238/321/2
f 228/311/2 256/344/2 240/324/2
f 249/339/148 258/336/148 250/337/148
f 251/338/149 257/331/150 249/339/151
f 251/338/152 260/332/153 259/345/153
f 252/341/154 261/346/154 260/332/154
f 254/342/57 261/346/57 253/340/57
f 255/343/104 262/334/155 254/342/156
f 255/343/157 264/333/158 263/335/108
f 256/344/109 258/336/109 264/333/110
f 257/347/159 248/348/159 258/349/67
f 259/193/68 241/194/68 257/195/68
f 260/196/69 242/197/69 259/193/69
f 261/350/160 243/351/160 260/352/73
f 262/353/74 245/354/74 261/350/74
f 263/203/161 246/204/161 262/205/115
f 264/206/162 247/207/162 263/203/162
f 258/349/78 244/355/78 264/356/78
f 265/357/163 267/358/81 268/359/163
f 266/360/83 270/361/84 267/358/81
f 271/362/85 270/361/84 269/363/86
f 273/364/164 272/365/88 271/362/85
f 275/366/126 274/367/165 273/364/164
f 275/366/126 278/368/94 276/369/166
f 279/370/129 278/368/94 277/371/92
f 279/370/129 268/359/163 280/372/130
f 275/373/1 265/374/1 277/375/1
f 271/376/1 265/374/1 273/377/1
f 269/378/1 266/379/1 265/374/1
f 279/380/1 277/375/1 265/374/1
f 281/381/2 283/382/2 284/383/2
f 283/382/2 286/384/2 284/383/2
f 286/384/2 287/385/2 284/383/2
f 288/386/2 281/381/2 284/383/2
f 267/358/2 290/387/2 268/359/2
f 270/361/2 289/388/2 267/358/2
f 270/361/2 292/389/2 291/390/2
f 272/365/2 293/391/2 292/389/2
f 274/367/2 294/392/2 293/391/2
f 278/368/2 294/392/2 276/369/2
f 278/368/2 296/393/2 295/394/2
f 268/359/2 296/393/2 280/372/2
f 289/388/43 298/386/96 290/387/97
f 289/388/46 299/395/131 297/381/48
f 292/389/49 299/395/132 291/390/51
f 292/389/52 301/396/103 300/382/133
f 294/392/55 301/396/134 293/391/57
f 294/392/135 303/385/136 302/384/137
f 296/393/138 303/385/139 295/394/140
f 296/393/63 298/386/141 304/383/142
f 297/397/67 288/398/67 298/399/111
f 299/193/68 281/194/68 297/195/68
f 300/196/70 282/197/70 299/193/69
f 301/400/73 283/401/73 300/402/73
f 302/403/167 285/404/167 301/400/74
f 303/203/143 286/204/143 302/205/76
f 304/206/77 287/207/77 303/203/77
f 298/399/168 284/405/168 304/406/78
f 305/407/169 307/408/81 308/409/170
f 306/410/171 310/411/172 307/408/81
f 311/412/173 310/411/172 309/413/172
f 313/414/174 312/415/88 311/412/173
f 315/416/175 314/417/176 313/414/174
f 317/418/177 316/419/178 315/416/175
f 317/418/177 320/420/179 318/421/180
f 319/422/181 308/409/170 320/420/179
f 315/423/1 305/424/1 317/425/1
f 311/426/1 305/424/1 313/427/1
f 309/428/1 306/429/1 305/424/1
f 319/430/1 317/425/1 305/424/1
f 321/431/2 323/432/2 324/433/2
f 325/434/2 324/433/2 323/432/2
f 326/435/2 327/436/2 324/433/2
f 328/437/2 321/431/2 324/433/2
f 308/409/2 329/438/2 330/439/2
f 307/408/2 331/440/2 329/438/2
f 310/411/2 332/441/2 331/440/2
f 312/415/2 333/442/2 332/441/2
f 316/419/2 333/442/2 314/417/2
f 318/421/2 334/443/2 316/419/2
f 320/420/2 335/444/2 318/421/2
f 308/409/2 336/445/2 320/420/2
f 330/439/182 337/431/183 338/437/184
f 329/438/46 339/446/131 337/431/131
f 332/441/185 339/446/51 331/440/51
f 333/442/186 340/432/187 332/441/188
f 333/442/189 342/435/190 341/434/134
f 334/443/60 343/436/60 342/435/191
f 336/445/138 343/436/140 335/444/140
f 330/439/192 344/433/141 336/445/193
f 337/397/111 328/398/111 338/399/111
f 339/447/68 321/448/68 337/449/68
f 340/450/194 322/451/194 339/447/194
f 341/400/195 323/401/195 340/402/160
f 342/403/196 325/404/196 341/400/197
f 343/452/161 326/453/161 342/454/161
f 344/455/77 327/456/77 343/452/77
f 338/399/198 324/405/79 344/406/79
f 345/457/80 347/458/118 348/459/199
f 349/460/200 347/458/118 346/461/201
f 349/460/200 352/462/85 350/463/202
f 353/464/87 352/462/85 351/465/203
f 353/464/87 356/466/126 354/467/204
f 357/468/177 356/466/126 355/469/205
f 357/468/177 360/470/206 358/471/207
f 345/457/80 360/470/206 359/472/208
f 357/473/1 353/474/1 345/475/1
f 353/474/1 349/476/1 345/475/1
f 349/476/1 346/477/1 345/475/1
f 359/478/1 357/473/1 345/475/1
f 361/479/2 363/480/2 364/481/2
f 365/482/2 364/481/2 363/480/2
f 366/483/2 367/484/2 364/481/2
f 368/485/2 361/479/2 364/481/2
f 348/459/2 369/486/2 370/487/2
f 347/458/2 371/488/2 369/486/2
f 352/462/2 371/488/2 350/463/2
f 352/462/2 373/489/2 372/490/2
f 356/466/2 373/489/2 354/467/2
f 356/466/2 375/491/2 374/492/2
f 360/470/2 375/491/2 358/471/2
f 348/459/2 376/493/2 360/470/2
f 369/486/209 378/485/210 370/487/184
f 371/488/211 377/479/150 369/486/211
f 372/490/153 379/494/153 371/488/153
f 372/490/212 381/482/213 380/480/212
f 373/489/214 382/483/214 381/482/214
f 375/491/215 382/483/216 374/492/216
f 375/491/157 384/481/217 383/484/218
f 376/493/219 378/485/220 384/481/221
f 377/347/66 368/348/66 378/349/66
f 379/447/112 361/448/112 377/449/112
f 380/450/194 362/451/194 379/447/194
f 381/350/222 363/351/222 380/352/222
f 382/353/223 365/354/223 381/350/167
f 383/452/161 366/453/161 382/454/161
f 384/455/162 367/456/162 383/452/162
f 378/349/168 364/355/168 384/356/168
f 386/495/224 388/496/225 385/497/119
f 389/498/200 387/499/226 386/495/224
f 389/498/200 392/500/227 390/501/172
f 391/502/228 394/503/229 392/500/227
f 395/504/175 394/503/229 393/505/124
f 397/506/177 396/507/178 395/504/175
f 397/506/177 400/508/179 398/509/230
f 399/510/181 388/496/225 400/508/179
f 395/511/1 385/512/1 397/513/1
f 391/514/1 385/512/1 393/515/1
f 389/516/1 386/517/1 385/512/1
f 399/518/1 397/513/1 385/512/1
f 401/519/2 403/520/2 404/521/2
f 405/522/2 404/521/2 403/520/2
f 406/523/2 407/524/2 404/521/2
f 408/525/2 401/519/2 404/521/2
f 388/496/2 409/526/2 410/527/2
f 387/499/2 411/528/2 409/526/2
f 390/501/2 412/529/2 411/528/2
f 392/500/2 413/530/2 412/529/2
f 396/507/2 413/530/2 394/503/2
f 398/509/2 414/531/2 396/507/2
f 400/508/2 415/532/2 398/509/2
f 388/496/2 416/533/2 400/508/2
f 410/527/182 417/519/183 418/525/184
f 409/526/46 419/534/131 417/519/48
f 412/529/185 419/534/51 411/528/51
f 413/530/186 420/520/231 412/529/232
f 413/530/189 422/523/233 421/522/234
f 414/531/60 423/524/60 422/523/191
f 416/533/138 423/524/140 415/532/140
f 410/527/109 424/521/235 416/533/236
f 417/299/111 408/300/111 418/301/111
f 419/447/237 401/448/237 417/449/68
f 420/450/194 402/451/194 419/447/194
f 421/302/195 403/303/195 420/304/160
f 422/305/196 405/306/196 421/302/167
f 423/452/161 406/453/161 422/454/161
f 424/455/77 407/456/77 423/452/77
f 418/301/79 404/307/79 424/308/79
f 425/535/80 427/536/81 428/537/199
f 426/538/171 430/539/172 427/536/81
f 431/540/173 430/539/172 429/541/238
f 433/542/87 432/543/88 431/540/173
f 433/542/87 436/544/126 434/545/204
f 437/546/177 436/544/126 435/547/205
f 437/546/177 440/548/206 438/549/207
f 425/535/80 440/548/206 439/550/239
f 437/551/1 433/552/1 425/553/1
f 431/554/1 425/553/1 433/552/1
f 429/555/1 426/556/1 425/553/1
f 439/557/1 437/551/1 425/553/1
f 441/558/2 443/559/2 444/560/2
f 445/561/2 444/560/2 443/559/2
f 446/562/2 447/563/2 444/560/2
f 448/564/2 441/558/2 444/560/2
f 428/537/2 449/565/2 450/566/2
f 430/539/2 449/565/2 427/536/2
f 430/539/2 452/567/2 451/568/2
f 432/543/2 453/569/2 452/567/2
f 436/544/2 453/569/2 434/545/2
f 436/544/2 455/570/2 454/571/2
f 440/548/2 455/570/2 438/549/2
f 428/537/2 456/572/2 440/548/2
f 450/566/97 457/558/183 458/564/184
f 451/568/150 457/558/240 449/565/241
f 452/567/242 459/573/101 451/568/243
f 453/569/186 460/559/244 452/567/245
f 453/569/246 462/562/247 461/561/56
f 455/570/248 462/562/58 454/571/216
f 455/570/107 464/560/61 463/563/108
f 456/572/249 458/564/193 464/560/110
f 457/249/111 448/250/159 458/251/111
f 459/447/112 441/448/112 457/449/237
f 460/450/194 442/451/194 459/447/194
f 461/252/195 443/253/195 460/254/195
f 462/255/197 445/256/197 461/252/74
f 463/452/250 446/453/250 462/454/161
f 464/455/116 447/456/116 463/452/117
f 458/251/168 444/257/168 464/258/168
f 465/574/27 467/575/251 468/576/252
f 469/577/200 467/575/251 466/578/253
f 469/577/200 472/579/122 470/580/202
f 473/581/34 472/579/122 471/582/254
f 473/581/34 476/583/255 474/584/256
f 475/585/257 478/586/258 476/583/255
f 479/587/259 478/586/258 477/588/230
f 465/574/27 480/589/42 479/587/259
f 475/590/1 465/591/1 477/592/1
f 473/593/1 469/594/1 465/591/1
f 469/594/1 466/595/1 465/591/1
f 479/596/1 477/592/1 465/591/1
f 481/597/2 483/598/2 484/599/2
f 485/600/2 484/599/2 483/598/2
f 486/601/2 487/602/2 484/599/2
f 488/603/2 481/597/2 484/599/2
f 468/576/2 489/604/2 490/605/2
f 467/575/2 491/606/2 489/604/2
f 472/579/2 491/606/2 470/580/2
f 472/579/2 493/607/2 492/608/2
f 476/583/2 493/607/2 474/584/2
f 478/586/2 494/609/2 476/583/2
f 478/586/2 496/610/2 495/611/2
f 468/576/2 496/610/2 480/589/2
f 490/605/182 497/597/260 498/603/261
f 489/604/46 499/612/47 497/597/48
f 492/608/185 499/612/185 491/606/51
f 493/607/186 500/598/212 492/608/262
f 493/607/189 502/601/233 501/600/57
f 494/609/216 503/602/105 502/601/191
f 495/611/217 504/599/62 503/602/158
f 490/605/192 504/599/235 496/610/109
f 497/190/66 488/191/159 498/192/66
f 499/447/112 481/448/112 497/449/68
f 500/450/194 482/451/194 499/447/71
f 501/198/222 483/199/222 500/200/222
f 502/201/197 485/202/197 501/198/196
f 503/452/161 486/453/161 502/454/161
f 504/455/263 487/456/263 503/452/77
f 498/192/79 484/208/79 504/209/79
f 506/613/264 508/614/120 505/615/120
f 506/613/264 510/616/86 507/617/264
f 511/618/85 510/616/86 509/619/86
f 513/620/124 512/621/265 511/618/85
f 515/622/266 514/623/127 513/620/124
f 515/622/266 518/624/267 516/625/268
f 517/626/269 520/627/270 518/624/267
f 519/628/206 508/614/120 520/627/270
f 515/629/1 505/630/1 517/631/1
f 511/632/1 505/630/1 513/633/1
f 509/634/1 506/635/1 505/630/1
f 519/636/1 517/631/1 505/630/1
f 521/637/2 523/638/2 524/639/2
f 523/638/2 526/640/2 524/639/2
f 526/640/2 527/641/2 524/639/2
f 528/642/2 521/637/2 524/639/2
f 507/617/2 530/643/2 508/614/2
f 507/617/2 531/644/2 529/645/2
f 510/616/2 532/646/2 531/644/2
f 512/621/2 533/647/2 532/646/2
f 516/625/2 533/647/2 514/623/2
f 518/624/2 534/648/2 516/625/2
f 520/627/2 535/649/2 518/624/2
f 508/614/2 536/650/2 520/627/2
f 529/645/43 538/642/271 530/643/96
f 529/645/46 539/651/131 537/637/131
f 532/646/49 539/651/132 531/644/51
f 532/646/52 541/652/103 540/638/272
f 534/648/55 541/652/56 533/647/56
f 534/648/135 543/641/273 542/640/137
f 536/650/138 543/641/139 535/649/140
f 536/650/63 538/642/274 544/639/275
f 537/397/111 528/398/111 538/399/111
f 539/653/112 521/654/112 537/655/68
f 540/656/69 522/657/70 539/653/69
f 541/400/73 523/401/73 540/402/73
f 542/403/75 525/404/223 541/400/75
f 543/658/143 526/659/143 542/660/76
f 544/661/77 527/662/77 543/658/77
f 538/399/168 524/405/198 544/406/79
f 546/663/276 548/664/82 545/665/82
f 549/666/277 547/667/278 546/663/276
f 551/668/146 550/669/279 549/666/277
f 553/670/204 552/671/265 551/668/146
f 553/670/204 556/672/280 554/673/204
f 555/674/91 558/675/281 556/672/280
f 557/676/180 560/677/270 558/675/281
f 559/678/282 548/664/82 560/677/270
f 557/679/1 553/680/1 545/681/1
f 553/680/1 549/682/1 545/681/1
f 549/682/1 546/683/1 545/681/1
f 559/684/1 557/679/1 545/681/1
f 561/685/2 563/686/2 564/687/2
f 563/686/2 566/688/2 564/687/2
f 566/688/2 567/689/2 564/687/2
f 568/690/2 561/685/2 564/687/2
f 548/664/2 569/691/2 570/692/2
f 547/667/2 571/693/2 569/691/2
f 552/671/2 571/693/2 550/669/2
f 552/671/2 573/694/2 572/695/2
f 556/672/2 573/694/2 554/673/2
f 556/672/2 575/696/2 574/697/2
f 560/677/2 575/696/2 558/675/2
f 548/664/2 576/698/2 560/677/2
f 569/691/148 578/690/148 570/692/283
f 571/693/151 577/685/241 569/691/241
f 571/693/185 580/686/284 579/699/153
f 572/695/154 581/700/154 580/686/154
f 574/697/285 581/700/57 573/694/286
f 575/696/104 582/688/105 574/697/287
f 575/696/157 584/687/217 583/689/108
f 576/698/109 578/690/64 584/687/110
f 577/347/159 568/348/159 578/349/66
f 579/653/68 561/654/68 577/655/68
f 580/656/69 562/657/69 579/653/69
f 581/350/72 563/351/72 580/352/73
f 582/353/167 565/354/167 581/350/167
f 583/658/115 566/659/115 582/660/161
f 584/661/162 567/662/162 583/658/162
f 578/349/168 564/355/168 584/356/168
f 586/701/251 588/702/288 585/703/120
f 589/704/289 587/705/278 586/701/251
f 591/706/290 590/707/289 589/704/289
f 591/706/290 594/708/127 592/709/291
f 595/710/266 594/708/127 593/711/124
f 595/710/266 598/712/267 596/713/292
f 597/714/267 600/715/179 598/712/267
f 599/716/206 588/702/288 600/715/179
f 595/717/1 585/718/1 597/719/1
f 591/720/1 585/718/1 593/721/1
f 589/722/1 586/723/1 585/718/1
f 599/724/1 597/719/1 585/718/1
f 601/725/2 603/726/2 604/727/2
f 603/726/2 606/728/2 604/727/2
f 606/728/2 607/729/2 604/727/2
f 608/730/2 601/725/2 604/727/2
f 588/702/2 609/731/2 610/732/2
f 587/705/2 611/733/2 609/731/2
f 590/707/2 612/734/2 611/733/2
f 592/709/2 613/735/2 612/734/2
f 596/713/2 613/735/2 594/708/2
f 598/712/2 614/736/2 596/713/2
f 600/715/2 615/737/2 598/712/2
f 588/702/2 616/738/2 600/715/2
f 609/731/43 618/730/271 610/732/96
f 609/731/46 619/739/131 617/725/48
f 612/734/49 619/739/132 611/733/51
f 612/734/52 621/740/186 620/726/293
f 614/736/55 621/740/56 613/735/56
f 614/736/135 623/729/273 622/728/216
f 616/738/138 623/729/139 615/737/140
f 616/738/63 618/730/274 624/727/275
f 617/299/111 608/300/111 618/301/111
f 619/653/112 601/654/112 617/655/68
f 620/656/70 602/657/70 619/653/69
f 621/302/73 603/303/73 620/304/73
f 622/305/75 605/306/75 621/302/75
f 623/658/76 606/659/76 622/660/76
f 624/661/77 607/662/77 623/658/77
f 618/301/79 604/307/79 624/308/79
f 626/741/264 628/742/82 625/743/82
f 626/741/264 630/744/86 627/745/264
f 631/746/85 630/744/86 629/747/86
f 633/748/204 632/749/265 631/746/85
f 633/748/204 636/750/280 634/751/204
f 635/752/91 638/753/281 636/750/280
f 637/754/180 640/755/270 638/753/281
f 639/756/282 628/742/82 640/755/270
f 637/757/1 633/758/1 625/759/1
f 631/760/1 625/759/1 633/758/1
f 629/761/1 626/762/1 625/759/1
f 639/763/1 637/757/1 625/759/1
f 641/764/2 643/765/2 644/766/2
f 643/765/2 646/767/2 644/766/2
f 646/767/2 647/768/2 644/766/2
f 648/769/2 641/764/2 644/766/2
f 627/745/2 650/770/2 628/742/2
f 630/744/2 649/771/2 627/745/2
f 630/744/2 652/772/2 651/773/2
f 632/749/2 653/774/2 652/772/2
f 636/750/2 653/774/2 634/751/2
f 636/750/2 655/775/2 654/776/2
f 640/755/2 655/775/2 638/753/2
f 628/742/2 656/777/2 640/755/2
f 649/771/43 658/769/271 650/770/96
f 651/773/294 657/764/99 649/771/100
f 651/773/295 660/765/102 659/778/101
f 652/772/52 661/779/103 660/765/272
f 654/776/285 661/779/57 653/774/286
f 655/775/296 662/767/297 654/776/191
f 655/775/107 664/766/61 663/768/298
f 656/777/109 658/769/64 664/766/110
f 657/249/111 648/250/111 658/251/111
f 659/653/112 641/654/112 657/655/237
f 660/656/70 642/657/70 659/653/69
f 661/252/160 643/253/73 660/254/73
f 662/255/167 645/256/167 661/252/167
f 663/658/161 646/659/161 662/660/161
f 664/661/116 647/662/116 663/658/117
f 658/251/168 644/257/168 664/258/168
f 666/780/299 668/781/29 665/782/29
f 669/783/277 667/784/300 666/780/299
f 671/785/301 670/786/279 669/783/277
f 673/787/256 672/788/302 671/785/301
f 673/787/256 676/789/303 674/790/256
f 675/791/38 678/792/41 676/789/303
f 679/793/304 678/792/41 677/794/41
f 679/793/304 668/781/29 680/795/304
f 675/796/1 665/797/1 677/798/1
f 673/799/1 669/800/1 665/797/1
f 669/800/1 666/801/1 665/797/1
f 679/802/1 677/798/1 665/797/1
f 681/803/2 683/804/2 684/805/2
f 683/804/2 686/806/2 684/805/2
f 686/806/2 687/807/2 684/805/2
f 688/808/2 681/803/2 684/805/2
f 668/781/2 689/809/2 690/810/2
f 667/784/2 691/811/2 689/809/2
f 672/788/2 691/811/2 670/786/2
f 672/788/2 693/812/2 692/813/2
f 676/789/2 693/812/2 674/790/2
f 678/792/2 694/814/2 676/789/2
f 678/792/2 696/815/2 695/816/2
f 680/795/2 690/810/2 696/815/2
f 689/809/96 698/808/271 690/810/96
f 689/809/46 699/817/47 697/803/48
f 692/813/49 699/817/50 691/811/51
f 692/813/52 701/818/103 700/804/272
f 694/814/55 701/818/56 693/812/286
f 695/816/305 702/806/59 694/814/60
f 695/816/306 704/805/62 703/807/158
f 696/815/63 698/808/274 704/805/275
f 697/190/111 688/191/111 698/192/111
f 699/653/68 681/654/68 697/655/68
f 700/656/69 682/657/70 699/653/69
f 701/198/160 683/199/72 700/200/160
f 702/201/75 685/202/75 701/198/75
f 703/658/143 686/659/143 702/660/76
f 704/661/77 687/662/77 703/658/77
f 698/192/79 684/208/79 704/209/79
f 705/819/169 707/820/300 708/821/170
f 706/822/253 710/823/307 707/820/300
f 711/824/308 710/823/307 709/825/307
f 713/826/174 712/827/309 711/824/308
f 715/828/310 714/829/176 713/826/174
f 717/830/311 716/831/312 715/828/310
f 717/830/311 720/832/313 718/833/314
f 719/834/315 708/821/170 720/832/313
f 715/835/1 705/836/1 717/837/1
f 711/838/1 705/836/1 713/839/1
f 709/840/1 706/841/1 705/836/1
f 719/842/1 717/837/1 705/836/1
f 721/843/2 723/844/2 724/845/2
f 723/844/2 726/846/2 724/845/2
f 726/846/2 727/847/2 724/845/2
f 728/848/2 721/843/2 724/845/2
f 707/820/2 730/849/2 708/821/2
f 710/823/2 729/850/2 707/820/2
f 710/823/2 732/851/2 731/852/2
f 712/827/2 733/853/2 732/851/2
f 716/831/2 733/853/2 714/829/2
f 716/831/2 735/854/2 734/855/2
f 718/833/2 736/856/2 735/854/2
f 720/832/2 730/849/2 736/856/2
f 730/849/316 737/843/317 738/848/318
f 729/850/241 739/857/319 737/843/320
f 732/851/321 739/857/321 731/852/322
f 733/853/323 740/844/188 732/851/187
f 733/853/247 742/846/285 741/858/285
f 734/855/324 743/847/324 742/846/324
f 736/856/325 743/847/218 735/854/326
f 730/849/327 744/845/328 736/856/220
f 737/397/66 728/398/66 738/399/66
f 739/859/237 721/860/237 737/861/237
f 740/862/69 722/863/69 739/859/69
f 741/400/113 723/401/113 740/402/73
f 742/403/74 725/404/74 741/400/223
f 743/864/76 726/865/76 742/866/76
f 744/867/162 727/868/162 743/864/162
f 738/399/329 724/405/329 744/406/330
f 745/869/80 747/870/83 748/871/199
f 749/872/331 747/870/83 746/873/299
f 749/872/331 752/874/122 750/875/332
f 753/876/87 752/874/122 751/877/265
f 753/876/87 756/878/333 754/879/204
f 757/880/311 756/878/333 755/881/257
f 757/880/311 760/882/129 758/883/334
f 745/869/80 760/882/129 759/884/304
f 757/885/1 753/886/1 745/887/1
f 753/886/1 749/888/1 745/887/1
f 749/888/1 746/889/1 745/887/1
f 759/890/1 757/885/1 745/887/1
f 761/891/2 763/892/2 764/893/2
f 763/892/2 766/894/2 764/893/2
f 766/894/2 767/895/2 764/893/2
f 768/896/2 761/891/2 764/893/2
f 747/870/2 770/897/2 748/871/2
f 747/870/2 771/898/2 769/899/2
f 752/874/2 771/898/2 750/875/2
f 752/874/2 773/900/2 772/901/2
f 756/878/2 773/900/2 754/879/2
f 756/878/2 775/902/2 774/903/2
f 760/882/2 775/902/2 758/883/2
f 760/882/2 770/897/2 776/904/2
f 769/899/210 778/896/335 770/897/148
f 769/899/150 779/905/211 777/891/151
f 772/901/284 779/905/153 771/898/153
f 772/901/336 781/906/336 780/892/187
f 774/903/214 781/906/214 773/900/247
f 774/903/216 783/895/337 782/894/58
f 775/902/158 784/893/217 783/895/338
f 770/897/339 784/893/249 776/904/220
f 777/347/340 768/348/340 778/349/159
f 779/859/237 761/860/237 777/861/237
f 780/862/71 762/863/71 779/859/71
f 781/350/113 763/351/113 780/352/113
f 782/353/74 765/354/74 781/350/74
f 783/864/161 766/865/161 782/866/161
f 784/867/341 767/868/341 783/864/162
f 778/349/198 764/355/198 784/356/168
f 786/907/342 788/908/225 785/909/119
f 789/910/331 787/911/343 786/907/342
f 789/910/331 792/912/344 790/913/307
f 791/914/345 794/915/346 792/912/344
f 795/916/310 794/915/346 793/917/124
f 797/918/311 796/919/312 795/916/310
f 797/918/311 800/920/313 798/921/347
f 799/922/315 788/908/225 800/920/313
f 795/923/1 785/924/1 797/925/1
f 791/926/1 785/924/1 793/927/1
f 789/928/1 786/929/1 785/924/1
f 799/930/1 797/925/1 785/924/1
f 801/931/2 803/932/2 804/933/2
f 803/932/2 806/934/2 804/933/2
f 806/934/2 807/935/2 804/933/2
f 808/936/2 801/931/2 804/933/2
f 787/911/2 810/937/2 788/908/2
f 790/913/2 809/938/2 787/911/2
f 792/912/2 811/939/2 790/913/2
f 792/912/2 813/940/2 812/941/2
f 796/919/2 813/940/2 794/915/2
f 796/919/2 815/942/2 814/943/2
f 798/921/2 816/944/2 815/942/2
f 800/920/2 810/937/2 816/944/2
f 810/937/316 817/931/261 818/936/318
f 809/938/241 819/945/319 817/931/320
f 812/941/321 819/945/321 811/939/322
f 813/940/323 820/932/188 812/941/262
f 813/940/247 822/934/247 821/946/247
f 814/943/324 823/935/324 822/934/324
f 816/944/325 823/935/218 815/942/326
f 810/937/327 824/933/328 816/944/109
f 817/299/66 808/300/66 818/301/66
f 819/859/237 801/860/237 817/861/237
f 820/862/70 802/863/70 819/859/69
f 821/302/73 803/303/73 820/304/73
f 822/305/75 805/306/75 821/302/75
f 823/864/143 806/865/143 822/866/76
f 824/867/162 807/868/162 823/864/162
f 818/301/198 804/307/198 824/308/198
f 825/947/80 827/948/300 828/949/199
f 826/950/253 830/951/307 827/948/300
f 831/952/308 830/951/307 829/953/307
f 833/954/87 832/955/88 831/952/308
f 833/954/87 836/956/333 834/957/204
f 837/958/311 836/956/333 835/959/257
f 837/958/311 840/960/129 838/961/334
f 825/947/80 840/960/129 839/962/304
f 837/963/1 833/964/1 825/965/1
f 831/966/1 825/965/1 833/964/1
f 829/967/1 826/968/1 825/965/1
f 839/969/1 837/963/1 825/965/1
f 841/970/2 843/971/2 844/972/2
f 843/971/2 846/973/2 844/972/2
f 846/973/2 847/974/2 844/972/2
f 848/975/2 841/970/2 844/972/2
f 827/948/2 850/976/2 828/949/2
f 830/951/2 849/977/2 827/948/2
f 830/951/2 852/978/2 851/979/2
f 832/955/2 853/980/2 852/978/2
f 836/956/2 853/980/2 834/957/2
f 836/956/2 855/981/2 854/982/2
f 840/960/2 855/981/2 838/961/2
f 840/960/2 850/976/2 856/983/2
f 850/976/316 857/970/210 858/975/318
f 849/977/151 859/984/150 857/970/320
f 852/978/348 859/984/284 851/979/243
f 853/980/336 860/971/336 852/978/212
f 854/982/247 861/985/214 853/980/214
f 854/982/106 863/974/337 862/973/58
f 855/981/61 864/972/61 863/974/108
f 850/976/349 864/972/220 856/983/192
f 857/249/350 848/250/350 858/251/350
f 859/859/237 841/860/237 857/861/237
f 860/862/70 842/863/70 859/859/69
f 861/252/113 843/253/113 860/254/72
f 862/255/74 845/256/74 861/252/74
f 863/864/114 846/865/114 862/866/115
f 864/867/341 847/868/341 863/864/351
f 858/251/330 844/257/330 864/258/78
f 865/986/27 867/987/118 868/988/252
f 869/989/331 867/987/118 866/990/264
f 869/989/331 872/991/352 870/992/332
f 873/993/34 872/991/352 871/994/173
f 873/993/34 876/995/89 874/996/256
f 875/997/353 878/998/314 876/995/89
f 879/999/239 878/998/314 877/1000/347
f 865/986/27 880/1001/354 879/999/239
f 875/1002/1 865/1003/1 877/1004/1
f 873/1005/1 869/1006/1 865/1003/1
f 869/1006/1 866/1007/1 865/1003/1
f 879/1008/1 877/1004/1 865/1003/1
f 881/1009/2 883/1010/2 884/1011/2
f 883/1010/2 886/1012/2 884/1011/2
f 886/1012/2 887/1013/2 884/1011/2
f 888/1014/2 881/1009/2 884/1011/2
f 867/987/2 890/1015/2 868/988/2
f 867/987/2 891/1016/2 889/1017/2
f 872/991/2 891/1016/2 870/992/2
f 872/991/2 893/1018/2 892/1019/2
f 876/995/2 893/1018/2 874/996/2
f 878/998/2 894/1020/2 876/995/2
f 878/998/2 896/1021/2 895/1022/2
f 880/1001/2 890/1015/2 896/1021/2
f 890/1015/96 897/1009/355 898/1014/318
f 889/1017/241 899/1023/149 897/1009/320
f 892/1019/321 899/1023/321 891/1016/321
f 893/1018/336 900/1010/262 892/1019/212
f 893/1018/57 902/1012/285 901/1024/285
f 894/1020/216 903/1013/58 902/1012/324
f 896/1021/158 903/1013/306 895/1022/61
f 890/1015/327 904/1011/192 896/1021/220
f 897/190/340 888/191/350 898/192/350
f 899/859/237 881/860/237 897/861/237
f 900/862/69 882/863/70 899/859/70
f 901/198/113 883/199/73 900/200/73
f 902/201/74 885/202/74 901/198/223
f 903/864/76 886/865/76 902/866/76
f 904/867/162 887/868/162 903/864/162
f 898/192/330 884/208/330 904/209/329
f 2/1/1 3/4/1 4/2/1
f 6/3/2 7/1/2 8/4/2
f 4/5/3 6/1025/3 5/6/3
f 3/1/4 7/1026/4 6/8/4
f 2/5/5 8/1025/5 7/6/5
f 1/2/6 5/1027/6 8/9/6
f 10/10/1 11/13/1 12/11/1
f 14/12/2 15/10/2 16/13/2
f 12/5/3 14/1025/3 13/6/3
f 11/10/4 15/1028/4 14/14/4
f 10/5/5 16/1025/5 15/6/5
f 9/11/6 13/1029/6 16/15/6
f 18/16/1 19/19/1 20/17/1
f 22/18/2 23/16/2 24/19/2
f 20/5/3 22/1025/3 21/6/3
f 19/16/4 23/1030/4 22/20/4
f 18/5/5 24/1025/5 23/6/5
f 17/17/6 21/1031/6 24/21/6
f 26/22/1 27/25/1 28/23/1
f 30/24/2 31/22/2 32/25/2
f 28/5/3 30/1025/3 29/6/3
f 27/22/4 31/1032/4 30/26/4
f 26/5/5 32/1025/5 31/6/5
f 25/23/6 29/1033/6 32/27/6
f 34/28/1 35/31/1 36/29/1
f 38/30/2 39/28/2 40/31/2
f 36/5/3 38/1025/3 37/6/3
f 35/28/4 39/1034/4 38/32/4
f 34/5/5 40/1025/5 39/6/5
f 33/29/6 37/1035/6 40/33/6
f 42/34/1 43/1036/1 44/35/1
f 46/37/2 47/1037/2 48/38/2
f 44/40/6 46/1038/6 45/41/6
f 43/43/3 47/1039/3 46/44/3
f 42/46/4 48/1040/4 47/47/4
f 41/49/5 45/1041/5 48/50/5
f 50/52/1 51/1042/1 52/53/1
f 54/55/2 55/1043/2 56/56/2
f 52/40/6 54/1044/6 53/58/6
f 51/59/3 55/1045/3 54/60/3
f 50/46/4 56/1046/4 55/62/4
f 49/63/5 53/1047/5 56/64/5
f 58/66/1 59/1048/1 60/67/1
f 62/69/2 63/1049/2 64/70/2
f 60/40/6 62/1044/6 61/58/6
f 59/72/3 63/1050/3 62/73/3
f 58/46/4 64/1046/4 63/62/4
f 57/75/5 61/1051/5 64/76/5
f 66/78/1 67/103/1 68/79/1
f 68/40/6 69/1044/6 70/81/6
f 65/42/6 70/81/6 71/82/7
f 67/83/3 73/101/3 69/84/3
f 66/46/4 74/1046/4 75/86/4
f 67/48/4 75/86/4 76/87/4
f 65/88/5 72/107/5 74/89/5
f 73/91/2 76/97/2 70/92/2
f 72/94/2 71/98/2 75/95/2
f 78/97/2 79/95/2 80/98/2
f 70/81/6 77/1052/6 80/99/6
f 75/86/4 79/1053/4 78/100/4
f 76/101/3 81/104/3 82/102/3
f 78/103/3 83/105/3 81/104/3
f 77/79/3 84/106/3 83/105/3
f 70/84/3 82/102/3 84/106/3
f 71/107/5 85/109/5 86/108/5
f 80/93/5 87/110/5 85/109/5
f 79/91/5 88/111/5 87/110/5
f 75/89/5 86/108/5 88/111/5
f 81/112/8 89/1054/8 90/113/8
f 81/104/9 83/105/356 91/115/9
f 83/117/10 84/1055/10 92/118/10
f 82/102/11 90/134/11 92/120/11
f 86/121/13 85/1056/13 93/122/13
f 85/109/14 87/110/14 95/124/14
f 88/126/15 96/1057/15 95/127/15
f 86/108/16 94/141/16 96/129/16
f 90/113/17 89/1054/17 97/130/17
f 91/115/18 99/1058/18 97/132/19
f 92/118/20 100/147/20 99/133/20
f 90/134/21 98/1059/21 100/135/22
f 93/122/23 101/143/23 102/136/23
f 93/125/24 95/124/24 103/137/24
f 95/127/25 96/1057/25 104/139/25
f 94/141/26 102/1060/26 104/142/26
f 97/130/2 102/136/2 101/143/2
f 99/144/6 104/1061/6 102/145/6
f 100/147/1 103/140/1 104/139/1
f 98/148/4 101/1062/4 103/149/4
f 105/151/27 106/154/30 107/152/28
f 106/154/30 109/157/33 110/155/31
f 111/156/32 112/159/35 110/155/31
f 113/158/34 114/161/37 112/159/35
f 113/158/34 115/162/38 116/160/36
f 115/162/38 117/165/41 118/163/39
f 119/164/40 120/166/42 118/163/39
f 105/151/27 108/153/29 120/166/42
f 115/167/1 113/170/1 105/168/1
f 113/170/1 111/1063/1 109/171/1
f 121/174/2 122/188/2 123/175/2
f 123/175/2 125/189/2 126/177/2
f 108/153/2 107/152/2 129/180/2
f 107/152/2 110/155/2 131/182/2
f 112/159/2 132/183/2 131/182/2
f 114/161/2 133/184/2 132/183/2
f 116/160/2 134/185/2 133/184/2
f 118/163/2 135/187/2 134/185/2
f 118/163/2 120/166/2 136/186/2
f 120/166/2 108/153/2 130/181/2
f 129/180/43 137/174/357 138/179/44
f 129/180/46 131/182/319 139/188/47
f 132/183/49 140/175/358 139/188/50
f 132/183/52 133/184/359 141/189/53
f 134/185/55 142/177/360 141/189/56
f 135/187/58 143/178/60 142/177/59
f 135/187/61 136/186/361 144/176/62
f 136/186/63 130/181/109 138/179/64
f 137/190/66 121/1064/66 128/191/66
f 139/193/68 122/197/112 121/194/68
f 140/196/69 123/1065/69 122/197/70
f 141/198/72 125/202/73 123/199/72
f 142/201/74 126/1066/75 125/202/74
f 143/203/76 127/207/76 126/204/76
f 144/206/77 124/1067/77 127/207/77
f 138/192/78 128/191/79 124/208/78
f 145/210/80 146/213/83 147/211/81
f 146/213/83 149/216/86 150/214/84
f 151/215/85 152/218/88 150/214/84
f 153/217/87 154/220/90 152/218/88
f 153/217/87 155/221/91 156/219/89
f 155/221/91 157/224/94 158/222/92
f 159/223/93 160/225/95 158/222/92
f 145/210/80 148/212/82 160/225/95
f 157/226/1 155/1068/1 153/227/1
f 151/229/1 149/230/1 145/228/1
f 161/233/2 162/247/2 163/234/2
f 163/234/2 165/248/2 166/236/2
f 147/211/2 169/240/2 170/239/2
f 150/214/2 171/242/2 169/240/2
f 150/214/2 152/218/2 172/241/2
f 152/218/2 154/220/2 173/243/2
f 154/220/2 156/219/2 174/244/2
f 156/219/2 158/222/2 175/245/2
f 160/225/2 176/246/2 175/245/2
f 148/212/2 170/239/2 176/246/2
f 169/240/43 177/233/44 178/238/96
f 171/242/98 179/247/151 177/233/99
f 171/242/101 172/241/185 180/234/102
f 172/241/52 173/243/187 181/248/103
f 174/244/57 182/236/285 181/248/57
f 175/245/104 183/237/362 182/236/105
f 175/245/107 176/246/158 184/235/61
f 176/246/109 170/239/109 178/238/109
f 177/249/67 161/1069/111 168/250/67
f 179/193/112 162/197/68 161/194/112
f 180/196/69 163/1065/69 162/197/69
f 181/252/113 165/256/73 163/253/113
f 182/255/74 166/1070/74 165/256/74
f 183/203/114 167/207/115 166/204/114
f 184/206/116 164/1067/117 167/207/116
f 178/251/78 168/250/78 164/257/78
f 186/259/118 187/263/121 188/260/119
f 186/259/118 189/265/123 190/262/33
f 191/264/122 192/267/125 190/262/33
f 191/264/122 193/269/127 194/266/124
f 195/268/126 196/271/128 194/266/124
f 195/268/126 197/273/41 198/270/94
f 199/272/129 200/274/130 198/270/94
f 199/272/129 185/261/120 188/260/119
f 195/275/1 193/279/1 185/276/1
f 191/278/1 189/280/1 185/276/1
f 201/283/2 202/297/2 203/284/2
f 203/284/2 205/298/2 206/286/2
f 188/260/2 187/263/2 209/289/2
f 190/262/2 211/292/2 209/289/2
f 190/262/2 192/267/2 212/291/2
f 194/266/2 213/294/2 212/291/2
f 194/266/2 196/271/2 214/293/2
f 198/270/2 215/296/2 214/293/2
f 198/270/2 200/274/2 216/295/2
f 188/260/2 210/290/2 216/295/2
f 209/289/43 217/283/357 218/288/96
f 209/289/46 211/292/319 219/297/131
f 212/291/49 220/284/358 219/297/132
f 212/291/52 213/294/187 221/298/103
f 214/293/55 222/286/363 221/298/134
f 214/293/135 215/296/273 223/287/136
f 216/295/138 224/285/364 223/287/139
f 216/295/63 210/290/109 218/288/141
f 217/299/67 201/1071/111 208/300/67
f 219/193/112 202/197/68 201/194/112
f 220/196/70 203/1065/70 202/197/70
f 221/302/73 205/306/73 203/303/73
f 222/305/75 206/1072/75 205/306/75
f 223/203/143 207/207/143 206/204/143
f 224/206/77 204/1067/77 207/207/77
f 218/301/78 208/300/79 204/307/78
f 225/309/80 226/312/144 227/310/81
f 226/312/144 229/315/33 230/313/145
f 231/314/146 232/317/88 230/313/145
f 233/316/87 234/319/90 232/317/88
f 233/316/87 235/320/147 236/318/89
f 235/320/147 237/323/94 238/321/92
f 239/322/93 240/324/95 238/321/92
f 225/309/80 228/311/82 240/324/95
f 237/325/1 235/1073/1 233/326/1
f 233/326/1 231/1074/1 229/328/1
f 241/331/2 242/345/2 243/332/2
f 243/332/2 245/346/2 246/334/2
f 227/310/2 249/339/2 250/337/2
f 227/310/2 230/313/2 251/338/2
f 232/317/2 252/341/2 251/338/2
f 232/317/2 234/319/2 253/340/2
f 234/319/2 236/318/2 254/342/2
f 236/318/2 238/321/2 255/343/2
f 240/324/2 256/344/2 255/343/2
f 228/311/2 250/337/2 256/344/2
f 249/339/148 257/331/148 258/336/148
f 251/338/149 259/345/211 257/331/150
f 251/338/152 252/341/365 260/332/153
f 252/341/154 253/340/154 261/346/154
f 254/342/57 262/334/285 261/346/57
f 255/343/104 263/335/362 262/334/155
f 255/343/157 256/344/61 264/333/158
f 256/344/109 250/337/109 258/336/109
f 257/347/159 241/1075/111 248/348/159
f 259/193/68 242/197/68 241/194/68
f 260/196/69 243/1065/69 242/197/69
f 261/350/160 245/354/113 243/351/160
f 262/353/74 246/1076/74 245/354/74
f 263/203/161 247/207/115 246/204/161
f 264/206/162 244/1067/162 247/207/162
f 258/349/78 248/348/78 244/355/78
f 265/357/163 266/360/83 267/358/81
f 266/360/83 269/363/86 270/361/84
f 271/362/85 272/365/88 270/361/84
f 273/364/164 274/367/165 272/365/88
f 275/366/126 276/369/166 274/367/165
f 275/366/126 277/371/92 278/368/94
f 279/370/129 280/372/130 278/368/94
f 279/370/129 265/357/163 268/359/163
f 275/373/1 273/377/1 265/374/1
f 271/376/1 269/378/1 265/374/1
f 281/381/2 282/395/2 283/382/2
f 283/382/2 285/396/2 286/384/2
f 267/358/2 289/388/2 290/387/2
f 270/361/2 291/390/2 289/388/2
f 270/361/2 272/365/2 292/389/2
f 272/365/2 274/367/2 293/391/2
f 274/367/2 276/369/2 294/392/2
f 278/368/2 295/394/2 294/392/2
f 278/368/2 280/372/2 296/393/2
f 268/359/2 290/387/2 296/393/2
f 289/388/43 297/381/357 298/386/96
f 289/388/46 291/390/319 299/395/131
f 292/389/49 300/382/358 299/395/132
f 292/389/52 293/391/187 301/396/103
f 294/392/55 302/384/366 301/396/134
f 294/392/135 295/394/273 303/385/136
f 296/393/138 304/383/364 303/385/139
f 296/393/63 290/387/109 298/386/141
f 297/397/67 281/1077/111 288/398/67
f 299/193/68 282/197/68 281/194/68
f 300/196/70 283/1065/69 282/197/70
f 301/400/73 285/404/73 283/401/73
f 302/403/167 286/1078/74 285/404/167
f 303/203/143 287/207/76 286/204/143
f 304/206/77 284/1067/77 287/207/77
f 298/399/168 288/398/78 284/405/168
f 305/407/169 306/410/171 307/408/81
f 306/410/171 309/413/172 310/411/172
f 311/412/173 312/415/88 310/411/172
f 313/414/174 314/417/176 312/415/88
f 315/416/175 316/419/178 314/417/176
f 317/418/177 318/421/180 316/419/178
f 317/418/177 319/422/181 320/420/179
f 319/422/181 305/407/169 308/409/170
f 315/423/1 313/427/1 305/424/1
f 311/426/1 309/428/1 305/424/1
f 321/431/2 322/446/2 323/432/2
f 325/434/2 326/435/2 324/433/2
f 308/409/2 307/408/2 329/438/2
f 307/408/2 310/411/2 331/440/2
f 310/411/2 312/415/2 332/441/2
f 312/415/2 314/417/2 333/442/2
f 316/419/2 334/443/2 333/442/2
f 318/421/2 335/444/2 334/443/2
f 320/420/2 336/445/2 335/444/2
f 308/409/2 330/439/2 336/445/2
f 330/439/182 329/438/367 337/431/183
f 329/438/46 331/440/319 339/446/131
f 332/441/185 340/432/284 339/446/51
f 333/442/186 341/434/368 340/432/187
f 333/442/189 334/443/369 342/435/190
f 334/443/60 335/444/273 343/436/60
f 336/445/138 344/433/364 343/436/140
f 330/439/192 338/437/193 344/433/141
f 337/397/111 321/1077/111 328/398/111
f 339/447/68 322/451/68 321/448/68
f 340/450/194 323/1079/194 322/451/194
f 341/400/195 325/404/222 323/401/195
f 342/403/196 326/1078/197 325/404/196
f 343/452/161 327/456/161 326/453/161
f 344/455/77 324/1080/77 327/456/77
f 338/399/198 328/398/79 324/405/79
f 345/457/80 346/461/201 347/458/118
f 349/460/200 350/463/202 347/458/118
f 349/460/200 351/465/203 352/462/85
f 353/464/87 354/467/204 352/462/85
f 353/464/87 355/469/205 356/466/126
f 357/468/177 358/471/207 356/466/126
f 357/468/177 359/472/208 360/470/206
f 345/457/80 348/459/199 360/470/206
f 357/473/1 355/1081/1 353/474/1
f 353/474/1 351/1082/1 349/476/1
f 361/479/2 362/494/2 363/480/2
f 365/482/2 366/483/2 364/481/2
f 348/459/2 347/458/2 369/486/2
f 347/458/2 350/463/2 371/488/2
f 352/462/2 372/490/2 371/488/2
f 352/462/2 354/467/2 373/489/2
f 356/466/2 374/492/2 373/489/2
f 356/466/2 358/471/2 375/491/2
f 360/470/2 376/493/2 375/491/2
f 348/459/2 370/487/2 376/493/2
f 369/486/209 377/479/370 378/485/210
f 371/488/211 379/494/149 377/479/150
f 372/490/153 380/480/153 379/494/153
f 372/490/212 373/489/323 381/482/213
f 373/489/214 374/492/233 382/483/214
f 375/491/215 383/484/215 382/483/216
f 375/491/157 376/493/158 384/481/217
f 376/493/219 370/487/193 378/485/220
f 377/347/66 361/1075/111 368/348/66
f 379/447/112 362/451/112 361/448/112
f 380/450/194 363/1079/194 362/451/194
f 381/350/222 365/354/160 363/351/222
f 382/353/223 366/1076/167 365/354/223
f 383/452/161 367/456/161 366/453/161
f 384/455/162 364/1080/162 367/456/162
f 378/349/168 368/348/168 364/355/168
f 386/495/224 387/499/226 388/496/225
f 389/498/200 390/501/172 387/499/226
f 389/498/200 391/502/228 392/500/227
f 391/502/228 393/505/124 394/503/229
f 395/504/175 396/507/178 394/503/229
f 397/506/177 398/509/230 396/507/178
f 397/506/177 399/510/181 400/508/179
f 399/510/181 385/497/119 388/496/225
f 395/511/1 393/515/1 385/512/1
f 391/514/1 389/516/1 385/512/1
f 401/519/2 402/534/2 403/520/2
f 405/522/2 406/523/2 404/521/2
f 388/496/2 387/499/2 409/526/2
f 387/499/2 390/501/2 411/528/2
f 390/501/2 392/500/2 412/529/2
f 392/500/2 394/503/2 413/530/2
f 396/507/2 414/531/2 413/530/2
f 398/509/2 415/532/2 414/531/2
f 400/508/2 416/533/2 415/532/2
f 388/496/2 410/527/2 416/533/2
f 410/527/182 409/526/367 417/519/183
f 409/526/46 411/528/319 419/534/131
f 412/529/185 420/520/284 419/534/51
f 413/530/186 421/522/368 420/520/231
f 413/530/189 414/531/233 422/523/233
f 414/531/60 415/532/273 423/524/60
f 416/533/138 424/521/364 423/524/140
f 410/527/109 418/525/249 424/521/235
f 417/299/111 401/1071/111 408/300/111
f 419/447/237 402/451/68 401/448/237
f 420/450/194 403/1079/194 402/451/194
f 421/302/195 405/306/222 403/303/195
f 422/305/196 406/1072/197 405/306/196
f 423/452/161 407/456/161 406/453/161
f 424/455/77 404/1080/77 407/456/77
f 418/301/79 408/300/79 404/307/79
f 425/535/80 426/538/171 427/536/81
f 426/538/171 429/541/238 430/539/172
f 431/540/173 432/543/88 430/539/172
f 433/542/87 434/545/204 432/543/88
f 433/542/87 435/547/205 436/544/126
f 437/546/177 438/549/207 436/544/126
f 437/546/177 439/550/239 440/548/206
f 425/535/80 428/537/199 440/548/206
f 437/551/1 435/1083/1 433/552/1
f 431/554/1 429/555/1 425/553/1
f 441/558/2 442/573/2 443/559/2
f 445/561/2 446/562/2 444/560/2
f 428/537/2 427/536/2 449/565/2
f 430/539/2 451/568/2 449/565/2
f 430/539/2 432/543/2 452/567/2
f 432/543/2 434/545/2 453/569/2
f 436/544/2 454/571/2 453/569/2
f 436/544/2 438/549/2 455/570/2
f 440/548/2 456/572/2 455/570/2
f 428/537/2 450/566/2 456/572/2
f 450/566/97 449/565/210 457/558/183
f 451/568/150 459/573/150 457/558/240
f 452/567/242 460/559/284 459/573/101
f 453/569/186 461/561/368 460/559/244
f 453/569/246 454/571/247 462/562/247
f 455/570/248 463/563/60 462/562/58
f 455/570/107 456/572/158 464/560/61
f 456/572/249 450/566/220 458/564/193
f 457/249/111 441/1069/111 448/250/159
f 459/447/112 442/451/237 441/448/112
f 460/450/194 443/1079/194 442/451/194
f 461/252/195 445/256/195 443/253/195
f 462/255/197 446/1070/167 445/256/197
f 463/452/250 447/456/161 446/453/250
f 464/455/116 444/1080/117 447/456/116
f 458/251/168 448/250/168 444/257/168
f 465/574/27 466/578/253 467/575/251
f 469/577/200 470/580/202 467/575/251
f 469/577/200 471/582/254 472/579/122
f 473/581/34 474/584/256 472/579/122
f 473/581/34 475/585/257 476/583/255
f 475/585/257 477/588/230 478/586/258
f 479/587/259 480/589/42 478/586/258
f 465/574/27 468/576/252 480/589/42
f 475/590/1 473/593/1 465/591/1
f 473/593/1 471/1084/1 469/594/1
f 481/597/2 482/612/2 483/598/2
f 485/600/2 486/601/2 484/599/2
f 468/576/2 467/575/2 489/604/2
f 467/575/2 470/580/2 491/606/2
f 472/579/2 492/608/2 491/606/2
f 472/579/2 474/584/2 493/607/2
f 476/583/2 494/609/2 493/607/2
f 478/586/2 495/611/2 494/609/2
f 478/586/2 480/589/2 496/610/2
f 468/576/2 490/605/2 496/610/2
f 490/605/182 489/604/371 497/597/260
f 489/604/46 491/606/319 499/612/47
f 492/608/185 500/598/284 499/612/185
f 493/607/186 501/600/368 500/598/212
f 493/607/189 494/609/233 502/601/233
f 494/609/216 495/611/372 503/602/105
f 495/611/217 496/610/373 504/599/62
f 490/605/192 498/603/249 504/599/235
f 497/190/66 481/1064/159 488/191/159
f 499/447/112 482/451/68 481/448/112
f 500/450/194 483/1079/194 482/451/194
f 501/198/222 485/202/374 483/199/222
f 502/201/197 486/1066/196 485/202/197
f 503/452/161 487/456/161 486/453/161
f 504/455/263 484/1080/77 487/456/263
f 498/192/79 488/191/79 484/208/79
f 506/613/264 507/617/264 508/614/120
f 506/613/264 509/619/86 510/616/86
f 511/618/85 512/621/265 510/616/86
f 513/620/124 514/623/127 512/621/265
f 515/622/266 516/625/268 514/623/127
f 515/622/266 517/626/269 518/624/267
f 517/626/269 519/628/206 520/627/270
f 519/628/206 505/615/120 508/614/120
f 515/629/1 513/633/1 505/630/1
f 511/632/1 509/634/1 505/630/1
f 521/637/2 522/651/2 523/638/2
f 523/638/2 525/652/2 526/640/2
f 507/617/2 529/645/2 530/643/2
f 507/617/2 510/616/2 531/644/2
f 510/616/2 512/621/2 532/646/2
f 512/621/2 514/623/2 533/647/2
f 516/625/2 534/648/2 533/647/2
f 518/624/2 535/649/2 534/648/2
f 520/627/2 536/650/2 535/649/2
f 508/614/2 530/643/2 536/650/2
f 529/645/43 537/637/375 538/642/271
f 529/645/46 531/644/319 539/651/131
f 532/646/49 540/638/132 539/651/132
f 532/646/52 533/647/359 541/652/103
f 534/648/55 542/640/376 541/652/56
f 534/648/135 535/649/273 543/641/273
f 536/650/138 544/639/364 543/641/139
f 536/650/63 530/643/64 538/642/274
f 537/397/111 521/1077/111 528/398/111
f 539/653/112 522/657/68 521/654/112
f 540/656/69 523/1085/69 522/657/70
f 541/400/73 525/404/73 523/401/73
f 542/403/75 526/1078/75 525/404/223
f 543/658/143 527/662/76 526/659/143
f 544/661/77 524/1086/77 527/662/77
f 538/399/168 528/398/79 524/405/198
f 546/663/276 547/667/278 548/664/82
f 549/666/277 550/669/279 547/667/278
f 551/668/146 552/671/265 550/669/279
f 553/670/204 554/673/204 552/671/265
f 553/670/204 555/674/91 556/672/280
f 555/674/91 557/676/180 558/675/281
f 557/676/180 559/678/282 560/677/270
f 559/678/282 545/665/82 548/664/82
f 557/679/1 555/1087/1 553/680/1
f 553/680/1 551/1088/1 549/682/1
f 561/685/2 562/699/2 563/686/2
f 563/686/2 565/700/2 566/688/2
f 548/664/2 547/667/2 569/691/2
f 547/667/2 550/669/2 571/693/2
f 552/671/2 572/695/2 571/693/2
f 552/671/2 554/673/2 573/694/2
f 556/672/2 574/697/2 573/694/2
f 556/672/2 558/675/2 575/696/2
f 560/677/2 576/698/2 575/696/2
f 548/664/2 570/692/2 576/698/2
f 569/691/148 577/685/148 578/690/148
f 571/693/151 579/699/377 577/685/241
f 571/693/185 572/695/185 580/686/284
f 572/695/154 573/694/154 581/700/154
f 574/697/285 582/688/285 581/700/57
f 575/696/104 583/689/378 582/688/105
f 575/696/157 576/698/379 584/687/217
f 576/698/109 570/692/64 578/690/64
f 577/347/159 561/1075/111 568/348/159
f 579/653/68 562/657/68 561/654/68
f 580/656/69 563/1085/69 562/657/69
f 581/350/72 565/354/72 563/351/72
f 582/353/167 566/1076/167 565/354/167
f 583/658/115 567/662/161 566/659/115
f 584/661/162 564/1086/162 567/662/162
f 578/349/168 568/348/168 564/355/168
f 586/701/251 587/705/278 588/702/288
f 589/704/289 590/707/289 587/705/278
f 591/706/290 592/709/291 590/707/289
f 591/706/290 593/711/124 594/708/127
f 595/710/266 596/713/292 594/708/127
f 595/710/266 597/714/267 598/712/267
f 597/714/267 599/716/206 600/715/179
f 599/716/206 585/703/120 588/702/288
f 595/717/1 593/721/1 585/718/1
f 591/720/1 589/722/1 585/718/1
f 601/725/2 602/739/2 603/726/2
f 603/726/2 605/740/2 606/728/2
f 588/702/2 587/705/2 609/731/2
f 587/705/2 590/707/2 611/733/2
f 590/707/2 592/709/2 612/734/2
f 592/709/2 594/708/2 613/735/2
f 596/713/2 614/736/2 613/735/2
f 598/712/2 615/737/2 614/736/2
f 600/715/2 616/738/2 615/737/2
f 588/702/2 610/732/2 616/738/2
f 609/731/43 617/725/375 618/730/271
f 609/731/46 611/733/319 619/739/131
f 612/734/49 620/726/380 619/739/132
f 612/734/52 613/735/359 621/740/186
f 614/736/55 622/728/376 621/740/56
f 614/736/135 615/737/273 623/729/273
f 616/738/138 624/727/364 623/729/139
f 616/738/63 610/732/64 618/730/274
f 617/299/111 601/1071/111 608/300/111
f 619/653/112 602/657/68 601/654/112
f 620/656/70 603/1085/69 602/657/70
f 621/302/73 605/306/73 603/303/73
f 622/305/75 606/1072/75 605/306/75
f 623/658/76 607/662/76 606/659/76
f 624/661/77 604/1086/77 607/662/77
f 618/301/79 608/300/79 604/307/79
f 626/741/264 627/745/264 628/742/82
f 626/741/264 629/747/86 630/744/86
f 631/746/85 632/749/265 630/744/86
f 633/748/204 634/751/204 632/749/265
f 633/748/204 635/752/91 636/750/280
f 635/752/91 637/754/180 638/753/281
f 637/754/180 639/756/282 640/755/270
f 639/756/282 625/743/82 628/742/82
f 637/757/1 635/1089/1 633/758/1
f 631/760/1 629/761/1 625/759/1
f 641/764/2 642/778/2 643/765/2
f 643/765/2 645/779/2 646/767/2
f 627/745/2 649/771/2 650/770/2
f 630/744/2 651/773/2 649/771/2
f 630/744/2 632/749/2 652/772/2
f 632/749/2 634/751/2 653/774/2
f 636/750/2 654/776/2 653/774/2
f 636/750/2 638/753/2 655/775/2
f 640/755/2 656/777/2 655/775/2
f 628/742/2 650/770/2 656/777/2
f 649/771/43 657/764/375 658/769/271
f 651/773/294 659/778/98 657/764/99
f 651/773/295 652/772/185 660/765/102
f 652/772/52 653/774/359 661/779/103
f 654/776/285 662/767/285 661/779/57
f 655/775/296 663/768/381 662/767/297
f 655/775/107 656/777/61 664/766/61
f 656/777/109 650/770/64 658/769/64
f 657/249/111 641/1069/111 648/250/111
f 659/653/112 642/657/237 641/654/112
f 660/656/70 643/1085/69 642/657/70
f 661/252/160 645/256/73 643/253/73
f 662/255/167 646/1070/167 645/256/167
f 663/658/161 647/662/161 646/659/161
f 664/661/116 644/1086/117 647/662/116
f 658/251/168 648/250/168 644/257/168
f 666/780/299 667/784/300 668/781/29
f 669/783/277 670/786/279 667/784/300
f 671/785/301 672/788/302 670/786/279
f 673/787/256 674/790/256 672/788/302
f 673/787/256 675/791/38 676/789/303
f 675/791/38 677/794/41 678/792/41
f 679/793/304 680/795/304 678/792/41
f 679/793/304 665/782/29 668/781/29
f 675/796/1 673/799/1 665/797/1
f 673/799/1 671/1090/1 669/800/1
f 681/803/2 682/817/2 683/804/2
f 683/804/2 685/818/2 686/806/2
f 668/781/2 667/784/2 689/809/2
f 667/784/2 670/786/2 691/811/2
f 672/788/2 692/813/2 691/811/2
f 672/788/2 674/790/2 693/812/2
f 676/789/2 694/814/2 693/812/2
f 678/792/2 695/816/2 694/814/2
f 678/792/2 680/795/2 696/815/2
f 680/795/2 668/781/2 690/810/2
f 689/809/96 697/803/375 698/808/271
f 689/809/46 691/811/319 699/817/47
f 692/813/49 700/804/358 699/817/50
f 692/813/52 693/812/359 701/818/103
f 694/814/55 702/806/376 701/818/56
f 695/816/305 703/807/191 702/806/59
f 695/816/306 696/815/361 704/805/62
f 696/815/63 690/810/64 698/808/274
f 697/190/111 681/1064/159 688/191/111
f 699/653/68 682/657/68 681/654/68
f 700/656/69 683/1085/69 682/657/70
f 701/198/160 685/202/72 683/199/72
f 702/201/75 686/1066/75 685/202/75
f 703/658/143 687/662/76 686/659/143
f 704/661/77 684/1086/77 687/662/77
f 698/192/79 688/191/79 684/208/79
f 705/819/169 706/822/253 707/820/300
f 706/822/253 709/825/307 710/823/307
f 711/824/308 712/827/309 710/823/307
f 713/826/174 714/829/176 712/827/309
f 715/828/310 716/831/312 714/829/176
f 717/830/311 718/833/314 716/831/312
f 717/830/311 719/834/315 720/832/313
f 719/834/315 705/819/169 708/821/170
f 715/835/1 713/839/1 705/836/1
f 711/838/1 709/840/1 705/836/1
f 721/843/2 722/857/2 723/844/2
f 723/844/2 725/858/2 726/846/2
f 707/820/2 729/850/2 730/849/2
f 710/823/2 731/852/2 729/850/2
f 710/823/2 712/827/2 732/851/2
f 712/827/2 714/829/2 733/853/2
f 716/831/2 734/855/2 733/853/2
f 716/831/2 718/833/2 735/854/2
f 718/833/2 720/832/2 736/856/2
f 720/832/2 708/821/2 730/849/2
f 730/849/316 729/850/182 737/843/317
f 729/850/241 731/852/319 739/857/319
f 732/851/321 740/844/321 739/857/321
f 733/853/323 741/858/262 740/844/188
f 733/853/247 734/855/233 742/846/285
f 734/855/324 735/854/324 743/847/324
f 736/856/325 744/845/382 743/847/218
f 730/849/327 738/848/383 744/845/328
f 737/397/66 721/1077/66 728/398/66
f 739/859/237 722/863/237 721/860/237
f 740/862/69 723/1091/69 722/863/69
f 741/400/113 725/404/73 723/401/113
f 742/403/74 726/1078/223 725/404/74
f 743/864/76 727/868/76 726/865/76
f 744/867/162 724/1092/162 727/868/162
f 738/399/329 728/398/330 724/405/329
f 745/869/80 746/873/299 747/870/83
f 749/872/331 750/875/332 747/870/83
f 749/872/331 751/877/265 752/874/122
f 753/876/87 754/879/204 752/874/122
f 753/876/87 755/881/257 756/878/333
f 757/880/311 758/883/334 756/878/333
f 757/880/311 759/884/304 760/882/129
f 745/869/80 748/871/199 760/882/129
f 757/885/1 755/1093/1 753/886/1
f 753/886/1 751/1094/1 749/888/1
f 761/891/2 762/905/2 763/892/2
f 763/892/2 765/906/2 766/894/2
f 747/870/2 769/899/2 770/897/2
f 747/870/2 750/875/2 771/898/2
f 752/874/2 772/901/2 771/898/2
f 752/874/2 754/879/2 773/900/2
f 756/878/2 774/903/2 773/900/2
f 756/878/2 758/883/2 775/902/2
f 760/882/2 776/904/2 775/902/2
f 760/882/2 748/871/2 770/897/2
f 769/899/210 777/891/184 778/896/335
f 769/899/150 771/898/211 779/905/211
f 772/901/284 780/892/185 779/905/153
f 772/901/336 773/900/187 781/906/336
f 774/903/214 782/894/247 781/906/214
f 774/903/216 775/902/384 783/895/337
f 775/902/158 776/904/217 784/893/217
f 770/897/339 778/896/193 784/893/249
f 777/347/340 761/1075/340 768/348/340
f 779/859/237 762/863/237 761/860/237
f 780/862/71 763/1091/71 762/863/71
f 781/350/113 765/354/113 763/351/113
f 782/353/74 766/1076/74 765/354/74
f 783/864/161 767/868/161 766/865/161
f 784/867/341 764/1092/162 767/868/341
f 778/349/198 768/348/168 764/355/198
f 786/907/342 787/911/343 788/908/225
f 789/910/331 790/913/307 787/911/343
f 789/910/331 791/914/345 792/912/344
f 791/914/345 793/917/124 794/915/346
f 795/916/310 796/919/312 794/915/346
f 797/918/311 798/921/347 796/919/312
f 797/918/311 799/922/315 800/920/313
f 799/922/315 785/909/119 788/908/225
f 795/923/1 793/927/1 785/924/1
f 791/926/1 789/928/1 785/924/1
f 801/931/2 802/945/2 803/932/2
f 803/932/2 805/946/2 806/934/2
f 787/911/2 809/938/2 810/937/2
f 790/913/2 811/939/2 809/938/2
f 792/912/2 812/941/2 811/939/2
f 792/912/2 794/915/2 813/940/2
f 796/919/2 814/943/2 813/940/2
f 796/919/2 798/921/2 815/942/2
f 798/921/2 800/920/2 816/944/2
f 800/920/2 788/908/2 810/937/2
f 810/937/316 809/938/367 817/931/261
f 809/938/241 811/939/319 819/945/319
f 812/941/321 820/932/321 819/945/321
f 813/940/323 821/946/262 820/932/188
f 813/940/247 814/943/57 822/934/247
f 814/943/324 815/942/324 823/935/324
f 816/944/325 824/933/382 823/935/218
f 810/937/327 818/936/385 824/933/328
f 817/299/66 801/1071/66 808/300/66
f 819/859/237 802/863/237 801/860/237
f 820/862/70 803/1091/69 802/863/70
f 821/302/73 805/306/73 803/303/73
f 822/305/75 806/1072/75 805/306/75
f 823/864/143 807/868/76 806/865/143
f 824/867/162 804/1092/162 807/868/162
f 818/301/198 808/300/198 804/307/198
f 825/947/80 826/950/253 827/948/300
f 826/950/253 829/953/307 830/951/307
f 831/952/308 832/955/88 830/951/307
f 833/954/87 834/957/204 832/955/88
f 833/954/87 835/959/257 836/956/333
f 837/958/311 838/961/334 836/956/333
f 837/958/311 839/962/304 840/960/129
f 825/947/80 828/949/199 840/960/129
f 837/963/1 835/1095/1 833/964/1
f 831/966/1 829/967/1 825/965/1
f 841/970/2 842/984/2 843/971/2
f 843/971/2 845/985/2 846/973/2
f 827/948/2 849/977/2 850/976/2
f 830/951/2 851/979/2 849/977/2
f 830/951/2 832/955/2 852/978/2
f 832/955/2 834/957/2 853/980/2
f 836/956/2 854/982/2 853/980/2
f 836/956/2 838/961/2 855/981/2
f 840/960/2 856/983/2 855/981/2
f 840/960/2 828/949/2 850/976/2
f 850/976/316 849/977/210 857/970/210
f 849/977/151 851/979/151 859/984/150
f 852/978/348 860/971/295 859/984/284
f 853/980/336 861/985/336 860/971/336
f 854/982/247 862/973/233 861/985/214
f 854/982/106 855/981/324 863/974/337
f 855/981/61 856/983/61 864/972/61
f 850/976/349 858/975/220 864/972/220
f 857/249/350 841/1069/350 848/250/350
f 859/859/237 842/863/237 841/860/237
f 860/862/70 843/1091/69 842/863/70
f 861/252/113 845/256/72 843/253/113
f 862/255/74 846/1070/74 845/256/74
f 863/864/114 847/868/115 846/865/114
f 864/867/341 844/1092/351 847/868/341
f 858/251/330 848/250/78 844/257/330
f 865/986/27 866/990/264 867/987/118
f 869/989/331 870/992/332 867/987/118
f 869/989/331 871/994/173 872/991/352
f 873/993/34 874/996/256 872/991/352
f 873/993/34 875/997/353 876/995/89
f 875/997/353 877/1000/347 878/998/314
f 879/999/239 880/1001/354 878/998/314
f 865/986/27 868/988/252 880/1001/354
f 875/1002/1 873/1005/1 865/1003/1
f 873/1005/1 871/1096/1 869/1006/1
f 881/1009/2 882/1023/2 883/1010/2
f 883/1010/2 885/1024/2 886/1012/2
f 867/987/2 889/1017/2 890/1015/2
f 867/987/2 870/992/2 891/1016/2
f 872/991/2 892/1019/2 891/1016/2
f 872/991/2 874/996/2 893/1018/2
f 876/995/2 894/1020/2 893/1018/2
f 878/998/2 895/1022/2 894/1020/2
f 878/998/2 880/1001/2 896/1021/2
f 880/1001/2 868/988/2 890/1015/2
f 890/1015/96 889/1017/182 897/1009/355
f 889/1017/241 891/1016/319 899/1023/149
f 892/1019/321 900/1010/321 899/1023/321
f 893/1018/336 901/1024/187 900/1010/262
f 893/1018/57 894/1020/233 902/1012/285
f 894/1020/216 895/1022/216 903/1013/58
f 896/1021/158 904/1011/382 903/1013/306
f 890/1015/327 898/1014/385 904/1011/192
f 897/190/340 881/1064/350 888/191/350
f 899/859/237 882/863/237 881/860/237
f 900/862/69 883/1091/69 882/863/70
f 901/198/113 885/202/113 883/199/73
f 902/201/74 886/1066/223 885/202/74
f 903/864/76 887/868/76 886/865/76
f 904/867/162 884/1092/162 887/868/162
f 898/192/330 888/191/329 884/208/330
