# Blender 5.1.0
# www.blender.org
mtllib gibs_1_010.mtl
o brain
v -0.058770 0.463477 -0.120957
v -0.044171 0.475300 -0.100106
v -0.027331 0.455653 -0.140604
v -0.015462 0.468830 -0.116807
v -0.046398 0.439944 -0.163170
v -0.073564 0.445830 -0.144964
v -0.086856 0.424136 -0.160713
v -0.058575 0.423403 -0.173025
v -0.061772 0.413135 -0.184740
v -0.085915 0.411251 -0.180475
v -0.005014 0.477432 -0.093912
v -0.031019 0.483234 -0.079841
v -0.013606 0.488745 -0.060477
v 0.007278 0.484491 -0.073645
v -0.048036 0.402303 -0.180275
v -0.039431 0.412412 -0.165124
v -0.038031 0.422561 -0.186838
v -0.042581 0.413417 -0.196488
v -0.031815 0.430535 -0.161355
v -0.027988 0.434393 -0.174528
v -0.014085 0.445486 -0.140492
v -0.010369 0.450718 -0.153584
v 0.000085 0.454971 -0.117964
v 0.008434 0.459780 -0.126730
v 0.010573 0.461039 -0.092202
v 0.026864 0.458647 -0.063873
v 0.024662 0.460710 -0.092902
v 0.037182 0.457049 -0.075683
v 0.030795 0.466349 -0.047605
v 0.017818 0.486521 -0.053360
v 0.000303 0.487778 -0.042186
v 0.042221 0.458239 -0.100405
v 0.048902 0.459523 -0.081190
v 0.025702 0.457669 -0.136315
v 0.028497 0.453119 -0.151298
v 0.026447 0.438987 -0.172600
v 0.010661 0.435583 -0.177667
v -0.000402 0.424235 -0.190797
v -0.010324 0.409093 -0.196101
v -0.010453 0.402301 -0.203083
v -0.038371 0.400698 -0.214211
v -0.009839 0.398855 -0.219070
v -0.047494 0.390370 -0.203434
v -0.057529 0.394405 -0.202652
v -0.071724 0.392604 -0.203326
v 0.051642 0.447720 -0.146367
v 0.050922 0.436751 -0.170342
v 0.042951 0.427589 -0.125232
v 0.054059 0.441819 -0.097073
v 0.060553 0.448786 -0.075048
v 0.002530 0.397180 -0.220575
v 0.005494 0.402078 -0.191663
v 0.001415 0.392713 -0.199746
v 0.013928 0.412458 -0.183569
v 0.018393 0.421860 -0.177352
v 0.029453 0.424136 -0.174457
v 0.053341 0.418527 -0.166957
v 0.078577 0.409001 -0.174215
v 0.077794 0.431242 -0.171032
v 0.082521 0.444253 -0.152099
v -0.088773 0.399602 -0.178501
v -0.081539 0.385197 -0.194559
v -0.103618 0.389364 -0.196667
v -0.105016 0.403502 -0.181198
v -0.126385 0.384481 -0.198493
v -0.128517 0.401953 -0.178538
v -0.129257 0.404427 -0.163591
v -0.105546 0.408002 -0.155512
v -0.093259 0.409922 -0.158502
v -0.139116 0.394148 -0.163145
v -0.143646 0.394444 -0.179468
v -0.156057 0.380601 -0.189902
v -0.150204 0.402272 -0.161412
v -0.136617 0.413753 -0.159872
v -0.114444 0.423732 -0.152105
v -0.089249 0.416452 -0.137825
v -0.076380 0.383137 -0.214872
v -0.058740 0.380073 -0.225564
v -0.071212 0.360964 -0.239073
v -0.102537 0.370824 -0.224451
v -0.099799 0.341170 -0.250978
v -0.074855 0.343111 -0.255826
v -0.114476 0.363925 -0.216053
v -0.122147 0.339032 -0.234457
v -0.078323 0.380749 -0.199151
v -0.082356 0.378969 -0.191327
v -0.103653 0.377607 -0.194767
v -0.122532 0.356647 -0.187511
v -0.154936 0.367474 -0.187050
v -0.145430 0.361052 -0.208728
v -0.131239 0.339590 -0.218708
v -0.079780 0.374507 -0.203795
v -0.160551 0.363539 -0.202119
v -0.145239 0.342672 -0.221661
v -0.173597 0.349891 -0.189944
v -0.168302 0.352362 -0.169447
v -0.174323 0.371865 -0.179842
v -0.141556 0.420880 -0.138757
v -0.159068 0.407254 -0.147657
v -0.158654 0.404600 -0.137157
v -0.143753 0.418119 -0.132588
v -0.117901 0.434281 -0.138759
v -0.106988 0.431194 -0.124839
v -0.059185 0.443867 -0.100167
v -0.054460 0.463817 -0.090395
v -0.036514 0.467357 -0.059981
v -0.022038 0.477185 -0.051027
v -0.007094 0.475969 -0.037446
v 0.007097 0.492143 -0.020750
v 0.020375 0.492658 -0.004532
v 0.034080 0.492743 -0.011529
v 0.021290 0.492626 -0.030274
v 0.001759 0.480909 -0.017629
v 0.012578 0.484042 -0.002236
v 0.034337 0.476707 -0.030217
v 0.050492 0.484733 -0.004022
v 0.042776 0.483024 0.014951
v 0.026312 0.487150 0.014962
v 0.058073 0.475080 0.011607
v 0.012849 0.484065 0.015176
v 0.037842 0.470637 -0.057084
v 0.039582 0.481235 -0.033712
v 0.053694 0.491946 -0.004448
v 0.046137 0.471222 -0.059006
v 0.046763 0.483090 -0.038152
v 0.057008 0.498996 -0.011606
v 0.082588 0.436812 -0.139492
v 0.112195 0.426726 -0.141992
v 0.107266 0.442655 -0.159371
v 0.107052 0.429686 -0.179780
v 0.126281 0.426781 -0.160826
v 0.120063 0.413649 -0.175668
v 0.129334 0.424356 -0.150292
v 0.132197 0.428856 -0.151714
v 0.118454 0.441144 -0.141000
v 0.098752 0.445044 -0.132149
v 0.057013 0.451434 -0.125352
v 0.082126 0.454363 -0.141270
v 0.100939 0.458763 -0.135424
v 0.120243 0.450215 -0.141108
v 0.136664 0.439074 -0.152667
v 0.055316 0.459098 -0.109000
v 0.054447 0.472100 -0.091596
v 0.050779 0.480506 -0.063437
v 0.054587 0.498639 -0.041795
v 0.059833 0.504916 -0.025748
v 0.070825 0.489509 0.006016
v 0.073511 0.500145 -0.001559
v 0.074958 0.509798 -0.026140
v 0.092124 0.499090 -0.021989
v 0.093335 0.494494 -0.009870
v 0.090243 0.484293 0.006292
v 0.108982 0.477953 -0.016067
v 0.101860 0.470796 0.005882
v 0.073976 0.507255 -0.045030
v 0.073429 0.488491 -0.069176
v 0.069931 0.482668 -0.097596
v 0.071014 0.464637 -0.110703
v 0.072906 0.464463 -0.119534
v 0.083652 0.468105 -0.122520
v 0.107793 0.467889 -0.117737
v 0.134459 0.459542 -0.121395
v 0.159300 0.445567 -0.128561
v 0.143074 0.408116 -0.156277
v 0.147314 0.430647 -0.155510
v 0.166806 0.436704 -0.137767
v 0.154586 0.440502 -0.112491
v 0.130283 0.444682 -0.101294
v 0.101818 0.455190 -0.099478
v 0.080163 0.461084 -0.106169
v 0.082564 0.477264 -0.104799
v 0.105534 0.473143 -0.101566
v 0.129416 0.465701 -0.101408
v 0.143370 0.467549 -0.103076
v 0.087586 0.483456 -0.071668
v 0.106767 0.491071 -0.078467
v 0.094514 0.507772 -0.040986
v 0.120454 0.503015 -0.045505
v 0.115904 0.493981 -0.022514
v -0.004518 0.382248 -0.231553
v -0.002229 0.371688 -0.245886
v -0.012717 0.386185 -0.233668
v -0.015872 0.369042 -0.247122
v -0.017394 0.352183 -0.248924
v -0.026406 0.337228 -0.249082
v -0.047699 0.337647 -0.265199
v -0.044508 0.354252 -0.248008
v -0.035566 0.374119 -0.241463
v -0.033971 0.387502 -0.229111
v -0.044944 0.378384 -0.221880
v -0.051816 0.353337 -0.229345
v -0.063200 0.340432 -0.250071
v -0.061118 0.327011 -0.262591
v -0.076075 0.332491 -0.264444
v -0.050472 0.311425 -0.281310
v -0.066098 0.313206 -0.271547
v -0.019348 0.314518 -0.275732
v -0.081957 0.316662 -0.273836
v -0.099788 0.326482 -0.251935
v -0.118472 0.322980 -0.227443
v -0.135477 0.318204 -0.220787
v -0.104576 0.320459 -0.262076
v -0.128637 0.320960 -0.246590
v -0.142297 0.310652 -0.242547
v -0.143954 0.320168 -0.216753
v -0.170187 0.334541 -0.222758
v -0.169958 0.319808 -0.221744
v -0.192698 0.327926 -0.213429
v -0.189543 0.313487 -0.208349
v 0.054830 0.468142 -0.051136
v 0.054650 0.483375 -0.036060
v 0.058513 0.502430 -0.017808
v 0.073318 0.507360 -0.012559
v 0.091847 0.497043 -0.016213
v 0.103145 0.470931 -0.027346
v 0.118697 0.451090 -0.027218
v 0.139273 0.484726 -0.015879
v 0.119036 0.460739 0.007619
v 0.125727 0.442091 -0.014185
v 0.146439 0.476460 -0.003815
v 0.124769 0.447684 0.009529
v 0.152305 0.467380 0.008486
v 0.174743 0.464162 0.001771
v 0.167257 0.473076 -0.017183
v 0.148705 0.488839 -0.047090
v 0.124032 0.474461 -0.074116
v 0.149867 0.467134 -0.050174
v 0.137227 0.469395 -0.073552
v 0.171112 0.456769 -0.022014
v 0.181122 0.460369 0.004726
v 0.147814 0.479490 -0.078809
v 0.157873 0.480638 -0.057776
v 0.178929 0.472164 -0.028237
v 0.194350 0.459136 -0.011066
v 0.204356 0.467393 -0.028225
v 0.190456 0.477256 -0.041010
v 0.173024 0.483806 -0.069597
v 0.168746 0.470117 -0.102574
v 0.174450 0.443229 -0.116774
v 0.169737 0.419684 -0.130715
v 0.185362 0.439704 -0.113439
v 0.178144 0.457751 -0.086257
v 0.177923 0.458647 -0.069747
v 0.191928 0.457317 -0.049421
v 0.201111 0.441161 -0.037444
v -0.077340 0.292731 -0.278367
v -0.097941 0.295017 -0.275686
v -0.119448 0.299959 -0.263835
v -0.129001 0.300445 -0.258455
v -0.141378 0.296968 -0.256514
v -0.117220 0.275871 -0.269256
v -0.109435 0.279404 -0.263004
v -0.095693 0.283179 -0.276285
v -0.087937 0.277411 -0.278202
v -0.064134 0.290866 -0.291288
v -0.034598 0.279348 -0.289003
v -0.083023 0.270485 -0.291034
v -0.048426 0.251426 -0.290879
v -0.101285 0.256382 -0.277367
v -0.097421 0.238826 -0.281420
v -0.115343 0.255746 -0.276283
v -0.135816 0.273754 -0.268303
v -0.134832 0.247578 -0.276133
v -0.147359 0.289023 -0.247817
v -0.145078 0.271128 -0.254120
v -0.141460 0.246113 -0.256515
v -0.144742 0.300671 -0.227642
v -0.163656 0.313763 -0.239833
v -0.161433 0.303279 -0.247047
v -0.157933 0.287346 -0.254416
v -0.176997 0.312815 -0.235499
v -0.192855 0.307608 -0.225726
v -0.159936 0.269118 -0.260599
v -0.202157 0.296094 -0.228907
v -0.208561 0.298955 -0.212712
v -0.181470 0.297373 -0.240239
v -0.185414 0.283715 -0.246391
v -0.212526 0.282201 -0.230276
v -0.216304 0.281125 -0.217850
v -0.185767 0.264053 -0.249591
v -0.212815 0.265796 -0.237518
v -0.215858 0.262304 -0.229636
v -0.206283 0.250023 -0.247366
v -0.205006 0.235536 -0.249077
v -0.183157 0.244019 -0.260255
v -0.211558 0.248385 -0.241789
v -0.215414 0.242375 -0.245796
v -0.181346 0.218712 -0.259666
v -0.197962 0.195815 -0.252622
v -0.225742 0.211548 -0.247201
v -0.237364 0.233019 -0.244380
v -0.225687 0.261763 -0.236516
v -0.254058 0.253062 -0.235232
v -0.157844 0.394945 -0.169656
v -0.169943 0.398140 -0.150544
v -0.187084 0.371284 -0.163496
v -0.192757 0.358209 -0.154012
v -0.199573 0.357064 -0.170437
v -0.216166 0.337408 -0.193489
v -0.218061 0.304569 -0.212120
v -0.231341 0.306349 -0.199416
v -0.228181 0.284004 -0.219820
v -0.243290 0.288162 -0.212811
v -0.232620 0.308805 -0.180460
v -0.228446 0.334970 -0.176544
v -0.219655 0.361495 -0.162703
v -0.253142 0.349595 -0.146356
v -0.251082 0.318381 -0.187963
v -0.253668 0.309905 -0.195523
v -0.262046 0.293782 -0.204584
v -0.239275 0.364970 -0.138644
v -0.252954 0.353398 -0.124053
v -0.235889 0.361965 -0.105954
v -0.173556 0.397886 -0.145423
v -0.202014 0.375185 -0.155246
v -0.182809 0.402610 -0.141638
v -0.211895 0.360494 -0.149929
v -0.216050 0.377986 -0.144754
v -0.233378 0.383337 -0.126569
v -0.201505 0.393795 -0.124691
v -0.219754 0.400641 -0.115897
v -0.170173 0.415218 -0.133339
v -0.143558 0.429873 -0.128092
v -0.283374 0.286668 -0.193533
v -0.277540 0.307872 -0.188331
v -0.274256 0.325256 -0.169976
v -0.310479 0.288499 -0.169721
v -0.312757 0.309767 -0.148930
v -0.277605 0.324493 -0.151055
v -0.255828 0.342619 -0.116845
v -0.257494 0.339610 -0.142732
v -0.264943 0.340126 -0.142948
v -0.272262 0.344846 -0.133122
v -0.293840 0.336732 -0.138401
v -0.294415 0.335739 -0.116942
v -0.317092 0.324502 -0.135578
v -0.311251 0.327386 -0.111549
v -0.304095 0.273660 -0.166630
v -0.282436 0.277322 -0.190909
v -0.257511 0.280494 -0.196580
v -0.244930 0.278730 -0.209272
v -0.219217 0.264341 -0.208513
v -0.234749 0.270281 -0.225302
v -0.254904 0.275174 -0.217061
v -0.266916 0.275988 -0.205494
v -0.277069 0.273308 -0.198385
v -0.275623 0.248617 -0.206866
v -0.289646 0.251828 -0.210159
v -0.317428 0.277547 -0.179934
v -0.323413 0.258629 -0.193330
v -0.180801 0.424881 -0.103542
v -0.203534 0.407010 -0.092073
v -0.150347 0.434235 -0.104610
v -0.147166 0.409061 -0.085369
v -0.176847 0.410446 -0.086812
v -0.194481 0.396997 -0.078069
v -0.099502 0.412410 -0.107390
v -0.083077 0.429688 -0.109831
v -0.078608 0.455247 -0.102380
v -0.063069 0.465216 -0.081706
v -0.085458 0.464934 -0.071157
v -0.086120 0.458254 -0.080608
v -0.106432 0.447307 -0.108383
v -0.145009 0.446244 -0.091095
v -0.108412 0.458963 -0.085549
v -0.140927 0.454180 -0.070701
v -0.180491 0.434225 -0.082357
v -0.171310 0.441518 -0.057928
v -0.190226 0.430144 -0.074520
v -0.191652 0.439705 -0.056618
v -0.194555 0.412073 -0.046656
v -0.197276 0.433057 -0.025889
v -0.193180 0.448754 -0.024172
v -0.164309 0.460564 -0.024432
v -0.249358 0.391096 -0.097855
v -0.246567 0.369220 -0.097012
v -0.228262 0.406160 -0.092551
v -0.225977 0.421201 -0.069059
v -0.098702 0.233384 -0.270624
v -0.131893 0.220946 -0.277387
v -0.139692 0.215818 -0.257122
v -0.122627 0.200034 -0.278899
v -0.098195 0.210148 -0.278078
v 0.049380 0.484125 0.037740
v 0.031606 0.483856 0.040693
v 0.020735 0.483783 0.053311
v -0.002013 0.467066 0.041507
v 0.063671 0.477250 0.032209
v 0.087282 0.468596 0.034328
v 0.104835 0.463569 0.029167
v 0.071655 0.465445 0.002193
v 0.070724 0.463483 0.014064
v 0.090329 0.454803 0.004923
v 0.093749 0.451053 0.013145
v 0.104020 0.449864 0.007909
v 0.125289 0.471176 0.029105
v 0.041046 0.492756 0.055606
v 0.031051 0.490177 0.067021
v 0.011499 0.477816 0.070895
v 0.024292 0.486077 0.078612
v 0.004867 0.474584 0.089864
v 0.018846 0.479353 0.096317
v 0.052978 0.489388 0.046461
v 0.066678 0.483680 0.045708
v 0.088737 0.468207 0.041898
v 0.108292 0.463560 0.039381
v 0.117475 0.476339 0.034120
v 0.008265 0.456282 0.066927
v -0.001864 0.461969 0.088066
v -0.000696 0.468136 0.113551
v -0.006122 0.447740 0.112711
v -0.015050 0.457958 0.124157
v -0.015466 0.468565 0.139001
v 0.014233 0.473346 0.120736
v 0.010865 0.469806 0.144956
v 0.038626 0.478117 0.084405
v 0.033388 0.467789 0.096746
v 0.045770 0.485459 0.073402
v 0.053722 0.487786 0.065147
v 0.062656 0.481048 0.059998
v 0.073271 0.475230 0.054588
v 0.092970 0.460974 0.048319
v 0.106849 0.460535 0.044595
v 0.040908 0.471249 0.120838
v 0.059490 0.495416 0.069076
v 0.049759 0.493995 0.079618
v 0.042749 0.488039 0.089795
v 0.038527 0.475100 0.100969
v 0.033975 0.457944 0.113564
v 0.040066 0.448592 0.139750
v 0.068098 0.496608 0.060588
v 0.075199 0.495203 0.052463
v 0.091558 0.489493 0.043455
v 0.106671 0.483775 0.035905
v 0.050293 0.455129 0.145480
v 0.057280 0.443347 0.174742
v 0.042324 0.440464 0.166149
v 0.006583 0.454646 0.169646
v -0.020441 0.454461 0.155399
v -0.023516 0.480518 0.034469
v -0.012309 0.481927 0.066520
v -0.010026 0.473390 0.085606
v -0.018884 0.459213 0.109344
v -0.021574 0.458946 0.122973
v -0.032540 0.461769 0.132748
v -0.031619 0.463282 0.110217
v -0.027778 0.479333 0.084201
v -0.039658 0.486843 0.072480
v -0.042981 0.475053 0.037860
v -0.011675 0.493331 0.015643
v -0.063375 0.477833 0.064617
v -0.062278 0.479469 0.045380
v -0.096226 0.481230 0.046433
v -0.091778 0.482667 0.067177
v -0.122514 0.470387 0.061291
v -0.125953 0.466335 0.041402
v -0.085055 0.473630 0.081554
v -0.110008 0.467003 0.082379
v -0.104632 0.470823 0.105587
v -0.080455 0.476775 0.101110
v -0.078286 0.465517 0.120078
v -0.098843 0.458634 0.124288
v -0.117333 0.460483 0.106199
v -0.115476 0.453676 0.123582
v -0.142261 0.451195 0.117704
v -0.147328 0.455634 0.082937
v -0.114894 0.442659 0.125465
v -0.080193 0.418550 0.113045
v -0.095408 0.451618 0.138011
v -0.116176 0.447175 0.138657
v -0.121187 0.436594 0.157975
v -0.093627 0.447837 0.154088
v -0.095494 0.436634 0.163983
v -0.112191 0.423642 0.161195
v -0.094288 0.431977 0.174010
v -0.107598 0.420823 0.182590
v -0.077975 0.428484 0.177864
v -0.090341 0.410204 0.187979
v -0.069344 0.411653 0.166574
v -0.076120 0.394352 0.170184
v -0.067038 0.414690 0.195415
v -0.053277 0.429638 0.186049
v -0.034546 0.427675 0.196307
v -0.050877 0.408223 0.207165
v -0.033968 0.398082 0.198136
v -0.029352 0.407829 0.199146
v -0.019387 0.402290 0.206868
v -0.030470 0.390860 0.207666
v -0.026217 0.399835 0.227491
v -0.010810 0.409642 0.223461
v -0.005323 0.398071 0.233249
v -0.015491 0.395665 0.235243
v 0.024290 0.415029 0.223619
v -0.042903 0.452222 0.083430
v -0.063032 0.467419 0.078804
v -0.057590 0.471470 0.096978
v -0.063703 0.462902 0.116447
v -0.049309 0.451751 0.111344
v -0.045352 0.450323 0.141675
v -0.116036 0.445749 0.083779
v -0.136677 0.444182 0.061735
v -0.168652 0.457352 0.060892
v -0.152393 0.458612 0.043838
v -0.050530 0.464441 -0.045757
v -0.028861 0.475793 -0.038466
v -0.016706 0.485889 -0.026943
v -0.019281 0.499252 -0.008488
v -0.003703 0.492040 0.000268
v -0.034433 0.484715 0.013033
v -0.039683 0.496852 -0.029221
v -0.060316 0.486664 -0.051809
v -0.096368 0.489060 -0.049580
v -0.070188 0.492613 -0.034729
v -0.049888 0.501629 -0.009235
v -0.098295 0.478930 -0.028421
v -0.080734 0.485590 -0.015329
v -0.069987 0.482063 0.004779
v -0.058745 0.469989 0.016130
v -0.099811 0.472013 -0.012915
v -0.087256 0.435950 -0.003047
v -0.009996 0.421715 0.013985
v -0.086270 0.461834 -0.018058
v -0.101791 0.466295 0.002679
v -0.105343 0.479250 -0.026206
v -0.117717 0.480929 -0.045955
v -0.105536 0.469375 -0.067298
v -0.095086 0.443656 -0.066675
v -0.111138 0.444138 -0.064149
v -0.132676 0.436826 -0.050608
v -0.149922 0.431953 -0.044183
v -0.146125 0.451099 -0.022918
v -0.119995 0.460216 -0.062161
v -0.136857 0.452383 -0.040287
v -0.120026 0.470374 -0.016437
v -0.137707 0.468486 -0.009610
v -0.125428 0.469137 0.010535
v -0.055880 0.425582 0.115522
v -0.040068 0.422491 0.136808
v -0.075936 0.449683 0.139107
v -0.068969 0.445496 0.153745
v -0.018412 0.428111 0.151499
v 0.001503 0.439719 0.171708
v -0.047533 0.418861 0.151399
v -0.072335 0.440259 0.166242
v -0.031762 0.438448 0.168051
v 0.008950 0.440697 0.186378
v 0.009030 0.419428 0.199462
v 0.036104 0.431004 0.184172
v 0.015476 0.445208 0.181934
v 0.046688 0.436263 0.192645
v 0.010476 0.419690 0.212305
v 0.060679 0.431565 0.200794
v 0.017401 0.395141 0.240373
v 0.076313 0.406129 0.199521
v 0.052835 0.407274 0.219778
v 0.049764 0.392391 0.235149
v 0.068337 0.392146 0.222350
v 0.044111 0.384446 0.240165
v 0.014971 0.384017 0.238127
v -0.001466 0.390891 0.237239
v -0.014185 0.383404 0.250005
v 0.046574 0.361438 0.229177
v 0.120998 0.387901 0.228418
v 0.180599 0.375926 0.233382
v 0.089260 0.425823 0.190551
v 0.083782 0.445222 0.174672
v 0.071101 0.465570 0.137616
v 0.050718 0.486169 0.110113
v 0.056046 0.494671 0.096922
v 0.066725 0.486326 0.103554
v 0.066938 0.473271 0.106427
v 0.082077 0.478379 0.118303
v 0.065524 0.499534 0.086150
v 0.077054 0.494022 0.097709
v 0.080363 0.497209 0.071997
v 0.088688 0.487613 0.086875
v 0.100906 0.483819 0.106506
v 0.084892 0.487671 0.108124
v 0.090654 0.504131 0.064419
v 0.104184 0.504879 0.057284
v 0.099398 0.503201 0.082131
v 0.115087 0.495148 0.097936
v 0.086394 0.434494 0.105916
v 0.094200 0.412293 0.141350
v 0.103858 0.411587 0.175999
v 0.100849 0.459308 0.134965
v 0.100289 0.472802 0.124241
v 0.111204 0.500828 0.071990
v 0.119566 0.498857 0.079954
v 0.118445 0.472409 0.120995
v 0.127391 0.453449 0.122263
v 0.151019 0.470180 0.111176
v 0.144754 0.483184 0.107806
v 0.170266 0.468096 0.134689
v 0.139825 0.460053 0.145313
v 0.153363 0.441244 0.165175
v 0.184228 0.445552 0.156010
v 0.179502 0.473433 0.106500
v 0.160390 0.490321 0.094207
v 0.135224 0.496049 0.094052
v 0.142935 0.494132 0.079886
v 0.161431 0.488717 0.070029
v 0.173536 0.488326 0.080806
v 0.183893 0.476294 0.081552
v 0.181823 0.472605 0.053470
v 0.162223 0.473752 0.057710
v 0.188074 0.463261 0.067473
v 0.114314 0.480164 0.068502
v 0.125614 0.486294 0.074134
v 0.143110 0.467825 0.074800
v 0.132492 0.460899 0.070100
v 0.148953 0.451786 0.057384
v 0.119310 0.496224 0.052151
v 0.136270 0.482028 0.047603
v 0.143684 0.457337 0.044692
v 0.176864 0.441494 0.029749
v 0.141512 0.454906 0.010046
v 0.174288 0.443479 0.014154
v 0.193132 0.433197 0.035299
v 0.216913 0.452387 -0.010989
v 0.222423 0.432400 -0.019705
v 0.191254 0.442301 0.056931
v 0.204390 0.445944 0.046603
v 0.188527 0.444555 0.078477
v 0.208511 0.462535 0.069693
v 0.195886 0.456335 0.078328
v 0.180881 0.444230 0.098984
v 0.175111 0.434678 0.115394
v 0.179541 0.464126 0.125121
v 0.186010 0.444045 0.128822
v -0.154644 0.444461 0.123311
v -0.136485 0.431343 0.116222
v -0.149907 0.426958 0.127980
v -0.161845 0.449966 0.109572
v -0.164462 0.440136 0.091467
v -0.168899 0.453707 0.086337
v -0.175332 0.435813 0.097024
v -0.152161 0.419710 0.139120
v -0.198020 0.439418 0.090093
v -0.177086 0.459733 0.072567
v -0.193173 0.454238 0.066800
v -0.177560 0.447731 0.057684
v -0.173870 0.449257 0.015003
v -0.152551 0.460927 0.010010
v -0.204699 0.439954 0.016336
v -0.215947 0.441817 0.055142
v -0.226884 0.431557 0.072889
v -0.232060 0.407861 0.072197
v -0.196880 0.418606 0.092328
v -0.178886 0.436719 0.114986
v -0.169931 0.427566 0.134490
v -0.142173 0.435548 0.141768
v -0.141377 0.426904 0.158401
v -0.129822 0.410571 0.168968
v -0.125908 0.409905 0.184603
v -0.148991 0.414728 0.158568
v -0.144242 0.383355 0.167278
v -0.139881 0.390599 0.190168
v -0.148473 0.391891 0.138275
v -0.097856 0.400351 0.201541
v -0.080238 0.388244 0.183563
v -0.067569 0.389814 0.196377
v -0.077590 0.394964 0.215883
v -0.036981 0.371617 0.220653
v -0.033452 0.380803 0.241404
v -0.050102 0.372790 0.223878
v -0.059593 0.342570 0.238975
v -0.068058 0.353834 0.248680
v -0.036179 0.346051 0.256306
v -0.026913 0.353190 0.267869
v -0.053064 0.344795 0.257802
v -0.068275 0.344236 0.260510
v -0.040928 0.316561 0.269378
v -0.062124 0.325040 0.274983
v -0.029111 0.316768 0.282301
v -0.054363 0.281668 0.236670
v -0.086534 0.304659 0.275502
v -0.055791 0.283058 0.288237
v -0.000651 0.357040 0.270597
v -0.017166 0.317241 0.279949
v -0.001503 0.336358 0.263082
v -0.009484 0.313433 0.276887
v 0.013653 0.381593 0.252053
v 0.026144 0.363511 0.265233
v 0.053592 0.342478 0.260561
v 0.015191 0.343334 0.276447
v 0.007224 0.320372 0.287856
v 0.044632 0.329314 0.285921
v 0.125541 0.451780 0.152752
v 0.128736 0.421923 0.165163
v 0.143499 0.423413 0.189772
v 0.130859 0.407905 0.207343
v 0.160822 0.410037 0.152167
v 0.202442 0.409249 0.143824
v 0.203723 0.436855 0.140197
v 0.205394 0.447581 0.118639
v 0.173532 0.423593 0.176538
v 0.203204 0.421142 0.173781
v 0.173025 0.395855 0.214027
v 0.201924 0.409411 0.188336
v 0.169970 0.368170 0.206095
v 0.202525 0.389989 0.187153
v 0.131791 0.372945 0.193264
v 0.096632 0.371170 0.175550
v 0.210432 0.379058 0.200372
v 0.075100 0.394617 0.242427
v 0.064113 0.375472 0.259943
v 0.065739 0.349787 0.273063
v 0.069955 0.314274 0.278801
v 0.060646 0.305548 0.289782
v 0.084748 0.328450 0.285410
v 0.092359 0.408213 -0.190298
v 0.110812 0.398966 -0.185021
v 0.108546 0.408098 -0.205866
v 0.117289 0.397494 -0.200829
v 0.108693 0.392345 -0.232173
v 0.123434 0.387273 -0.230858
v 0.067177 0.425079 -0.194536
v 0.084271 0.420406 -0.207158
v 0.048860 0.429581 -0.190227
v 0.031956 0.428454 -0.193068
v 0.012526 0.412647 -0.209337
v 0.093672 0.412867 -0.215986
v 0.095934 0.391977 -0.222815
v 0.063895 0.410601 -0.220403
v 0.085158 0.394875 -0.234247
v 0.087508 0.365499 -0.240244
v 0.046647 0.419424 -0.210342
v 0.032007 0.407943 -0.217818
v 0.050040 0.402627 -0.220880
v 0.014455 0.393768 -0.238957
v 0.040421 0.392406 -0.245421
v 0.072828 0.393223 -0.238601
v 0.080823 0.356638 -0.253197
v 0.095571 0.336939 -0.252689
v 0.052598 0.387794 -0.249253
v 0.039490 0.366713 -0.253123
v 0.010666 0.359912 -0.260570
v -0.003218 0.362218 -0.250625
v 0.043336 0.350551 -0.253837
v 0.022237 0.337600 -0.265613
v -0.018059 0.332491 -0.251057
v -0.004536 0.316983 -0.259860
v -0.012091 0.345450 -0.258666
v 0.004540 0.327801 -0.268226
v 0.104098 0.367889 -0.257089
v 0.120999 0.370611 -0.253260
v 0.119538 0.393346 -0.151281
v 0.136688 0.412606 -0.171363
v 0.125917 0.409558 -0.177345
v 0.150910 0.412854 -0.167137
v 0.125540 0.409404 -0.195929
v 0.138000 0.410085 -0.204932
v 0.141513 0.391561 -0.230932
v 0.135760 0.373663 -0.249625
v -0.327154 0.240296 -0.195929
v -0.298380 0.225772 -0.214505
v -0.280699 0.215101 -0.205531
v -0.279694 0.220275 -0.229046
v -0.311421 0.222678 -0.202971
v -0.297757 0.206100 -0.203850
v -0.328802 0.232138 -0.175759
v -0.339327 0.236679 -0.141541
v -0.354363 0.252310 -0.159420
v -0.321402 0.286176 -0.170547
v -0.350146 0.269815 -0.151756
v -0.321702 0.299253 -0.141973
v -0.337590 0.280049 -0.139547
v -0.339223 0.315525 -0.126084
v -0.327434 0.335825 -0.096178
v -0.345133 0.297595 -0.119524
v -0.338031 0.303413 -0.086866
v -0.252453 0.379880 -0.074588
v -0.247899 0.408232 -0.070045
v -0.256795 0.412022 -0.023080
v -0.252364 0.429614 -0.017256
v -0.216951 0.447144 -0.008201
v -0.161218 0.466006 -0.005993
v -0.196781 0.455150 -0.000686
v -0.244507 0.428091 0.017887
v -0.225878 0.419932 0.045881
v -0.264203 0.414667 -0.004453
v -0.273662 0.405959 -0.016278
v -0.261119 0.410338 0.017092
v -0.275564 0.406434 0.003422
v -0.254571 0.417616 0.044040
v -0.282766 0.391547 0.033890
v -0.244539 0.420304 0.059330
v -0.240646 0.408882 0.071843
v 0.115238 0.380448 0.243199
v 0.185585 0.366818 0.246177
v 0.223010 0.373176 0.214885
v 0.191205 0.340219 0.257543
v 0.224478 0.350313 0.239917
v 0.130293 0.354342 0.265628
v 0.094064 0.364024 0.261796
v 0.107964 0.339617 0.263211
v 0.102498 0.310546 0.280542
v 0.120950 0.326644 0.284163
v 0.144231 0.328101 0.282878
v 0.143486 0.318568 0.280192
v 0.188567 0.323189 0.246636
v 0.226459 0.334524 0.225005
v 0.078456 0.290540 0.285693
v 0.062808 0.283720 0.300278
v 0.107856 0.275914 0.286866
v 0.083709 0.273389 0.282836
v 0.066123 0.245322 0.298266
v 0.010917 0.287944 0.295595
v 0.039305 0.272437 0.302171
v 0.047450 0.238937 0.298857
v -0.027253 0.282600 0.294521
v -0.003531 0.274879 0.257733
v 0.029192 0.267621 0.294710
v 0.035442 0.237155 0.292883
v 0.002118 0.254650 0.303192
v -0.264799 0.370525 -0.101756
v -0.280476 0.359614 -0.108286
v -0.299199 0.349530 -0.103281
v -0.261830 0.357194 -0.075256
v -0.277927 0.342554 -0.079870
v -0.289630 0.340039 -0.074118
v -0.324541 0.343582 -0.077094
v -0.290398 0.369712 -0.084494
v -0.315894 0.369013 -0.061903
v -0.304755 0.346013 -0.049818
v -0.321328 0.341318 -0.060528
v -0.269549 0.395505 -0.069223
v -0.355000 0.260852 -0.139848
v -0.341967 0.263444 -0.122191
v -0.340350 0.245222 -0.116374
v -0.359272 0.292061 -0.115605
v -0.356926 0.298600 -0.097513
v -0.332313 0.322411 -0.077669
v -0.332327 0.331683 -0.065650
v -0.325326 0.359687 -0.041212
v -0.328340 0.384338 -0.029865
v -0.342386 0.353736 -0.043935
v -0.348220 0.361866 -0.020776
v -0.349827 0.337889 -0.058611
v -0.290724 0.380882 -0.056334
v -0.282919 0.393380 -0.020289
v -0.287928 0.392506 0.004223
v -0.309955 0.392484 -0.025532
v 0.067495 0.229791 0.291068
v 0.046576 0.225411 0.282876
v 0.030422 0.213344 0.269665
v 0.012595 0.213969 0.298362
v 0.062077 0.199986 0.297882
v 0.035714 0.190334 0.303964
v 0.080241 0.224912 0.299127
v 0.093929 0.259643 0.285861
v 0.110892 0.256400 0.286488
v 0.110558 0.240257 0.298239
v 0.119248 0.302466 0.285826
v 0.162750 0.316783 0.281330
v 0.120748 0.271641 0.295206
v 0.142406 0.236722 0.295185
v 0.142820 0.225887 0.302752
v 0.155649 0.251351 0.297893
v 0.155415 0.232478 0.301402
v 0.196689 0.320149 0.259205
v 0.204915 0.309901 0.270483
v 0.232893 0.327216 0.249934
v 0.245006 0.315578 0.248820
v 0.182938 0.296402 0.279285
v 0.181694 0.253573 0.288778
v 0.248738 0.317506 0.234162
v 0.250565 0.286978 0.243885
v 0.243185 0.286657 0.259858
v 0.121474 0.349707 -0.256064
v 0.143128 0.358229 -0.245053
v 0.108344 0.343471 -0.256709
v 0.119133 0.328916 -0.272687
v 0.093550 0.321034 -0.269779
v 0.128276 0.344561 -0.262212
v 0.142559 0.343507 -0.256408
v 0.154632 0.374319 -0.216663
v 0.153975 0.390758 -0.196319
v 0.154602 0.399304 -0.183983
v 0.162230 0.404500 -0.176030
v 0.155956 0.374180 -0.142849
v 0.175887 0.384510 -0.149916
v 0.175907 0.385444 -0.168752
v 0.167887 0.392601 -0.200627
v 0.168784 0.379848 -0.221571
v 0.159926 0.363620 -0.249083
v 0.170845 0.347212 -0.254775
v 0.132399 0.319023 -0.266241
v 0.149325 0.338223 -0.263003
v 0.176951 0.336866 -0.251955
v 0.200900 0.346276 -0.238973
v 0.200675 0.337251 -0.236082
v 0.214354 0.367592 -0.216922
v 0.216155 0.353800 -0.216741
v 0.220520 0.376656 -0.206815
v 0.229907 0.361101 -0.213263
v 0.187304 0.362002 -0.237291
v 0.181306 0.361142 -0.197971
v 0.180213 0.365750 -0.228333
v 0.191299 0.367124 -0.227227
v 0.194909 0.380319 -0.221076
v 0.178936 0.388453 -0.192215
v 0.191876 0.399780 -0.200957
v 0.186831 0.407982 -0.176364
v 0.195358 0.412086 -0.167577
v 0.171693 0.410511 -0.147412
v 0.196870 0.427561 -0.150319
v 0.179197 0.417020 -0.127985
v 0.195917 0.426170 -0.102698
v 0.200044 0.440619 -0.079782
v -0.307519 0.198718 -0.209655
v -0.328075 0.214330 -0.205265
v -0.346167 0.225840 -0.179664
v -0.350878 0.224558 -0.154569
v -0.358511 0.238310 -0.139177
v -0.362794 0.216835 -0.142010
v -0.357609 0.243047 -0.120057
v -0.382009 0.237733 -0.086610
v -0.393246 0.236210 -0.100121
v -0.382197 0.221511 -0.121884
v -0.402499 0.215876 -0.098161
v -0.365917 0.208745 -0.107309
v -0.363706 0.201386 -0.133805
v -0.380192 0.192426 -0.134892
v -0.383276 0.198229 -0.111809
v -0.361513 0.217815 -0.167392
v -0.372153 0.203528 -0.155089
v -0.352357 0.204880 -0.183568
v -0.366833 0.187863 -0.175397
v -0.367285 0.178432 -0.164571
v -0.328063 0.188468 -0.194648
v -0.345179 0.171144 -0.192960
v -0.355845 0.162529 -0.182338
v -0.377444 0.168738 -0.155190
v -0.354037 0.150676 -0.177545
v -0.386156 0.197937 -0.090810
v -0.406862 0.225038 -0.087120
v -0.085091 0.198781 -0.263108
v -0.121131 0.177814 -0.260628
v -0.116144 0.171978 -0.275037
v -0.070321 0.200800 -0.277254
v -0.072626 0.180677 -0.294280
v -0.110351 0.151736 -0.283469
v -0.070038 0.135912 -0.285527
v -0.110176 0.131509 -0.280029
v -0.049996 0.117195 -0.268986
v -0.079531 0.116899 -0.288905
v -0.068878 0.104553 -0.289596
v -0.091495 0.104676 -0.279095
v -0.051658 0.081579 -0.262608
v -0.074535 0.093949 -0.284256
v -0.108357 0.081497 -0.271764
v -0.099713 0.072607 -0.264929
v -0.125070 0.097854 -0.265074
v -0.131566 0.106118 -0.251789
v -0.112114 0.113301 -0.254977
v -0.127977 0.130009 -0.257734
v -0.142213 0.161623 -0.256491
v -0.131657 0.148929 -0.265613
v -0.148516 0.175531 -0.248546
v -0.149417 0.194337 -0.266887
v -0.025444 0.047167 -0.285179
v -0.066213 0.068386 -0.286586
v -0.102645 0.059033 -0.267501
v -0.037312 0.040040 -0.284631
v -0.086623 0.026973 -0.262743
v -0.113603 0.067536 -0.266908
v -0.141115 0.078358 -0.249968
v -0.160038 0.081134 -0.233131
v -0.135563 0.118975 -0.259412
v -0.152664 0.136494 -0.258789
v -0.163090 0.151751 -0.244938
v -0.158634 0.104573 -0.245966
v -0.179081 0.124815 -0.240975
v -0.181463 0.134542 -0.227881
v -0.189290 0.117256 -0.210753
v -0.183611 0.109276 -0.227661
v -0.102168 0.047362 -0.245712
v -0.098050 0.035291 -0.242078
v -0.120701 0.039850 -0.249818
v -0.148222 0.051821 -0.238761
v -0.167972 0.051118 -0.228922
v -0.197611 0.083700 -0.216753
v -0.185612 0.070215 -0.220979
v -0.186574 0.051602 -0.209218
v -0.207840 0.063690 -0.204040
v -0.119923 0.031076 -0.237328
v -0.145019 0.043008 -0.229610
v -0.160021 0.041660 -0.219953
v -0.173670 0.039490 -0.194591
v -0.197686 0.042099 -0.199684
v -0.190136 0.021568 -0.176909
v -0.202627 0.031640 -0.180107
v -0.214558 0.046280 -0.180571
v -0.204818 0.094975 -0.203881
v -0.213452 0.074763 -0.185202
v -0.214020 0.051069 -0.159450
v -0.214422 0.029050 -0.159003
v -0.207066 0.009209 -0.161271
v -0.175549 0.019123 -0.207800
v -0.187558 0.013973 -0.182964
v -0.195437 0.001842 -0.168704
v -0.161009 0.027164 -0.222806
v -0.146181 0.032606 -0.233919
v -0.121318 0.017732 -0.239723
v -0.101485 0.019192 -0.246743
v -0.079777 0.017292 -0.249097
v -0.059399 0.014698 -0.248426
v -0.021985 0.025325 -0.268231
v -0.002298 0.035333 -0.263456
v -0.249628 0.238100 -0.236077
v -0.241407 0.224241 -0.236588
v -0.256182 0.230690 -0.239390
v -0.225865 0.198350 -0.244528
v -0.246431 0.219631 -0.244513
v -0.242382 0.204377 -0.251040
v -0.272222 0.207046 -0.233330
v -0.271844 0.200018 -0.227288
v -0.259140 0.201639 -0.245003
v -0.255921 0.191756 -0.241809
v -0.199129 0.183913 -0.233296
v -0.228251 0.183557 -0.247123
v -0.206167 0.175361 -0.240570
v -0.257399 0.180242 -0.241421
v -0.281628 0.195709 -0.230129
v -0.292273 0.207587 -0.219615
v -0.309480 0.189082 -0.210315
v -0.319901 0.181818 -0.205031
v -0.324503 0.168844 -0.205061
v -0.328796 0.170718 -0.192385
v -0.309906 0.178238 -0.206885
v -0.298740 0.189343 -0.223610
v -0.283134 0.184972 -0.227207
v -0.301420 0.175719 -0.222996
v -0.263992 0.167858 -0.229487
v -0.226510 0.171445 -0.242294
v -0.203744 0.164484 -0.236610
v -0.287519 0.159000 -0.228210
v -0.314069 0.163927 -0.215553
v -0.270846 0.158758 -0.230269
v -0.305713 0.148596 -0.217353
v -0.328742 0.160754 -0.182798
v -0.388453 0.190476 -0.100930
v -0.404238 0.192033 -0.084589
v -0.386096 0.180200 -0.078747
v -0.394631 0.178241 -0.096212
v -0.404343 0.177356 -0.068034
v -0.414061 0.188709 -0.066341
v -0.321336 0.156795 -0.203670
v -0.297722 0.147471 -0.205061
v -0.285035 0.150229 -0.222896
v -0.276787 0.142094 -0.232053
v -0.300304 0.139146 -0.211679
v -0.333901 0.151522 -0.193970
v -0.356117 0.138523 -0.176094
v -0.242132 0.162579 -0.221034
v -0.225966 0.163213 -0.234908
v -0.216251 0.148419 -0.233756
v -0.247522 0.154554 -0.234286
v -0.233768 0.140295 -0.231239
v -0.248591 0.141476 -0.235241
v -0.376472 0.159524 -0.144458
v -0.389817 0.178403 -0.132717
v -0.381890 0.178311 -0.110425
v -0.389756 0.157148 -0.099899
v -0.393766 0.158519 -0.126892
v -0.382796 0.153514 -0.140039
v -0.366098 0.135266 -0.163062
v -0.402934 0.168948 -0.090406
v -0.406934 0.204495 -0.071017
v -0.394863 0.246525 -0.077770
v -0.387979 0.250686 -0.080982
v -0.402770 0.234326 -0.068462
v -0.392705 0.223563 -0.052549
v -0.411342 0.202732 -0.059073
v -0.403884 0.224176 -0.039466
v -0.416562 0.206470 -0.023982
v -0.408278 0.182184 -0.024113
v -0.418517 0.215696 -0.035277
v -0.407598 0.232627 -0.022422
v -0.416851 0.229681 -0.007900
v -0.366249 0.262683 -0.118681
v -0.387263 0.258773 -0.098206
v -0.369252 0.281979 -0.107011
v -0.361093 0.290195 -0.089812
v -0.354321 0.292723 -0.076158
v -0.348111 0.326306 -0.074228
v -0.355868 0.314917 -0.075866
v -0.367566 0.307281 -0.061847
v -0.345484 0.328767 -0.034247
v -0.354088 0.321720 -0.051357
v -0.371675 0.273890 -0.096325
v -0.384562 0.272173 -0.087842
v -0.355798 0.279967 -0.073353
v -0.383720 0.282888 -0.067285
v -0.380218 0.260260 -0.067268
v -0.386998 0.245779 -0.059430
v -0.410574 0.238139 -0.045447
v -0.404736 0.256219 -0.055913
v -0.367783 0.295732 -0.064914
v -0.388029 0.286297 -0.027894
v -0.392175 0.297696 -0.017778
v -0.384574 0.288151 -0.060209
v -0.400798 0.278387 -0.030425
v -0.402580 0.255322 -0.027395
v -0.403837 0.249269 -0.014756
v -0.361047 0.316964 -0.044208
v -0.372523 0.324472 -0.025867
v -0.354397 0.334742 -0.006206
v -0.367091 0.324002 -0.005740
v -0.322306 0.383742 -0.007860
v -0.336985 0.358173 -0.006902
v -0.342340 0.337414 0.012427
v -0.358566 0.314865 0.009352
v -0.387880 0.296411 0.003809
v -0.355061 0.291465 0.004343
v -0.368471 0.276056 0.012157
v 0.117148 0.433050 0.016729
v -0.398550 0.284679 -0.014820
v -0.396360 0.272988 0.003615
v -0.378389 0.262309 0.012485
v -0.376235 0.249737 -0.000026
v -0.394672 0.246645 0.010196
v -0.411733 0.234928 -0.000938
v 0.205641 0.327065 -0.248514
v 0.181369 0.326542 -0.256539
v 0.204028 0.306088 -0.251682
v 0.180103 0.306981 -0.255527
v 0.183844 0.290702 -0.249075
v 0.195934 0.292888 -0.244924
v 0.169641 0.272251 -0.263020
v 0.183745 0.270677 -0.267927
v 0.194352 0.282191 -0.258260
v 0.164938 0.285037 -0.266120
v 0.145026 0.317858 -0.270585
v 0.152281 0.304092 -0.269774
v 0.148868 0.292343 -0.269628
v 0.153627 0.276608 -0.275694
v 0.096803 0.306917 -0.273735
v 0.079081 0.197189 0.288159
v 0.089143 0.211168 0.293294
v 0.104283 0.213379 0.299695
v 0.140059 0.212682 0.305961
v 0.140813 0.201369 0.295337
v 0.092428 0.190035 0.272885
v 0.172258 0.222432 0.296926
v 0.172670 0.212091 0.282372
v 0.188904 0.244001 0.271264
v 0.199907 0.256022 0.281618
v 0.196082 0.266816 0.284214
v 0.198275 0.290691 0.280620
v 0.214043 0.293978 0.273679
v 0.219112 0.267399 0.266903
v 0.239633 0.267755 0.262365
v 0.248579 0.262966 0.255556
v 0.216933 0.249645 0.279413
v 0.236006 0.251938 0.268016
v 0.231486 0.234191 0.253881
v 0.199210 0.237398 0.284543
v 0.222109 0.231965 0.278116
v 0.211650 0.224077 0.282583
v 0.209346 0.216054 0.278300
v 0.191199 0.225855 0.283361
v 0.194953 0.205339 0.295366
v 0.171485 0.200389 0.302249
v 0.216906 0.201470 0.288002
v 0.231148 0.211973 0.281112
v 0.147421 0.183480 0.311665
v 0.102586 0.181724 0.308825
v 0.078234 0.164776 0.311292
v 0.088975 0.162553 0.317837
v 0.115720 0.160435 0.307923
v 0.106148 0.151966 0.322071
v 0.147078 0.162781 0.307689
v 0.063496 0.187615 0.309667
v 0.054085 0.157622 0.314934
v 0.063396 0.121419 0.292159
v 0.070788 0.124796 0.313608
v 0.248961 0.219629 0.262460
v 0.241991 0.205147 0.274570
v 0.256164 0.244795 0.258837
v 0.262457 0.220183 0.260881
v 0.262830 0.259050 0.258521
v 0.265064 0.280894 0.251680
v 0.277265 0.293920 0.225511
v 0.288247 0.286640 0.231304
v 0.262123 0.305034 0.242064
v 0.255008 0.328662 0.233183
v 0.275835 0.307301 0.230559
v 0.284960 0.311645 0.202729
v 0.281405 0.328456 0.210646
v 0.243209 0.346385 0.226448
v 0.227892 0.361068 0.207203
v 0.245806 0.364943 0.209495
v 0.228817 0.361991 0.181951
v 0.246031 0.367302 0.172455
v 0.277585 0.336290 0.188842
v 0.289668 0.325577 0.198098
v 0.276440 0.365058 0.184937
v 0.295243 0.346198 0.178327
v 0.272682 0.378781 0.166943
v 0.249044 0.375251 0.153051
v 0.272136 0.384996 0.135157
v 0.232305 0.373777 0.176178
v 0.230156 0.396526 0.177466
v 0.222583 0.415949 0.168889
v 0.224941 0.432049 0.148668
v 0.208159 0.435121 0.113868
v 0.231894 0.447159 0.119311
v 0.227306 0.425395 0.078007
v 0.240933 0.450156 0.101689
v 0.218764 0.457130 0.089292
v 0.195303 0.456228 0.105645
v 0.277349 0.241836 0.239712
v 0.284986 0.256649 0.236234
v 0.281328 0.219887 0.241860
v 0.249208 0.195520 0.262496
v 0.262008 0.193771 0.261117
v 0.283170 0.194059 0.234694
v 0.304600 0.299137 0.213580
v 0.309446 0.303579 0.177916
v 0.304149 0.330284 0.183326
v 0.322809 0.296209 0.188896
v 0.309155 0.261457 0.216846
v 0.341456 0.308525 0.148395
v 0.348309 0.292161 0.153205
v 0.338483 0.273086 0.194950
v 0.350884 0.276072 0.174445
v 0.314926 0.319133 0.177389
v 0.328699 0.325580 0.151385
v 0.237257 0.412488 0.139344
v 0.253948 0.442666 0.114391
v 0.250294 0.406243 0.149174
v 0.265368 0.419816 0.131133
v 0.269834 0.431887 0.071739
v 0.269267 0.438737 0.088813
v 0.242667 0.452160 0.069885
v 0.234602 0.453515 0.048430
v 0.261466 0.442326 0.049771
v 0.222756 0.433604 0.029026
v 0.236597 0.412816 0.035337
v -0.039709 0.238442 0.297528
v -0.044791 0.229204 0.290495
v -0.028575 0.215322 0.301434
v -0.053587 0.204350 0.289594
v 0.012825 0.190272 0.268735
v -0.025206 0.204435 0.296724
v -0.050513 0.193688 0.295152
v 0.019368 0.161668 0.297700
v 0.032123 0.148575 0.316346
v 0.075249 0.186915 0.308438
v 0.042801 0.179555 0.311310
v 0.052228 0.130395 0.313797
v -0.400183 0.232086 0.016375
v -0.404682 0.205654 0.006464
v -0.415912 0.217614 -0.002639
v -0.157529 0.252438 -0.257796
v -0.168661 0.246375 -0.248658
v -0.167427 0.233926 -0.253270
v -0.155000 0.232473 -0.257981
v -0.160719 0.211523 -0.259890
v -0.171060 0.203691 -0.249015
v -0.189802 0.182168 -0.240400
v -0.192471 0.173111 -0.217616
v -0.168449 0.170484 -0.212471
v -0.131186 0.151258 -0.207034
v 0.227130 0.427048 -0.025083
v 0.216728 0.447188 -0.039243
v 0.247573 0.441517 -0.019975
v 0.218399 0.459863 -0.054602
v 0.252375 0.445526 -0.054853
v 0.262248 0.425358 -0.020856
v 0.262352 0.414056 -0.031331
v 0.247226 0.411463 -0.050388
v 0.258891 0.394217 -0.026998
v 0.265531 0.409640 -0.059744
v 0.283419 0.409455 -0.061894
v 0.282554 0.408523 -0.033250
v 0.302922 0.395658 -0.074552
v 0.317327 0.384429 -0.051973
v 0.332340 0.373071 -0.067877
v 0.307145 0.378680 -0.092293
v 0.345112 0.356587 -0.074684
v 0.314891 0.361271 -0.109007
v 0.309015 0.365835 -0.053043
v 0.320751 0.357134 -0.055670
v 0.344704 0.354860 -0.053668
v 0.307111 0.364222 -0.002574
v 0.311198 0.365131 -0.024135
v 0.278086 0.396719 0.000422
v 0.264557 0.401485 -0.003347
v 0.249497 0.401919 0.006725
v 0.237754 0.405351 -0.001745
v 0.226912 0.400041 -0.000939
v 0.224870 0.430207 -0.000296
v 0.244541 0.411452 0.042392
v 0.242524 0.436594 0.037447
v 0.276309 0.419618 0.050863
v 0.288157 0.423258 0.073290
v 0.284565 0.424261 0.091461
v 0.266182 0.424211 0.110081
v 0.265275 0.415502 0.112870
v 0.284776 0.400726 0.115562
v 0.282175 0.406054 0.098629
v 0.280909 0.386504 0.124524
v 0.266617 0.373008 0.087144
v 0.292056 0.379838 0.112362
v 0.284383 0.373882 0.128754
v 0.270633 0.363888 0.137001
v 0.278035 0.361429 0.151914
v 0.302134 0.352839 0.163729
v 0.287760 0.344413 0.147544
v 0.281136 0.347637 0.131321
v 0.290017 0.353111 0.122704
v 0.286455 0.347232 0.109844
v 0.263648 0.350336 0.095773
v 0.308989 0.342282 0.152365
v 0.300850 0.335728 0.144123
v 0.325107 0.325107 0.140477
v 0.332073 0.303517 0.129212
v 0.338295 0.279509 0.138093
v 0.347958 0.297743 0.124678
v 0.355393 0.300931 0.095114
v 0.364641 0.293530 0.100178
v 0.351494 0.280214 0.128374
v 0.370081 0.276582 0.103519
v -0.072939 0.269136 0.282951
v -0.056906 0.228512 0.296625
v -0.116677 0.270467 0.273466
v -0.094051 0.213936 0.289544
v -0.095237 0.199057 0.284921
v -0.066826 0.204962 0.292378
v -0.038746 0.184705 0.291068
v -0.022463 0.193890 0.301053
v -0.063241 0.189715 0.281231
v -0.075149 0.177473 0.278026
v -0.040953 0.173633 0.299873
v -0.071807 0.167127 0.287233
v -0.002278 0.178649 0.301504
v 0.006214 0.160277 0.301158
v 0.002082 0.141371 0.307245
v 0.034624 0.127322 0.314123
v 0.008064 0.124306 0.307344
v -0.003745 0.160966 0.306230
v -0.010900 0.167755 0.303415
v -0.043079 0.163758 0.298148
v -0.016415 0.145038 0.291588
v -0.015082 0.154254 0.302132
v -0.064012 0.158605 0.289800
v -0.075959 0.184980 0.289703
v -0.099456 0.178206 0.289938
v 0.035642 0.118683 0.299673
v 0.015025 0.114638 0.299980
v 0.006259 0.107424 0.309512
v 0.038534 0.107545 0.314238
v 0.004515 0.090080 0.309367
v 0.027376 0.073373 0.305701
v 0.000924 0.081348 0.303470
v 0.022282 0.066824 0.296548
v 0.016736 0.054761 0.298878
v -0.013521 0.079388 0.307694
v 0.108728 0.446358 0.014716
v -0.202248 0.054550 0.028386
v -0.316344 0.361284 0.028967
v -0.337512 0.339904 0.052602
v -0.272749 0.413941 0.061067
v -0.290585 0.394399 0.054134
v -0.284514 0.380973 0.069516
v -0.274075 0.392504 0.087572
v -0.241024 0.385265 0.090163
v -0.317500 0.369960 0.050696
v -0.303643 0.378070 0.067491
v -0.300724 0.371851 0.092095
v -0.309112 0.368034 0.067750
v -0.308483 0.358490 0.061144
v -0.305779 0.353531 0.077499
v -0.282419 0.379217 0.107411
v -0.264066 0.379302 0.107969
v -0.229635 0.405117 0.089766
v -0.208965 0.418163 0.100700
v -0.175380 0.403158 0.113404
v -0.192554 0.409864 0.114542
v -0.302242 0.360950 0.098943
v -0.284086 0.365772 0.118686
v -0.298134 0.341009 0.091214
v -0.275432 0.342254 0.105155
v -0.262890 0.373804 0.119575
v -0.236918 0.406304 0.103832
v -0.237357 0.397716 0.120163
v -0.264962 0.360586 0.125315
v -0.234533 0.380928 0.121315
v -0.218178 0.415111 0.110871
v -0.214589 0.405829 0.124411
v -0.203937 0.389874 0.125628
v -0.188342 0.402615 0.127392
v -0.167690 0.397034 0.161211
v -0.144717 0.358353 0.163971
v -0.174307 0.387756 0.167726
v -0.148293 0.368692 0.188172
v -0.183415 0.372860 0.161210
v -0.194399 0.381890 0.161711
v -0.195228 0.396112 0.149199
v -0.178497 0.376008 0.177602
v -0.205613 0.390935 0.144644
v -0.203874 0.363642 0.157842
v -0.210352 0.377762 0.158058
v -0.220960 0.388563 0.142315
v -0.219128 0.367084 0.167707
v -0.202720 0.366893 0.172111
v -0.142936 0.356003 0.208190
v -0.132949 0.362546 0.222430
v -0.141341 0.326351 0.227102
v -0.135260 0.327207 0.237172
v -0.313914 0.332158 0.117366
v -0.280720 0.339230 0.130344
v -0.323083 0.352666 0.085543
v -0.281003 0.326370 0.137630
v -0.305988 0.323672 0.136076
v -0.323446 0.359780 0.067912
v -0.334220 0.358141 0.055403
v -0.339962 0.349572 0.078567
v -0.111385 0.383806 0.215098
v -0.068401 0.375578 0.230856
v -0.088294 0.380737 0.228036
v -0.086409 0.360685 0.221397
v -0.098777 0.369738 0.230042
v -0.098773 0.353801 0.243936
v -0.104265 0.347365 0.232340
v -0.112340 0.353649 0.233734
v -0.118561 0.372831 0.220033
v -0.120671 0.325419 0.242962
v -0.111495 0.322622 0.238892
v -0.108442 0.327405 0.254905
v -0.171563 0.363856 0.203982
v -0.162596 0.348543 0.207733
v -0.192198 0.362273 0.186934
v -0.219083 0.347650 0.179195
v -0.172284 0.328449 0.214987
v -0.180741 0.333575 0.218328
v -0.201031 0.338558 0.206693
v -0.183580 0.302675 0.232749
v -0.215723 0.311753 0.211266
v 0.152682 0.252182 -0.273528
v 0.166781 0.251092 -0.278746
v 0.118963 0.232813 -0.281830
v 0.136951 0.232030 -0.288898
v 0.140508 0.204283 -0.277853
v 0.149151 0.216175 -0.290199
v 0.122070 0.223246 -0.293104
v 0.153801 0.185820 -0.299367
v 0.099079 0.217429 -0.305274
v 0.103789 0.228873 -0.290535
v 0.143771 0.263591 -0.282398
v 0.116517 0.247848 -0.291882
v 0.068053 0.246060 -0.278289
v 0.075085 0.256792 -0.292031
v 0.055656 0.238164 -0.288783
v 0.131515 0.294859 -0.281651
v 0.127695 0.310456 -0.269424
v 0.101183 0.300499 -0.281042
v 0.113261 0.277997 -0.290533
v 0.071627 0.289569 -0.269675
v 0.078705 0.285311 -0.283976
v 0.075978 0.271751 -0.289949
v 0.070001 0.280911 -0.282870
v 0.056807 0.283742 -0.287289
v 0.015132 0.305430 -0.267778
v 0.054632 0.263062 -0.289124
v 0.011793 0.257205 -0.280057
v 0.021161 0.270991 -0.288182
v 0.027294 0.298227 -0.278729
v 0.070324 0.310604 -0.281567
v 0.030964 0.307160 -0.281004
v 0.028049 0.316393 -0.267572
v 0.051591 0.362953 -0.262711
v 0.074345 0.366532 -0.258165
v 0.049450 0.350435 -0.257867
v 0.062040 0.333156 -0.272920
v 0.045640 0.333728 -0.266136
v 0.029769 0.324353 -0.253124
v -0.018864 0.283592 -0.280612
v -0.001390 0.279979 -0.286181
v -0.005186 0.259895 -0.291314
v -0.025976 0.250286 -0.278723
v -0.267456 0.336396 0.132652
v -0.265482 0.321443 0.148896
v -0.257782 0.364702 0.138931
v -0.268569 0.346789 0.148345
v -0.269523 0.333324 0.168069
v -0.237165 0.342414 0.175644
v -0.252654 0.355455 0.154318
v -0.239973 0.360515 0.145023
v -0.239049 0.377428 0.136861
v -0.231278 0.376174 0.152878
v -0.222712 0.335083 0.183679
v -0.208035 0.329439 0.178206
v -0.232498 0.350434 0.164397
v -0.234841 0.332663 0.190048
v -0.243962 0.317934 0.191932
v -0.227722 0.297737 0.219357
v -0.203367 0.282090 0.237802
v -0.211139 0.276150 0.230528
v -0.230720 0.289772 0.217247
v -0.244755 0.307967 0.187908
v -0.276367 0.319800 0.170734
v -0.280348 0.307976 0.166180
v -0.168239 0.300817 0.209736
v -0.158088 0.325020 0.229781
v -0.144153 0.314361 0.243087
v -0.139272 0.297436 0.235233
v -0.126720 0.307194 0.245072
v -0.119743 0.287565 0.239143
v -0.119684 0.292643 0.264164
v -0.089619 0.284330 0.279381
v -0.103305 0.242396 0.282643
v -0.112822 0.253915 0.255170
v -0.106885 0.231184 0.273226
v 0.093179 0.107986 0.315286
v 0.096197 0.095606 0.300911
v 0.154294 0.151573 0.314777
v 0.218841 0.153564 0.285798
v 0.215490 0.163722 0.294279
v 0.230336 0.176839 0.285375
v 0.235504 0.170231 0.273986
v 0.238240 0.180036 0.267094
v 0.253157 0.173989 0.262760
v 0.273860 0.177646 0.237225
v 0.298562 0.242274 0.226465
v 0.305290 0.236437 0.206962
v 0.322846 0.248507 0.208041
v 0.346934 0.252023 0.187272
v 0.354725 0.259256 0.155448
v 0.345425 0.270298 0.126441
v 0.365504 0.266062 0.101831
v 0.258943 0.425957 0.042479
v 0.264345 0.407226 0.040950
v 0.263851 0.399480 0.017152
v 0.320520 0.362443 -0.025214
v 0.205975 0.454598 -0.070645
v 0.204052 0.445043 -0.114755
v 0.245863 0.437341 -0.101298
v 0.228026 0.408650 -0.145718
v 0.234494 0.422918 -0.144808
v 0.258534 0.407511 -0.081526
v 0.247689 0.423373 -0.104983
v 0.277019 0.416863 -0.103477
v 0.250738 0.418170 -0.087726
v 0.273805 0.385939 -0.080652
v 0.291572 0.402706 -0.100726
v 0.294615 0.361428 -0.104007
v 0.300266 0.384681 -0.115744
v 0.277102 0.394617 -0.116594
v 0.291447 0.389713 -0.129333
v 0.225776 0.410789 -0.158991
v 0.205974 0.257913 -0.259510
v 0.213786 0.258999 -0.246816
v 0.194468 0.231315 -0.269985
v 0.208979 0.234842 -0.247026
v 0.238742 0.212174 -0.235492
v 0.230032 0.210514 -0.255453
v 0.222657 0.182930 -0.239813
v 0.248219 0.188096 -0.234942
v 0.252844 0.143641 -0.221166
v 0.267627 0.168481 -0.211693
v 0.217369 0.188255 -0.270421
v 0.216747 0.176465 -0.261606
v 0.194875 0.201964 -0.283298
v 0.189332 0.184918 -0.275946
v 0.183666 0.211345 -0.286629
v 0.153989 0.172267 -0.291930
v 0.181316 0.218092 -0.277681
v 0.137140 0.195069 -0.296061
v 0.233827 0.164573 -0.256081
v 0.217917 0.166058 -0.269197
v 0.244095 0.133861 -0.238458
v 0.192062 0.173076 -0.285699
v 0.154652 0.162768 -0.296621
v 0.280768 0.156752 -0.219397
v 0.272885 0.141150 -0.222177
v 0.340261 0.154956 -0.171308
v 0.347139 0.143499 -0.173164
v 0.331404 0.127272 -0.184113
v 0.266117 0.108852 -0.196998
v 0.275581 0.122607 -0.220794
v 0.318934 0.110162 -0.186357
v 0.295234 0.101543 -0.160781
v 0.296448 0.367099 0.028033
v 0.297977 0.390793 0.038423
v 0.298445 0.398132 0.053793
v 0.293070 0.397082 0.077268
v 0.364287 0.266650 0.134559
v 0.374680 0.260460 0.116374
v 0.366264 0.250068 0.146541
v 0.365591 0.238964 0.138607
v 0.375929 0.249605 0.108926
v 0.364560 0.258360 0.073042
v 0.377228 0.283800 0.080843
v 0.343334 0.318632 0.131292
v 0.353965 0.316070 0.099947
v 0.083741 0.420941 0.010226
v 0.056948 0.459615 0.020256
v 0.029785 0.464509 0.022423
v -0.393779 0.217941 0.020639
v 0.008665 0.443555 0.016347
v -0.423205 0.189691 -0.010910
v -0.424604 0.169629 -0.009662
v -0.412600 0.191384 0.010659
v -0.011642 0.464396 0.019767
v -0.384763 0.208609 0.024502
v -0.036529 0.444034 0.019044
v -0.419632 0.167463 -0.065991
v -0.418319 0.154901 -0.081023
v -0.404541 0.146358 -0.092958
v -0.413610 0.150719 -0.055772
v -0.419203 0.137771 -0.056397
v -0.410354 0.147807 -0.010938
v -0.070108 0.440084 0.017645
v -0.419572 0.131730 -0.013367
v -0.394473 0.127542 0.003558
v -0.400598 0.111287 0.004963
v -0.417168 0.112161 -0.023493
v -0.410722 0.123160 -0.048623
v -0.408512 0.127218 -0.075905
v -0.406608 0.118500 -0.065212
v -0.388970 0.098189 0.002508
v -0.400953 0.101033 -0.038738
v -0.396146 0.116760 -0.049538
v -0.392788 0.111982 -0.066909
v -0.390028 0.100459 -0.056304
v -0.386684 0.134605 -0.081395
v -0.388172 0.115588 -0.077848
v -0.380572 0.120922 -0.083283
v -0.390866 0.134052 -0.106421
v -0.391453 0.140597 -0.124636
v -0.221339 0.266206 0.239869
v -0.200391 0.260208 0.246959
v -0.183382 0.271671 0.243649
v -0.172707 0.259672 0.221919
v -0.160702 0.294714 0.245561
v -0.164626 0.264868 0.254070
v -0.141287 0.292697 0.252261
v -0.133094 0.279220 0.259158
v -0.128840 0.250167 0.272476
v -0.116121 0.218322 0.281889
v -0.158256 0.235414 0.264437
v -0.161891 0.232656 0.257311
v -0.149091 0.205753 0.271324
v -0.135447 0.165547 0.269628
v -0.154004 0.201803 0.259863
v -0.149478 0.175343 0.255320
v -0.209287 0.231411 0.227784
v -0.182143 0.242544 0.254438
v -0.169641 0.214083 0.264005
v -0.203525 0.228814 0.252089
v -0.202568 0.200640 0.257401
v -0.193773 0.194292 0.262263
v -0.158205 0.195816 0.264746
v -0.161176 0.177263 0.268063
v -0.171024 0.149761 0.256283
v -0.195730 0.152766 0.259311
v -0.177128 0.148382 0.223374
v -0.194599 0.142541 0.247742
v -0.236593 0.252828 0.229975
v -0.254755 0.264829 0.219814
v -0.245934 0.247163 0.241946
v -0.270541 0.261840 0.225493
v -0.220999 0.229235 0.249535
v -0.213779 0.193789 0.257916
v -0.251662 0.211743 0.247277
v -0.267922 0.225727 0.233217
v -0.289967 0.256111 0.220804
v -0.289377 0.213937 0.230719
v -0.245904 0.286437 0.222425
v -0.261456 0.308203 0.200274
v -0.292800 0.306942 0.177008
v -0.285255 0.315788 0.142225
v -0.301015 0.308914 0.140621
v -0.041095 0.154699 0.294654
v -0.065845 0.142564 0.293628
v -0.038479 0.134444 0.296602
v -0.030747 0.127539 0.282553
v -0.008374 0.139180 0.293253
v -0.003785 0.112403 0.293541
v -0.012465 0.099829 0.306907
v -0.020470 0.115085 0.292215
v -0.027754 0.105901 0.300555
v -0.039542 0.089199 0.297960
v -0.092727 0.170360 0.269071
v -0.092436 0.154069 0.284276
v -0.120179 0.152494 0.256521
v -0.070594 0.117816 0.281072
v -0.086103 0.129035 0.278969
v -0.114919 0.146147 0.265742
v -0.075180 0.108773 0.265352
v -0.091526 0.116775 0.270936
v -0.134602 0.134462 0.233634
v -0.127978 0.124956 0.254548
v -0.164338 0.103235 0.211262
v -0.044626 0.102481 0.284411
v -0.053326 0.077627 0.269793
v -0.082681 0.094074 0.255787
v -0.050685 0.062163 0.289441
v -0.015336 0.051812 0.295526
v 0.028063 0.033948 0.277802
v 0.016765 0.039133 0.290480
v -0.010528 0.038468 0.281806
v 0.008322 0.028057 0.282619
v -0.045761 0.020168 0.259946
v -0.055641 0.032879 0.277781
v -0.069542 0.061644 0.280700
v -0.100770 0.099595 0.265214
v -0.103121 0.081095 0.250022
v -0.090700 0.052814 0.271713
v -0.098963 0.025983 0.257576
v -0.083142 0.023442 0.267305
v -0.066193 0.006351 0.249582
v -0.100256 -0.000241 0.244164
v -0.125501 0.091455 0.253626
v -0.148209 0.078538 0.239191
v -0.136948 0.064255 0.235751
v -0.117184 0.057968 0.253163
v -0.113011 0.029952 0.254463
v -0.135805 0.043458 0.243308
v 0.064478 0.107747 0.316206
v 0.088002 0.092301 0.309052
v 0.037756 0.033845 0.289946
v 0.060241 0.075790 0.311558
v 0.062158 0.034866 0.293698
v 0.084737 0.069780 0.301120
v 0.094647 0.045173 0.286144
v -0.347197 0.321299 0.037845
v -0.359751 0.310141 0.049488
v -0.213683 0.061511 0.011475
v -0.368297 0.291928 0.035432
v -0.370908 0.277450 0.033909
v -0.376921 0.278339 0.059914
v -0.379612 0.296413 0.061541
v -0.367858 0.316568 0.066170
v -0.359420 0.331173 0.064378
v -0.350432 0.341703 0.066885
v -0.384704 0.272037 0.040216
v -0.393638 0.273636 0.061425
v -0.396752 0.247286 0.034201
v -0.392493 0.225945 0.033442
v -0.407353 0.254640 0.056713
v -0.373999 0.266491 0.077601
v -0.388895 0.256916 0.078711
v -0.375466 0.286221 0.088190
v -0.368654 0.306856 0.087201
v -0.362272 0.270124 0.113996
v -0.355926 0.284215 0.118723
v -0.359441 0.291070 0.092236
v -0.359269 0.308547 0.094529
v -0.337631 0.307185 0.112575
v -0.322018 0.282036 0.109460
v -0.326272 0.315287 0.090059
v -0.321499 0.312947 0.128081
v -0.294042 0.285867 0.121558
v -0.332262 0.273283 0.135872
v -0.354640 0.271894 0.135562
v -0.324171 0.289064 0.149750
v -0.331582 0.277779 0.166540
v -0.313702 0.300251 0.164446
v -0.305184 0.283591 0.188531
v -0.286658 0.293329 0.196196
v -0.271470 0.288976 0.203779
v -0.268032 0.282051 0.218964
v -0.299735 0.264696 0.183091
v -0.287618 0.266840 0.208058
v -0.294376 0.249757 0.209249
v -0.295379 0.211052 0.219327
v -0.328383 0.257919 0.166935
v -0.334309 0.257801 0.142033
v -0.346877 0.242749 0.123288
v -0.371696 0.257852 0.125028
v -0.392946 0.241325 0.078606
v -0.374919 0.239354 0.117785
v -0.413693 0.227265 0.059226
v -0.363384 0.219451 0.109101
v -0.396158 0.231543 0.081976
v -0.413541 0.206632 0.038783
v -0.422216 0.162603 0.038936
v -0.412654 0.180206 0.049581
v -0.419605 0.197407 0.048384
v -0.415767 0.207343 0.061021
v -0.418642 0.194343 0.069474
v -0.422606 0.182768 0.068293
v -0.404911 0.201672 0.078513
v -0.412359 0.189215 0.090180
v -0.398980 0.198833 0.106732
v -0.404716 0.210952 0.104899
v -0.397443 0.222201 0.106684
v -0.420157 0.175613 0.082518
v -0.426338 0.161647 0.056546
v -0.370702 0.187657 0.167653
v -0.428984 0.142393 0.042165
v -0.403488 0.129349 0.024308
v -0.096921 0.418862 0.013875
v -0.429125 0.143819 0.061255
v -0.415323 0.145928 0.087811
v -0.380270 0.188885 0.155895
v -0.408428 0.156685 0.075709
v -0.340147 0.237162 0.124038
v -0.331320 0.244973 0.139859
v -0.318555 0.242792 0.169358
v -0.321348 0.254517 0.186465
v -0.313231 0.249114 0.206549
v -0.322476 0.223031 0.216488
v -0.332423 0.232188 0.176005
v -0.338781 0.231620 0.195826
v -0.355756 0.242309 0.152671
v -0.365030 0.238137 0.138242
v -0.372454 0.225782 0.136404
v -0.267013 0.193592 0.233469
v -0.224430 0.180710 0.255713
v -0.238289 0.148149 0.230657
v -0.201470 0.122176 0.228057
v -0.280270 0.175371 0.229142
v -0.310682 0.287139 0.117669
v -0.330741 0.242873 0.156270
v -0.346643 0.241086 0.165829
v -0.284591 0.188748 0.213014
v -0.287266 0.174361 0.215062
v -0.306419 0.199314 0.226889
v -0.314304 0.185842 0.228582
v -0.345089 0.215112 0.196226
v -0.325266 0.201733 0.217560
v -0.337290 0.199805 0.191648
v -0.347811 0.210594 0.175840
v -0.346058 0.194605 0.199014
v -0.330279 0.191291 0.215395
v -0.330205 0.179133 0.217733
v -0.356522 0.204818 0.179752
v -0.356344 0.223444 0.168559
v -0.365964 0.226126 0.154335
v -0.371941 0.204021 0.120318
v -0.370856 0.207818 0.137211
v -0.352874 0.206239 0.149578
v -0.367271 0.203614 0.162822
v -0.377326 0.202372 0.145667
v -0.373183 0.181810 0.105248
v -0.388521 0.198583 0.128015
v -0.398811 0.180933 0.118713
v -0.399535 0.174362 0.091740
v -0.406967 0.166011 0.101307
v -0.385705 0.182885 0.143562
v -0.361082 0.185842 0.181503
v -0.354989 0.176161 0.197596
v -0.338080 0.168367 0.205884
v -0.324282 0.171695 0.213082
v -0.376172 0.177977 0.152588
v -0.357148 0.175761 0.172465
v -0.352145 0.159742 0.183523
v -0.340451 0.145784 0.204416
v -0.344007 0.142205 0.189700
v -0.336924 0.156122 0.210171
v -0.323495 0.155837 0.220972
v -0.124117 0.012569 0.240034
v -0.124136 0.028883 0.218939
v -0.114338 0.005691 0.219159
v -0.146946 0.050648 0.228214
v -0.140039 0.039875 0.230852
v -0.153336 0.068222 0.232753
v -0.130204 0.032219 0.202790
v -0.152224 0.044857 0.210833
v -0.164020 0.076115 0.215289
v -0.143414 -0.009728 0.214099
v -0.145975 0.012154 0.201825
v -0.123445 -0.018385 0.215396
v -0.094257 -0.004514 0.220388
v -0.065288 0.002516 0.227647
v -0.042724 0.005261 0.239902
v 0.024346 0.023430 0.266324
v 0.136634 0.118635 0.310695
v 0.137371 0.128992 0.316198
v 0.218114 0.143882 0.292580
v 0.206095 0.115455 0.292266
v 0.201937 0.104966 0.285058
v 0.218211 0.438164 -0.123368
v 0.256917 0.421451 -0.127624
v 0.275881 0.410713 -0.117104
v 0.255892 0.404544 -0.136610
v 0.263360 0.400237 -0.149009
v 0.207518 0.408129 -0.184943
v 0.230071 0.386563 -0.195687
v 0.217886 0.405700 -0.172021
v 0.229832 0.391337 -0.177058
v 0.242957 0.398692 -0.168096
v 0.260310 0.395198 -0.157623
v 0.291056 0.377209 -0.141880
v 0.305925 0.363934 -0.132168
v 0.261808 0.385660 -0.160583
v 0.287000 0.367121 -0.145166
v 0.245369 0.361566 -0.185119
v 0.264286 0.378852 -0.173837
v 0.243251 0.363801 -0.204594
v 0.298716 0.352838 -0.150360
v 0.264086 0.332200 -0.204692
v 0.249365 0.329229 -0.206048
v 0.278257 0.340790 -0.175275
v 0.280906 0.356269 -0.171625
v 0.300387 0.345387 -0.155373
v 0.302706 0.334037 -0.151505
v 0.308456 0.347553 -0.127323
v 0.307328 0.333034 -0.128815
v 0.307441 0.321227 -0.120937
v 0.317741 0.323863 -0.145645
v 0.284795 0.328024 -0.180630
v 0.278108 0.320576 -0.193515
v 0.272365 0.376216 0.071042
v 0.295646 0.375116 0.053681
v 0.298539 0.372954 0.090237
v 0.306039 0.376410 0.078137
v 0.303552 0.371455 0.056122
v 0.306040 0.353899 0.046612
v 0.300857 0.367868 0.106304
v 0.298237 0.363281 0.115762
v 0.307884 0.363035 0.127475
v 0.304945 0.352409 0.138738
v 0.333554 0.340360 0.131926
v 0.312089 0.369882 0.105476
v 0.325188 0.352682 0.121279
v 0.318539 0.350282 0.105695
v 0.315170 0.356181 0.074682
v -0.302742 0.120300 -0.206366
v -0.330183 0.132653 -0.185005
v -0.348779 0.136465 -0.169538
v -0.354042 0.136269 -0.144263
v -0.376910 0.141844 -0.140855
v -0.370417 0.129790 -0.115595
v -0.274877 0.118686 -0.217755
v -0.245714 0.112084 -0.220625
v -0.228823 0.113677 -0.211706
v -0.422507 0.124823 0.063404
v -0.414129 0.122922 0.044934
v -0.413398 0.124221 0.092443
v -0.411008 0.149010 0.111809
v -0.401397 0.169985 0.138924
v -0.380825 0.167626 0.158715
v -0.370994 0.162758 0.175545
v -0.362365 0.151434 0.184483
v -0.356828 0.135514 0.186771
v -0.390635 0.136515 0.123158
v -0.392846 0.118783 0.103257
v -0.396343 0.110747 0.029521
v -0.408284 0.114767 0.062264
v -0.400824 0.110451 0.081745
v -0.382489 0.120380 0.098406
v -0.369814 0.136317 0.114774
v -0.102414 0.453882 0.016492
v -0.324642 0.128812 0.194116
v -0.324933 0.135016 0.213019
v -0.306770 0.114060 0.223153
v -0.312083 0.118988 0.206273
v -0.312016 0.172822 0.217628
v -0.311316 0.154979 0.227597
v -0.297196 0.140824 0.229891
v -0.285888 0.115370 0.235729
v -0.293146 0.164725 0.212622
v -0.288731 0.156686 0.223091
v -0.286307 0.142064 0.225249
v -0.274922 0.121565 0.230956
v -0.280868 0.147305 0.232165
v -0.240888 0.126893 0.224274
v -0.261070 0.109144 0.229977
v -0.276639 0.101584 0.233335
v -0.228201 0.112001 0.222340
v -0.273230 0.086951 0.226390
v -0.176733 0.125536 0.241692
v -0.175786 0.111176 0.233852
v -0.209286 0.090133 0.219287
v -0.254760 0.090935 0.236311
v -0.247045 0.078039 0.220350
v -0.302471 0.101298 0.209343
v -0.279485 0.082200 0.203543
v -0.248950 0.072923 0.202844
v -0.310993 0.107407 0.199971
v -0.392574 0.116382 0.051565
v -0.394019 0.105035 0.045392
v -0.332480 0.119887 0.186767
v -0.100286 -0.024328 0.218019
v -0.064630 -0.018237 0.232386
v -0.035116 -0.009276 0.235774
v -0.030754 0.006996 0.260217
v -0.009315 0.023029 0.276688
v -0.025902 0.004276 0.236107
v 0.004311 0.017957 0.271940
v 0.013127 0.022292 0.253069
v 0.000024 0.006843 0.253491
v 0.008750 0.013733 0.235737
v 0.040882 0.020717 0.278158
v 0.020789 0.015184 0.243355
v -0.025359 -0.001808 0.229213
v -0.014342 -0.005278 0.231603
v -0.030880 -0.022627 0.213537
v -0.020233 -0.024304 0.216626
v -0.036793 -0.024720 0.218365
v -0.059684 -0.034273 0.212728
v -0.091626 -0.037128 0.191556
v -0.073625 0.209450 -0.290895
v -0.022020 0.221997 -0.268631
v -0.032013 0.229283 -0.289929
v -0.006370 0.236213 -0.266979
v -0.003438 0.234336 -0.291072
v 0.015219 0.246160 -0.292608
v 0.047592 0.230553 -0.297131
v 0.062895 0.198692 -0.307013
v 0.076887 0.199288 -0.313727
v 0.067426 0.213745 -0.308725
v 0.075864 0.225511 -0.305806
v 0.039283 0.220466 -0.304781
v 0.007218 0.220641 -0.303023
v 0.032881 0.209145 -0.301993
v 0.005840 0.212230 -0.301733
v -0.007844 0.221183 -0.280141
v -0.025159 0.213468 -0.295786
v -0.048735 0.199248 -0.288680
v -0.054238 0.182869 -0.290888
v -0.054586 0.162849 -0.293388
v -0.034129 0.190984 -0.302165
v -0.037169 0.165086 -0.306029
v -0.024656 0.143960 -0.306879
v -0.008635 0.136814 -0.305209
v -0.000167 0.190792 -0.311312
v 0.033886 0.173669 -0.313366
v 0.054072 0.180779 -0.303062
v 0.073772 0.176605 -0.316911
v 0.041515 0.168077 -0.310490
v 0.055909 0.153994 -0.320912
v 0.097135 0.160737 -0.314184
v 0.100592 0.182249 -0.316546
v 0.122736 0.184262 -0.310340
v 0.129967 0.166169 -0.308906
v 0.107580 0.148230 -0.308482
v 0.132934 0.145839 -0.302684
v 0.089365 0.135706 -0.316302
v 0.035229 0.153005 -0.297514
v 0.029538 0.148186 -0.313622
v 0.019316 0.159892 -0.308624
v -0.003377 0.178299 -0.307103
v 0.015095 0.151536 -0.310688
v -0.046981 0.100788 -0.296739
v -0.013578 0.112441 -0.309765
v 0.031832 0.104287 -0.295095
v 0.024118 0.088749 -0.301069
v -0.048380 0.078901 -0.293813
v -0.017161 0.054673 -0.291667
v 0.020980 0.055208 -0.278908
v -0.012363 0.087016 -0.295779
v 0.070411 0.091151 -0.271686
v 0.050730 0.082806 -0.288297
v 0.040882 0.068344 -0.281992
v 0.058846 0.069270 -0.276612
v 0.043072 0.051968 -0.274521
v 0.073867 0.080299 -0.269015
v 0.027968 0.041825 -0.269327
v 0.006749 0.032364 -0.256653
v 0.159894 0.151008 -0.293171
v 0.188104 0.150065 -0.284431
v 0.221823 0.139031 -0.259310
v 0.240838 0.123711 -0.234743
v -0.142419 0.154323 0.214508
v -0.166987 0.142684 0.207531
v -0.170015 0.124308 0.209014
v -0.174911 0.095641 0.186171
v -0.122057 0.118365 0.173233
v -0.165135 0.034654 0.215555
v -0.160272 -0.003832 0.177988
v -0.163767 -0.022742 0.177399
v -0.135056 -0.031236 0.184976
v 0.040817 0.017163 0.236046
v 0.071240 0.026966 0.271802
v 0.110075 0.026892 0.255802
v 0.074466 0.030787 0.229814
v 0.110675 0.033239 0.230246
v 0.094021 0.082318 0.301645
v 0.039337 0.029091 0.224817
v 0.074951 0.044538 0.219588
v 0.107961 0.046541 0.222108
v 0.111495 0.092719 0.312459
v 0.139292 0.111409 0.313062
v 0.105609 0.084663 0.304629
v 0.135299 0.068238 0.297830
v 0.113827 0.057519 0.292303
v 0.135040 0.074735 0.305243
v 0.188781 0.097498 0.295297
v 0.179696 0.087696 0.293266
v 0.148605 0.091097 0.310194
v 0.150789 0.084640 0.302189
v 0.180046 0.083071 0.286895
v 0.159629 0.074170 0.299383
v 0.154242 0.066360 0.297550
v 0.178892 0.072258 0.286329
v 0.171555 0.058835 0.278990
v 0.160471 0.045977 0.272621
v 0.293580 0.222271 0.237462
v 0.304428 0.180214 0.226622
v 0.277745 0.182603 0.220131
v 0.298550 0.170053 0.217615
v 0.327067 0.183368 0.203111
v 0.327823 0.175184 0.196812
v 0.324245 0.220260 0.205814
v 0.327618 0.221691 0.200059
v 0.348060 0.185864 0.179309
v 0.330703 0.263637 0.145568
v 0.357124 0.259291 0.170589
v 0.339587 0.350204 0.110257
v 0.337196 0.355923 0.092952
v 0.333135 0.360584 0.068519
v 0.332017 0.359065 0.053111
v 0.331506 0.340108 0.041353
v 0.341842 0.351570 0.051552
v 0.310691 0.343849 0.026712
v 0.352875 0.341786 0.045008
v 0.352830 0.346446 0.050169
v 0.348151 0.354453 0.068268
v 0.347098 0.345262 0.086032
v 0.348279 0.334696 0.106784
v 0.362153 0.331369 0.080131
v 0.361311 0.343542 0.063297
v 0.371741 0.310747 0.073615
v 0.365744 0.329005 0.053841
v 0.375592 0.299996 0.081271
v 0.339262 0.330832 0.020609
v 0.358946 0.335558 0.030171
v 0.367166 0.318051 0.034430
v 0.373503 0.299264 0.034676
v 0.369020 0.285762 0.057550
v 0.369116 0.287263 0.035878
v 0.336565 0.315782 -0.128257
v 0.354366 0.321661 -0.082052
v 0.318067 0.348297 -0.003467
v 0.328863 0.348951 -0.007370
v 0.334697 0.359490 -0.032153
v 0.355819 0.325131 -0.052962
v 0.350789 0.321641 -0.038656
v 0.349996 0.310800 -0.011828
v 0.327591 0.306126 -0.001134
v 0.334081 0.302171 -0.131062
v 0.345107 0.305557 -0.079345
v 0.342532 0.306942 -0.055160
v 0.348110 0.302232 -0.039570
v 0.318346 0.289668 -0.133363
v 0.319438 0.312552 -0.145830
v 0.287345 0.315162 -0.181749
v 0.326604 0.292549 -0.154169
v 0.325930 0.309506 -0.153991
v 0.328334 0.284180 -0.166989
v 0.297983 0.306305 -0.185720
v 0.350714 0.295932 -0.080180
v 0.342210 0.290164 -0.124639
v 0.340432 0.277772 -0.121868
v 0.349190 0.285114 -0.078953
v 0.275107 0.308048 -0.191463
v 0.285740 0.301654 -0.195843
v 0.273710 0.286139 -0.212000
v 0.282282 0.283627 -0.210031
v 0.245468 0.336593 -0.219286
v 0.272212 0.309689 -0.210253
v 0.254989 0.318537 -0.216050
v 0.263659 0.273571 -0.223552
v 0.247304 0.297036 -0.232862
v 0.236288 0.298520 -0.232832
v 0.231622 0.308596 -0.242198
v 0.208517 0.355140 -0.227216
v 0.210301 0.344991 -0.223120
v 0.222669 0.341451 -0.228798
v 0.222651 0.293460 -0.246846
v 0.222263 0.282988 -0.237985
v 0.201368 0.286995 -0.256101
v 0.216885 0.278943 -0.252970
v 0.232242 0.277196 -0.244970
v 0.336989 0.284096 -0.148431
v 0.352138 0.275240 -0.125920
v 0.363716 0.280024 -0.086552
v 0.339662 0.250636 -0.148944
v 0.332267 0.264284 -0.177499
v 0.367983 0.245949 -0.130117
v 0.352000 0.224375 -0.158752
v 0.359144 0.222920 -0.146602
v 0.373591 0.261431 -0.091396
v 0.324737 0.248972 -0.189917
v 0.274476 0.274185 -0.216220
v 0.284668 0.260143 -0.214177
v 0.344589 0.217514 -0.161326
v 0.309620 0.247265 -0.201796
v 0.273748 0.255624 -0.217003
v 0.250168 0.258561 -0.217319
v 0.240101 0.244729 -0.242793
v 0.279402 0.242642 -0.222159
v 0.255286 0.241858 -0.224100
v 0.253762 0.221103 -0.233609
v 0.266408 0.222046 -0.227030
v 0.345526 0.202064 -0.143148
v 0.367920 0.238079 -0.123610
v 0.368613 0.247141 -0.092852
v 0.369810 0.277382 -0.046271
v 0.384503 0.281645 -0.064225
v 0.386715 0.265948 -0.077205
v 0.387277 0.258509 -0.091168
v 0.379929 0.234818 -0.123837
v 0.368846 0.208519 -0.144158
v 0.377457 0.256511 -0.027721
v 0.400951 0.260000 -0.041000
v 0.409543 0.231543 -0.048291
v 0.387770 0.232075 -0.020150
v 0.408088 0.247807 -0.067520
v 0.416154 0.216405 -0.066452
v 0.404200 0.234356 -0.090316
v 0.408139 0.219265 -0.082671
v 0.398974 0.219999 -0.112247
v 0.376814 0.201249 -0.138400
v 0.360917 0.181230 -0.133041
v 0.390675 0.206024 -0.115086
v 0.409101 0.209921 -0.096442
v 0.404262 0.197541 -0.093887
v 0.405369 0.203723 -0.074791
v 0.410157 0.200587 -0.062622
v 0.408098 0.219741 -0.031479
v 0.349903 0.163130 -0.172413
v 0.258338 0.202004 -0.238799
v 0.290387 0.209321 -0.226690
v 0.279744 0.176257 -0.221840
v 0.311452 0.203266 -0.206584
v 0.338162 0.186602 -0.183685
v -0.141180 0.084801 0.015237
v -0.215806 0.085712 0.203649
v -0.231283 0.078908 0.192962
v -0.248821 0.076822 0.190709
v -0.197640 0.076211 0.175639
v -0.150568 0.116814 0.182122
v -0.158689 0.077315 0.161767
v -0.187606 0.034680 0.204774
v -0.177138 0.012021 0.198293
v -0.176772 -0.002710 0.177639
v -0.171956 -0.018761 0.169052
v -0.126394 -0.034749 0.166647
v -0.157747 -0.029928 0.145198
v -0.086907 -0.034299 0.182330
v -0.059029 -0.040140 0.195962
v -0.068291 -0.029675 0.184741
v -0.080112 -0.023103 0.176322
v -0.121082 -0.027266 0.158199
v -0.153536 -0.021600 0.131134
v -0.060630 -0.031857 0.139351
v -0.074975 -0.032678 0.145926
v -0.083876 -0.025141 0.165018
v -0.119290 -0.034677 0.150036
v -0.142627 -0.030993 0.131358
v -0.140275 -0.031342 0.111551
v -0.144551 -0.023680 0.104165
v -0.176653 -0.022727 0.144671
v -0.172314 -0.012105 0.121655
v -0.109588 -0.042053 0.133142
v -0.155235 -0.014569 0.106838
v -0.191816 0.003809 0.161016
v -0.189612 0.042599 0.182713
v -0.128540 0.116509 0.170718
v -0.171074 0.048402 0.161218
v -0.195858 0.031359 0.176236
v -0.194294 0.029334 0.148852
v -0.192711 0.006845 0.144870
v -0.184946 0.029304 0.129824
v -0.182583 0.011470 0.127731
v -0.172740 0.000673 0.116982
v -0.160269 0.010750 0.097130
v 0.385954 0.260256 0.086987
v 0.391844 0.261857 0.094741
v 0.385626 0.256033 0.080206
v 0.369190 0.265226 0.069768
v 0.400798 0.265457 0.080866
v 0.399580 0.270558 0.048761
v 0.352077 0.312286 0.026791
v 0.365543 0.298657 0.023871
v 0.366045 0.282005 0.025317
v 0.369002 0.282080 -0.016866
v 0.405789 0.254219 0.096857
v 0.393160 0.247015 0.115635
v 0.383279 0.236868 0.141162
v 0.365841 0.225776 0.155897
v 0.364012 0.231087 0.161457
v 0.352996 0.217499 0.177649
v 0.354679 0.209489 0.171699
v 0.341422 0.225308 0.194874
v 0.349104 0.207648 0.183779
v 0.368838 0.209373 0.164947
v 0.360458 0.190769 0.171627
v 0.373084 0.224092 0.155941
v 0.411355 0.257972 0.079261
v 0.405193 0.260384 0.044643
v 0.389694 0.255089 0.039664
v 0.385036 0.276640 0.033954
v 0.382491 0.240539 0.022915
v 0.381173 0.260354 0.020901
v 0.378333 0.273116 0.023271
v 0.370505 0.237263 0.016543
v 0.408132 0.244138 0.028515
v 0.422483 0.224956 0.049891
v 0.419457 0.218124 0.088564
v 0.404061 0.226410 0.116366
v 0.384730 0.215572 0.147725
v 0.378785 0.204721 0.152261
v 0.399300 0.214629 0.114737
v 0.416245 0.210257 0.085373
v 0.419636 0.215947 0.046693
v 0.405887 0.236327 0.024376
v 0.347019 0.178591 0.177263
v 0.349309 0.179237 0.159132
v 0.387053 0.195922 0.154605
v 0.404878 0.209755 0.120381
v 0.423912 0.205808 0.085736
v 0.430256 0.212903 0.042298
v 0.407160 0.230018 0.010800
v 0.356115 0.163933 0.165568
v 0.367566 0.178056 0.165077
v 0.380423 0.183894 0.160555
v 0.371304 0.167515 0.163375
v 0.385482 0.156432 0.147911
v 0.375113 0.151284 0.145210
v 0.352430 0.172077 0.173349
v 0.351301 0.132509 0.181503
v 0.340548 0.127331 0.162148
v 0.326010 0.102445 0.188334
v 0.327725 0.108235 0.199523
v 0.331944 0.168842 0.202459
v 0.310782 0.162546 0.222635
v 0.335840 0.140823 0.205693
v 0.318976 0.132626 0.216846
v 0.250602 0.162476 0.259447
v 0.268391 0.169142 0.230871
v 0.263032 0.153167 0.254732
v 0.231929 0.136851 0.282704
v 0.230706 0.110333 0.274858
v 0.233105 0.101368 0.265812
v 0.259227 0.123569 0.251318
v 0.270128 0.154044 0.242012
v 0.259372 0.118426 0.230976
v 0.273961 0.121961 0.238528
v 0.303017 0.151543 0.220950
v 0.279097 0.164524 0.235744
v 0.293685 0.165364 0.226705
v 0.300081 0.141737 0.230957
v 0.307685 0.129814 0.222581
v 0.299596 0.094664 0.210280
v 0.295051 0.087268 0.194701
v 0.296222 0.233754 -0.215679
v 0.323617 0.219062 -0.193842
v 0.356053 0.202644 -0.164674
v 0.366441 0.183630 -0.157646
v 0.354455 0.150472 -0.165360
v 0.372004 0.166818 -0.144991
v 0.370428 0.164542 -0.154520
v 0.397853 0.194571 -0.119069
v 0.382606 0.180729 -0.140802
v 0.381993 0.161904 -0.142444
v 0.412530 0.191183 -0.095078
v 0.415910 0.194682 -0.051267
v 0.422659 0.190854 -0.057702
v 0.408504 0.207524 -0.027742
v 0.404616 0.243138 -0.036507
v 0.401690 0.230646 -0.043063
v 0.391141 0.221670 -0.023055
v 0.388006 0.207202 -0.024618
v 0.403600 0.177532 -0.040238
v 0.412872 0.174554 -0.040562
v -0.167627 0.141053 -0.212022
v -0.185006 0.118413 -0.195789
v -0.199945 0.096461 -0.182417
v -0.202191 0.082844 -0.171445
v -0.203989 0.057852 -0.143633
v -0.205313 0.038796 -0.127420
v -0.195595 0.018621 -0.121919
v -0.183531 -0.001867 -0.136696
v -0.171321 -0.009249 -0.158490
v -0.182242 -0.003282 -0.184081
v -0.174241 0.000486 -0.134479
v -0.163303 -0.007517 -0.152159
v -0.154000 -0.011495 -0.167724
v -0.157030 -0.012886 -0.183158
v -0.155444 0.020296 -0.219188
v -0.161385 0.014983 -0.215297
v -0.138315 0.006156 -0.209942
v -0.143983 -0.001504 -0.205481
v -0.161812 -0.004777 -0.198818
v -0.166447 -0.009389 -0.189736
v -0.178270 0.019071 -0.115614
v -0.188081 0.042192 -0.112405
v -0.186548 0.058865 -0.130088
v -0.186501 0.080502 -0.153722
v -0.172653 0.099011 -0.184954
v -0.061549 0.010586 -0.238807
v -0.081583 0.004926 -0.241591
v -0.146729 0.019873 -0.229842
v -0.131452 0.006665 -0.223569
v -0.125302 0.001159 -0.199090
v -0.119919 -0.004371 -0.215492
v -0.107856 0.000886 -0.233794
v -0.131351 -0.009707 -0.194981
v -0.148171 -0.018340 -0.168350
v -0.145623 -0.017536 -0.180343
v -0.160443 -0.018973 -0.146253
v -0.171017 -0.010023 -0.123283
v -0.171072 0.014918 -0.107536
v -0.170529 0.046627 -0.103463
v -0.167344 0.056871 -0.127016
v -0.110213 0.010741 -0.174807
v -0.115180 -0.010649 -0.178421
v -0.119818 -0.027986 -0.147657
v -0.097833 -0.013560 -0.206561
v -0.093465 -0.006779 -0.226498
v -0.103134 -0.005488 -0.192201
v -0.080697 -0.000247 -0.232784
v -0.076788 -0.002860 -0.226443
v 0.245780 0.102764 0.210966
v 0.235142 0.083252 0.242451
v 0.288790 0.081844 0.179533
v 0.321817 0.090521 0.190169
v 0.342139 0.105089 0.177656
v 0.353790 0.122941 0.171669
v 0.363344 0.154462 0.164353
v 0.375036 0.146550 0.148324
v 0.378149 0.120295 0.136105
v 0.376118 0.117689 0.142210
v 0.380369 0.099309 0.107674
v 0.373866 0.091631 0.108818
v 0.367662 0.102763 0.083584
v 0.361205 0.089734 0.085134
v 0.370703 0.125889 0.160768
v 0.366647 0.104780 0.156334
v 0.365052 0.083644 0.123437
v 0.341274 0.087336 0.172383
v 0.328959 0.086956 0.177968
v 0.316117 0.079801 0.154291
v 0.124189 0.461479 -0.007678
v 0.128031 0.450820 -0.001082
v 0.389579 0.235847 0.014239
v 0.374817 0.227226 0.009822
v 0.380360 0.216311 0.006792
v 0.380006 0.192963 0.004131
v 0.416748 0.200750 0.008398
v 0.436633 0.191725 0.041162
v 0.425572 0.181106 0.082281
v 0.405322 0.182760 0.117040
v 0.401882 0.177972 0.128098
v 0.394888 0.172096 0.110623
v 0.403838 0.162717 0.122145
v 0.419211 0.170482 0.077105
v 0.431445 0.172542 0.056432
v 0.430376 0.172821 0.026288
v 0.422671 0.145215 0.037498
v 0.408624 0.179056 0.006812
v 0.370020 0.163066 0.008470
v 0.398979 0.154026 0.013644
v 0.421912 0.164941 0.081751
v 0.428585 0.163132 0.060847
v 0.424506 0.142356 0.059852
v 0.420188 0.151708 0.085819
v 0.410283 0.165371 0.110535
v 0.407166 0.153581 0.113653
v 0.387726 0.128766 0.137540
v 0.392849 0.109809 0.117569
v 0.397719 0.143064 0.020123
v 0.412971 0.139803 0.040538
v 0.418178 0.136715 0.061175
v 0.417237 0.141483 0.085128
v 0.417189 0.132922 0.088813
v 0.420660 0.127010 0.058812
v 0.413709 0.131970 0.034559
v 0.400073 0.133497 0.018469
v 0.390649 0.097272 0.084204
v 0.406002 0.112446 0.041677
v 0.379766 0.090968 0.072114
v 0.389345 0.123355 0.020440
v 0.363026 0.133878 0.017793
v 0.387997 0.102255 0.042205
v 0.364978 0.088137 0.060422
v 0.378464 0.107053 0.029364
v -0.047009 -0.041081 0.164147
v 0.324988 0.074969 0.106532
v 0.244821 0.102574 0.076912
v 0.262326 0.108107 0.045771
v 0.369799 0.257507 -0.009377
v 0.359359 0.301868 -0.059132
v 0.375067 0.238529 -0.011083
v 0.382325 0.220244 -0.011560
v 0.395995 0.187439 -0.024955
v 0.409210 0.193663 -0.028150
v 0.400043 0.175095 -0.035484
v 0.404868 0.165873 -0.046484
v 0.413881 0.164857 -0.049412
v 0.395636 0.154029 -0.036966
v 0.028542 0.126085 -0.315937
v 0.038679 0.111532 -0.305436
v 0.072336 0.107854 -0.295253
v 0.054144 0.052294 -0.248752
v 0.030613 0.045469 -0.227536
v 0.046463 0.053387 -0.217066
v 0.056104 0.051960 -0.231988
v 0.006030 0.031033 -0.246801
v -0.007417 0.028192 -0.252817
v 0.365764 0.292518 -0.038191
v 0.374425 0.281696 -0.028942
v 0.373723 0.261052 -0.019041
v 0.378063 0.201673 -0.013341
v 0.386065 0.175853 -0.012097
v 0.139259 0.426024 0.014083
v 0.192535 0.398068 0.013246
v 0.198149 0.440392 0.009844
v 0.213148 0.431312 0.006690
v 0.212384 0.405697 0.012862
v 0.273846 0.387109 0.009085
v 0.283495 0.344580 0.010615
v -0.146577 0.409261 0.019426
v -0.205282 0.420986 0.022644
v -0.239045 0.399236 0.021259
v -0.272098 0.380843 0.020699
v -0.295481 0.339201 0.017820
v -0.313306 0.335308 0.008686
v -0.334506 0.326639 0.016041
v -0.344308 0.292237 0.016201
v 0.339791 0.109234 0.027490
v 0.341925 0.089618 0.072724
v -0.010414 -0.029856 0.165581
v -0.026786 -0.037163 0.196585
v 0.014963 0.001758 0.228642
v 0.041954 0.017286 0.215778
v 0.075537 0.033444 0.209493
v 0.130036 0.045682 0.207198
v 0.165145 0.044025 0.234225
v 0.133668 0.035502 0.230589
v 0.209253 0.077508 0.264659
v 0.198993 0.065337 0.235278
v 0.226284 0.081336 0.223320
v 0.242427 0.084097 0.179083
v 0.274934 0.080042 0.144353
v 0.273718 0.090119 0.102145
v 0.308721 0.095558 0.038200
v 0.180600 0.069794 0.173739
v 0.007004 -0.010817 0.200016
v 0.037999 0.017401 0.173143
v 0.074358 0.033709 0.170062
v 0.115643 0.045971 0.160255
v 0.156451 0.073493 0.142841
v 0.297320 0.094524 0.085231
v 0.212637 0.077496 0.183729
v -0.125111 0.000484 0.073535
v -0.115846 -0.022917 0.103602
v -0.086820 -0.036058 0.106893
v -0.008174 -0.019746 0.139189
v 0.017231 0.025306 0.140942
v 0.052971 0.041947 0.124040
v 0.153107 0.086002 0.104573
v 0.098573 0.067350 0.108762
v 0.127465 0.117114 -0.295590
v 0.161510 0.138887 -0.285332
v 0.190609 0.138004 -0.274168
v 0.215980 0.130047 -0.248720
v 0.220603 0.110575 -0.211285
v 0.192731 0.112761 -0.262489
v 0.163353 0.124965 -0.281830
v 0.102379 0.107364 -0.293216
v 0.373424 0.204329 -0.004265
v 0.422843 0.172589 -0.065996
v 0.415704 0.174048 -0.096536
v 0.395081 0.172145 -0.120956
v 0.379703 0.155382 -0.148375
v 0.406763 0.145037 -0.071334
v 0.405585 0.149572 -0.050348
v 0.400507 0.145994 -0.092102
v 0.391336 0.145643 -0.109536
v 0.384248 0.136244 -0.126167
v 0.370457 0.138438 -0.142815
v 0.361667 0.122019 -0.144198
v 0.349892 0.112711 -0.159096
v 0.342817 0.097731 -0.161964
v 0.356263 0.109522 -0.129206
v 0.357051 0.105914 -0.151195
v 0.354336 0.274499 -0.001897
v 0.354128 0.248352 -0.002409
v 0.369970 0.232825 -0.000015
v 0.368232 0.172887 -0.000810
v 0.365315 0.140277 -0.002992
v 0.367472 0.106641 -0.017505
v 0.383731 0.113421 -0.032621
v 0.394394 0.137595 -0.088648
v 0.397996 0.139357 -0.053481
v 0.382807 0.111638 -0.054747
v 0.385368 0.131140 -0.104078
v 0.387466 0.108408 -0.081659
v 0.388063 0.110297 -0.109027
v 0.375690 0.114388 -0.125933
v 0.369610 0.101202 -0.125581
v 0.377417 0.092896 -0.104545
v 0.373941 0.097855 -0.070583
v 0.365299 0.097854 -0.055683
v 0.359818 0.100283 -0.135267
v 0.349218 0.089114 -0.144944
v 0.362962 0.087797 -0.118493
v 0.364946 0.084743 -0.098494
v 0.354703 0.083475 -0.050157
v 0.347474 0.089864 -0.018067
v 0.354733 0.092565 -0.070403
v 0.326896 0.080396 -0.077229
v 0.340144 0.079329 -0.055853
v 0.313457 0.097731 0.002774
v 0.351427 0.085046 -0.091908
v 0.337952 0.079203 -0.096317
v 0.347602 0.083978 -0.117296
v 0.331374 0.083296 -0.128567
v 0.320510 0.092878 -0.147620
v 0.105267 0.105411 -0.288310
v 0.116465 0.097513 -0.290089
v 0.162177 0.109955 -0.281455
v 0.097010 0.088062 -0.280473
v 0.136354 0.083720 -0.244239
v 0.147528 0.081936 -0.265372
v 0.119246 0.070138 -0.259181
v 0.094672 0.056775 -0.248173
v 0.103703 0.066902 -0.221261
v 0.192119 0.105758 -0.252327
v 0.176037 0.098941 -0.231367
v 0.193833 0.103723 -0.198685
v 0.154440 0.096926 -0.216912
v 0.117822 0.081426 -0.204086
v 0.166999 0.096143 -0.178156
v 0.275739 0.115258 -0.010823
v 0.229508 0.140965 -0.019084
v 0.294210 0.085237 -0.052723
v 0.245961 0.104559 -0.067843
v 0.284119 0.089329 -0.096663
v -0.018809 0.024190 -0.252324
v -0.099700 0.011310 -0.184464
v -0.097623 -0.006365 -0.162703
v -0.096818 -0.006202 -0.167281
v -0.091899 -0.021625 -0.138422
v -0.089241 -0.019443 -0.159106
v -0.144258 -0.028649 -0.134352
v -0.143585 -0.018476 -0.111482
v -0.146881 0.012126 -0.093475
v -0.136682 0.053271 -0.097199
v -0.163989 0.084086 -0.158929
v 0.186855 0.106394 0.082272
v 0.177759 0.120860 0.061466
v 0.138914 0.108301 0.070108
v 0.165373 0.114774 -0.089978
v 0.145642 0.149009 -0.037873
v 0.143912 0.093200 -0.140186
v 0.071680 0.128954 -0.061645
v 0.077722 0.097073 -0.093990
v 0.076065 0.073061 -0.147850
v 0.069506 0.074313 -0.200292
v 0.049647 0.059178 -0.208923
v 0.190992 0.112609 -0.063416
v 0.189201 0.150969 -0.030450
v 0.082949 0.085851 0.079413
v 0.011773 0.057951 0.081020
v -0.075534 0.014363 0.079345
v -0.021690 0.034401 0.076873
v -0.052786 -0.006014 -0.234970
v -0.074572 -0.012996 -0.226406
v -0.092702 -0.015874 -0.204089
v -0.019296 0.009482 -0.243158
v -0.002463 0.017008 -0.237350
v 0.006823 0.029774 -0.240197
v 0.018619 0.029570 -0.212370
v 0.026681 0.045878 -0.223576
v 0.035323 0.047778 -0.189436
v -0.096319 -0.015869 -0.189858
v -0.076466 -0.026348 -0.162272
v -0.078778 -0.031465 -0.137770
v -0.112793 0.009047 -0.103948
v -0.134641 0.001784 -0.100492
v -0.116009 0.016321 -0.094605
v -0.135314 0.015565 -0.092639
v -0.120675 0.039852 -0.092067
v -0.108437 -0.017247 -0.098277
v -0.089032 -0.025701 -0.108486
v -0.103440 -0.009364 -0.096320
v -0.084755 0.017951 -0.103408
v -0.091465 0.027004 -0.089670
v -0.103606 0.043074 -0.080866
v -0.132338 0.071910 -0.118952
v -0.143897 0.092861 -0.161545
v -0.046560 -0.015302 -0.220042
v -0.078026 -0.025110 -0.199326
v -0.017833 0.000341 -0.225935
v -0.004114 0.011777 -0.220300
v 0.008849 0.015303 -0.203277
v -0.060561 -0.028466 -0.166792
v -0.076909 -0.028184 -0.108122
v -0.061152 -0.019086 -0.108181
v -0.058358 -0.028187 -0.137953
v -0.037887 -0.016758 -0.194048
v -0.014202 -0.000025 -0.199758
v 0.021968 0.032607 -0.178496
v 0.039831 0.061047 -0.134261
v -0.312654 0.130813 -0.159546
v -0.298825 0.116904 -0.177549
v -0.272474 0.105489 -0.202197
v -0.255475 0.102056 -0.200744
v -0.205270 0.136950 -0.211091
v -0.204606 0.126388 -0.183670
v -0.228287 0.106157 -0.185108
v -0.351924 0.124980 -0.109598
v -0.369316 0.107410 -0.081598
v -0.375715 0.106120 -0.069253
v -0.379030 0.085062 -0.000860
v -0.400409 0.145610 0.007012
v -0.417190 0.167137 0.009799
v -0.036287 0.003485 -0.151710
v -0.002058 0.010329 -0.163768
v -0.029894 0.007592 -0.110003
v 0.009989 0.026347 -0.128777
v -0.153085 0.042611 0.149613
v -0.158470 0.098220 0.166862
v -0.193899 0.085149 0.188904
v -0.270690 0.116941 -0.177753
v -0.279680 0.112494 -0.180445
v -0.290972 0.120412 -0.161627
v -0.272180 0.125553 -0.160373
v -0.274494 0.123917 -0.145121
v -0.289007 0.119427 -0.145132
v -0.292273 0.117328 -0.131500
v -0.281395 0.123065 -0.131614
v -0.273282 0.107851 -0.113932
v -0.266686 0.110963 -0.119865
v -0.266320 0.099771 -0.098840
v -0.260366 0.107220 -0.106041
v -0.343516 0.103080 -0.077927
v -0.314023 0.113777 -0.116649
v -0.304546 0.120989 -0.144341
v -0.297414 0.107398 -0.101530
v -0.292548 0.103690 -0.090218
v -0.340037 0.124116 -0.100708
v -0.331276 0.112973 -0.084745
v -0.318145 0.114407 -0.103453
v -0.322705 0.105089 -0.086217
v -0.299639 0.096861 -0.080227
v -0.256633 0.097245 -0.179382
v -0.237272 0.098609 -0.169952
v -0.268124 0.104137 -0.171311
v -0.272660 0.113519 -0.139573
v -0.273735 0.110773 -0.156555
v -0.256074 0.099695 -0.150150
v -0.245499 0.097171 -0.129305
v -0.223530 0.091565 -0.141517
v -0.246912 0.096458 -0.107700
v -0.391997 0.150465 0.143522
v -0.377151 0.151514 0.150435
v -0.376296 0.136949 0.167249
v -0.315520 0.105850 0.117797
v -0.315055 0.105431 0.131147
v -0.373595 0.124411 0.135130
v -0.357536 0.127461 0.169573
v -0.350233 0.121949 0.148345
v -0.322437 0.116606 0.149537
v -0.341323 0.125341 0.151376
v -0.348009 0.122261 0.164141
v -0.312422 0.114335 0.162054
v -0.340385 0.117562 0.166864
v -0.253772 0.095503 0.163167
v -0.265651 0.094948 0.160320
v -0.276632 0.089883 0.184847
v -0.290017 0.105748 0.161108
v -0.369126 0.110351 0.112641
v -0.372918 0.109391 0.087694
v -0.318025 0.097524 0.113220
v -0.390314 0.109331 0.088071
v -0.378052 0.109899 0.070083
v -0.379081 0.098604 0.068629
v -0.366684 0.101644 0.086778
v -0.086735 -0.013333 -0.088964
v -0.039868 0.035702 -0.097811
v -0.041067 0.057278 -0.074497
v 0.034000 0.075769 -0.091581
v -0.001095 0.058177 -0.097226
v -0.040153 0.088680 -0.053004
v 0.027870 0.097497 -0.074163
v 0.217540 0.106219 0.074802
v 0.221398 0.113233 0.063308
v 0.271585 0.052780 0.212113
v 0.299347 0.058865 0.165000
v 0.324351 0.077440 0.075421
v 0.251096 0.093684 0.029447
v 0.217750 0.103411 0.045635
v 0.234071 0.049407 0.233032
v 0.171807 0.030865 0.233421
v 0.125517 0.018179 0.174117
v 0.336547 0.042447 0.105481
v 0.317468 0.030372 0.159993
v 0.303719 0.039817 0.167992
v 0.307943 0.027335 0.166206
v 0.294658 0.044463 0.191761
v 0.304265 0.023383 0.175587
v 0.298389 0.005582 0.176241
v 0.288797 -0.004533 0.150851
v 0.310885 0.004364 0.152601
v 0.335734 0.030056 0.106878
v 0.335438 0.024114 0.098017
v 0.330508 0.061374 0.052992
v 0.342124 0.041244 0.087455
v 0.331630 0.053899 0.051325
v 0.287968 0.011979 0.193399
v 0.267130 0.014324 0.215845
v 0.248804 -0.005246 0.212637
v 0.218996 0.003922 0.246950
v 0.303637 -0.010335 0.146272
v 0.338962 0.017568 0.090768
v 0.337682 0.048855 0.043356
v 0.320897 -0.026285 0.069400
v 0.300395 -0.038809 0.131521
v 0.328052 0.008569 0.029394
v 0.283812 -0.006277 0.172667
v 0.279788 -0.017336 0.185159
v 0.269217 -0.046786 0.175107
v 0.244408 -0.012596 0.209081
v 0.242695 0.018385 0.237096
v 0.217116 -0.010569 0.237536
v 0.241363 -0.021665 0.216921
v 0.231131 -0.047846 0.207886
v 0.200266 -0.042557 0.230325
v 0.181716 -0.033603 0.231648
v 0.196211 0.006896 0.243426
v 0.194386 -0.009502 0.248146
v 0.157706 0.007404 0.227684
v 0.216257 -0.018339 0.240875
v 0.133460 0.019030 0.199602
v 0.149149 0.017164 0.223836
v 0.152037 0.010476 0.227593
v 0.214937 0.025179 0.244692
v 0.191805 0.021895 0.234351
v 0.078520 0.034777 0.120072
v 0.121981 0.029271 0.168077
v 0.134104 0.010748 0.196391
v 0.111961 0.005319 0.159419
v 0.091208 0.017938 0.151963
v 0.082713 0.018053 0.121661
v 0.148155 0.002027 0.148628
v 0.137786 -0.000721 0.132272
v 0.160845 0.005058 0.179596
v 0.170538 0.005934 0.199521
v 0.153754 0.000361 0.227229
v 0.134049 -0.003308 0.200612
v 0.108602 -0.015968 0.161299
v 0.094396 -0.026708 0.127750
v 0.159368 -0.028739 0.221837
v 0.137700 -0.032171 0.210423
v 0.126397 -0.049842 0.183112
v 0.106114 -0.055878 0.141312
v 0.089955 -0.032501 0.094134
v 0.100229 -0.067241 0.096216
v 0.097660 -0.019824 0.033084
v 0.103428 -0.067815 0.055898
v 0.111879 -0.003477 0.109359
v 0.093833 0.002946 0.130939
v 0.088178 0.016598 0.094209
v -0.360194 0.101797 0.102990
v -0.335672 0.100891 0.090231
v -0.348909 0.095603 0.084166
v -0.324869 0.099065 0.090610
v -0.339195 0.085583 0.077069
v -0.304311 0.090974 0.107690
v -0.309007 0.080134 0.086660
v -0.297685 0.098091 0.120039
v -0.296836 0.097940 0.135462
v -0.291479 0.103982 0.149422
v -0.264998 0.099225 0.149591
v -0.267244 0.088617 0.136098
v -0.281762 0.091949 0.107946
v -0.257538 0.102549 0.151361
v -0.251138 0.082052 0.158503
v -0.253325 0.089883 0.142738
v -0.236599 0.074290 0.176640
v -0.216108 0.076819 0.154251
v -0.236581 0.095169 0.120305
v -0.225160 0.073995 0.134044
v -0.250127 0.083626 0.110291
v -0.267132 0.083815 0.104759
v -0.288796 0.081135 0.096838
v -0.291111 0.073670 0.082636
v -0.273849 0.077150 0.092620
v -0.280302 0.062833 0.073364
v -0.244998 0.072220 0.091931
v -0.258195 0.057693 0.075779
v -0.386061 0.088730 0.034245
v -0.385072 0.088477 0.046349
v -0.369815 0.089534 0.066509
v -0.347656 0.084437 0.056790
v -0.361434 0.076432 0.043328
v -0.363511 0.074123 0.028113
v -0.325764 0.072519 0.064618
v -0.336194 0.079439 0.047789
v -0.338394 0.064235 0.032978
v -0.336461 0.069521 0.018572
v -0.327277 0.065901 0.023557
v -0.317531 0.065874 0.051553
v -0.302171 0.067358 0.068561
v -0.372916 0.083338 -0.037195
v -0.361050 0.074235 0.001444
v -0.363239 0.097390 -0.061001
v -0.329291 0.068234 0.003481
v -0.331782 0.074866 -0.041374
v -0.331361 0.099448 -0.069817
v -0.333739 0.083401 -0.056204
v -0.301091 0.087979 -0.070330
v -0.306233 0.077759 -0.059319
v -0.292628 0.070424 -0.054731
v -0.368385 0.090098 0.010059
v -0.256779 0.099299 0.011918
v -0.309390 0.066868 0.029147
v -0.310589 0.070487 0.011970
v -0.303668 0.073167 -0.024458
v -0.280612 0.063234 -0.046667
v -0.290280 0.061756 0.046621
v -0.269331 0.048782 0.057461
v -0.253177 0.050860 0.059324
v 0.331373 0.052305 -0.073508
v 0.314156 0.074984 -0.164834
v 0.266631 0.093004 -0.212475
v 0.231898 0.094523 -0.236108
v 0.181391 0.092980 -0.234427
v 0.129091 0.069329 -0.202605
v 0.082584 0.065751 -0.149149
v 0.076832 0.098835 -0.061148
v 0.308710 0.021931 0.001421
v 0.322228 0.055760 0.017926
v 0.315038 0.065834 0.028081
v 0.307359 0.073190 0.028909
v -0.272961 0.052027 0.018869
v -0.291390 0.066513 0.016418
v -0.299870 0.070799 0.003598
v -0.282079 0.064114 -0.007231
v -0.258701 0.049974 -0.001336
v -0.264048 0.052274 -0.046923
v -0.256257 0.051674 0.016627
v -0.260904 0.067792 -0.060079
v -0.256878 0.059574 0.005142
v -0.257064 0.060668 0.010495
v 0.290451 -0.015008 0.001565
v 0.310499 -0.027724 0.031741
v 0.294510 -0.058563 0.065492
v 0.261687 -0.048189 0.025576
v 0.278237 -0.069270 0.120205
v 0.248874 -0.074848 0.158503
v 0.219175 -0.072169 0.192139
v 0.168235 -0.061700 0.205353
v 0.127137 -0.043157 0.032962
v 0.140876 -0.063278 0.029350
v 0.229272 -0.073130 0.038745
v 0.256077 -0.082709 0.072271
v 0.246437 -0.088835 0.105964
v 0.233575 -0.068606 0.027534
v 0.251631 -0.037094 0.018747
v 0.292738 0.045704 -0.005636
v 0.286359 0.028776 -0.003130
v 0.275387 -0.006834 -0.001039
v 0.270638 -0.003916 -0.035319
v 0.285845 0.028561 -0.031046
v 0.292890 0.043934 -0.029239
v 0.312373 0.049059 -0.035805
v 0.308832 0.023798 -0.034407
v 0.295208 -0.004072 -0.035877
v 0.263399 -0.021771 -0.008119
v 0.262514 -0.022396 -0.020525
v 0.249768 -0.039647 -0.003280
v 0.241758 -0.033177 -0.029254
v 0.239225 -0.029871 -0.044471
v 0.220004 -0.041464 -0.012213
v 0.211182 -0.035448 -0.025776
v 0.205295 -0.075168 -0.004043
v 0.171445 -0.072551 -0.009543
v 0.175967 -0.056381 -0.012884
v 0.198925 -0.075107 -0.029298
v 0.210692 -0.060039 -0.059879
v 0.267772 -0.045622 -0.059590
v 0.234866 -0.061634 -0.074036
v 0.326578 0.019272 -0.062912
v 0.311042 -0.010107 -0.065701
v 0.296162 -0.027877 -0.076449
v 0.266687 -0.054256 -0.065418
v 0.293505 -0.033486 -0.083770
v 0.306444 -0.013642 -0.085703
v 0.328463 0.019977 -0.111772
v 0.331896 0.038192 -0.103861
v 0.328754 0.045410 -0.111056
v 0.284016 -0.019231 -0.169421
v 0.318379 0.056986 -0.135711
v 0.300278 0.033193 -0.121824
v 0.312254 0.041146 -0.139732
v 0.313727 0.036813 -0.161341
v 0.297163 0.023360 -0.153974
v 0.314327 0.022816 -0.153800
v 0.301224 0.069731 -0.201018
v 0.300602 0.027824 -0.189579
v 0.268952 0.018537 -0.168729
v 0.290638 0.014380 -0.183054
v 0.322463 0.011234 -0.116664
v 0.315571 0.014840 -0.154248
v 0.308043 -0.012922 -0.096840
v 0.305346 -0.025079 -0.097659
v 0.316357 -0.007245 -0.128730
v 0.294502 0.002112 -0.174015
v 0.293119 -0.019558 -0.164474
v 0.295931 -0.036094 -0.113669
v 0.286735 -0.002987 -0.186471
v 0.273700 -0.047895 -0.149149
v 0.266063 -0.048268 -0.155910
v 0.280364 -0.050967 -0.107263
v 0.251687 -0.068595 -0.082531
v 0.250732 -0.073183 -0.134515
v 0.234342 -0.076897 -0.140490
v 0.266578 0.083069 -0.216100
v 0.234142 0.080943 -0.227658
v 0.239010 0.085910 -0.243014
v 0.270698 0.083447 -0.228705
v 0.283972 0.065653 -0.219541
v 0.274787 0.025893 -0.214804
v 0.182111 0.075967 -0.250218
v 0.169429 0.047474 -0.224243
v 0.171261 0.083349 -0.249898
v 0.186363 0.065418 -0.258485
v 0.262139 0.064902 -0.236338
v 0.238527 0.064926 -0.251354
v 0.198139 0.061330 -0.266814
v 0.223745 0.015735 -0.242154
v 0.243579 0.014198 -0.184666
v 0.214034 0.007689 -0.215110
v 0.264515 0.008624 -0.209224
v 0.226700 0.004094 -0.237134
v 0.183209 0.015333 -0.260841
v 0.177461 0.007660 -0.253150
v 0.190308 -0.002508 -0.255316
v 0.264030 -0.010906 -0.208342
v 0.227673 -0.013816 -0.228392
v 0.201364 -0.040366 -0.230941
v 0.139158 -0.023697 -0.234832
v 0.265409 -0.038785 -0.184495
v 0.237600 -0.076481 -0.165070
v 0.242210 -0.034170 -0.206486
v 0.209988 -0.073923 -0.193753
v 0.186405 -0.070160 -0.211472
v 0.148613 -0.069070 -0.210318
v 0.190297 -0.092595 -0.138013
v 0.180259 -0.076132 -0.020317
v 0.234800 -0.054199 0.009710
v 0.216462 -0.093607 0.019889
v 0.151088 0.059630 -0.254670
v 0.138138 0.036117 -0.248650
v 0.165155 0.043422 -0.258854
v 0.130864 0.011260 -0.246922
v 0.142450 0.012257 -0.227207
v 0.142583 0.024828 -0.245917
v 0.114067 0.030999 -0.211885
v 0.134445 0.028539 -0.216641
v 0.127545 0.019846 -0.208425
v 0.109383 0.013266 -0.204969
v 0.147696 0.067378 -0.253177
v 0.130926 0.044190 -0.244825
v 0.113291 0.041560 -0.209890
v 0.125232 0.063221 -0.193787
v 0.084270 0.057763 -0.155139
v 0.114387 0.040376 -0.193358
v 0.107283 0.053318 -0.187402
v 0.102149 0.041967 -0.186339
v 0.090351 0.051259 -0.169898
v 0.087462 0.038954 -0.170970
v 0.117521 0.032995 -0.191242
v 0.104055 0.035474 -0.186074
v 0.117951 0.026085 -0.178025
v 0.095298 0.026510 -0.175910
v 0.128579 0.013538 -0.161607
v 0.106367 0.003061 -0.176680
v 0.094660 0.016609 -0.171717
v 0.106406 0.005356 -0.132656
v 0.080858 0.011982 -0.152222
v 0.092343 -0.016589 -0.152542
v 0.073768 0.039187 -0.153521
v 0.071673 0.014339 -0.136065
v 0.042347 0.057935 -0.092481
v 0.062911 0.031057 -0.111208
v 0.081238 0.017395 -0.117423
v 0.071121 0.066785 0.074980
v 0.141685 0.098480 0.076232
v 0.094198 -0.014146 -0.050383
v 0.175998 -0.056847 -0.019690
v 0.115133 -0.030988 -0.207049
v 0.121960 -0.053754 -0.193182
v 0.111769 -0.062997 -0.154173
v 0.129746 -0.065281 -0.056877
v 0.085207 -0.053495 -0.083159
v 0.217239 -0.100750 0.139097
v 0.198831 -0.089098 0.177289
v 0.167441 -0.081111 0.181335
v 0.142465 -0.075502 0.157888
v 0.134906 -0.081445 0.122751
v 0.119906 -0.081818 0.094193
v 0.126690 -0.091502 0.065895
v 0.152832 -0.092560 0.022836
v 0.185540 -0.112372 0.018281
v 0.167924 -0.100532 0.154505
v 0.177907 -0.096223 0.083321
v -0.097426 0.073961 -0.072537
v 0.069456 -0.006476 0.075322
v 0.063348 -0.029500 0.019209
v 0.066017 -0.019550 -0.043344
v 0.051984 -0.029933 -0.009323
v 0.121534 -0.083079 -0.046045
v 0.143847 -0.091258 -0.029806
v 0.147114 -0.094604 -0.002246
v 0.127173 -0.093391 0.019482
v 0.104230 -0.094466 0.013701
v 0.087768 -0.097582 0.002105
v 0.082876 -0.095610 -0.023801
v 0.097943 -0.089226 -0.042129
v 0.143492 -0.152621 -0.030908
v 0.125779 -0.152212 -0.044181
v 0.108814 -0.152709 -0.035590
v 0.105989 -0.153186 -0.021677
v 0.109715 -0.154179 -0.004390
v 0.117647 -0.154847 0.008273
v 0.131689 -0.153662 0.009231
v 0.146496 -0.153260 -0.008987
v 0.107870 -0.195371 -0.025721
v 0.109783 -0.195823 -0.010220
v 0.116849 -0.235681 -0.006723
v 0.131793 -0.216666 0.007131
v 0.146508 -0.208044 -0.013135
v 0.143808 -0.207323 -0.033982
v 0.128607 -0.210940 -0.047820
v 0.115486 -0.233510 -0.033221
v 0.141107 -0.294090 -0.019695
v 0.141081 -0.293296 -0.032382
v 0.131643 -0.274427 -0.046199
v 0.130754 -0.276940 -0.000071
v 0.125480 -0.261905 -0.031396
v 0.125130 -0.263493 -0.013773
v 0.034180 -0.024550 -0.009362
v 0.044766 -0.025113 0.026185
v 0.072662 -0.012491 0.044339
v 0.050651 -0.012606 -0.049919
v 0.076053 -0.007363 -0.066275
v 0.015936 -0.009201 -0.006607
v 0.022159 -0.008601 0.027198
v 0.025516 -0.000283 -0.044938
v 0.047900 -0.002650 0.048681
v -0.000056 0.016229 -0.004019
v 0.003657 0.018188 -0.038699
v 0.009042 0.010969 0.034272
v 0.039643 0.017165 0.066448
v 0.052056 0.012306 -0.082052
v 0.028438 0.028685 -0.077950
v -0.013177 0.043405 -0.004738
v -0.012592 0.040649 -0.036562
v -0.007246 0.040789 0.039697
v -0.009693 0.078855 -0.001143
v -0.010432 0.077041 0.041529
v -0.017691 0.074731 -0.037742
v 0.011705 0.067885 -0.068641
v 0.008056 0.039646 -0.064401
v 0.025610 0.039097 0.064022
v 0.035993 0.071859 0.065230
v 0.167901 -0.108293 -0.050851
v 0.201793 -0.084187 -0.062514
v 0.192403 -0.086917 -0.077192
v 0.164904 -0.101284 -0.070837
v 0.326038 0.064116 -0.079043
v 0.288262 0.075880 -0.047358
v 0.200811 0.093277 0.005761
v 0.257923 0.076159 0.005653
v 0.248840 0.083884 -0.038407
v 0.184036 0.109642 0.061294
v 0.044624 0.100070 -0.010821
v 0.131521 0.100836 0.022287
v -0.254822 0.094622 -0.082293
v -0.210139 0.088329 -0.080550
v -0.243892 0.091016 -0.073505
v -0.227399 0.088215 -0.089427
v -0.220399 0.091130 -0.104429
v -0.244671 0.079806 -0.070758
v -0.206216 0.078508 -0.071064
v -0.201296 0.072996 -0.059521
v -0.217715 0.060894 -0.038394
v -0.216605 0.057402 -0.000481
v -0.219193 0.059444 0.005555
v -0.175139 0.065349 0.002158
v -0.175574 0.070542 0.007993
v -0.186905 0.068686 -0.028605
v -0.145148 0.083328 0.009908
v -0.139555 0.075165 0.003599
v -0.097084 0.122537 -0.005475
v -0.117199 0.139437 0.004202
v -0.045690 0.143082 -0.002608
v -0.062078 0.149566 -0.001409
v -0.196379 0.092681 -0.093290
v -0.140348 0.083650 -0.074444
v -0.190496 0.084754 -0.077897
v -0.152442 0.081413 -0.064840
v -0.185446 0.082072 -0.113368
v -0.146740 0.073192 -0.097067
v -0.181173 0.076251 -0.055315
v -0.152613 0.073837 -0.039232
v -0.134508 0.079364 -0.026546
v 0.322141 0.166972 0.007353
v 0.278161 0.164023 0.005942
v 0.332146 0.215756 -0.005395
v 0.281143 0.267447 -0.006309
v 0.295762 0.222525 0.004255
v -0.159964 0.107559 -0.192954
v -0.157744 0.124357 -0.202193
v -0.145838 0.105573 -0.185416
v -0.134167 0.122549 -0.200389
v -0.116180 0.092952 -0.072426
v -0.126401 0.082971 -0.107589
v -0.159133 0.074292 -0.137082
v 0.094378 0.186886 -0.013955
v 0.004337 0.164068 -0.006448
v -0.025498 0.212037 0.003006
v -0.113848 0.097479 -0.030976
v -0.053970 0.123253 -0.034389
v -0.103901 0.202040 0.004227
v -0.170159 0.103466 -0.166119
v -0.170807 0.128817 -0.182642
v -0.131211 0.121903 -0.178018
v -0.123837 0.115466 -0.140472
v -0.100889 0.108932 -0.102655
v -0.081337 0.118214 -0.063887
v 0.175186 0.193998 -0.004495
v 0.235864 0.182514 -0.001748
v 0.195334 0.312972 0.004998
v 0.068684 0.322690 0.003898
v -0.077738 0.266955 -0.002958
v -0.144927 0.324587 0.011192
v -0.225035 0.056832 0.061966
v -0.223088 0.076036 0.094912
v -0.214412 0.058613 0.065224
v -0.184263 0.060676 0.052072
v -0.168930 0.064959 0.009808
v -0.201136 0.069679 0.094882
v -0.145696 0.059770 0.039781
v -0.168664 0.061700 0.074830
v -0.158610 0.057028 0.055473
v -0.111319 0.095355 0.040332
v -0.083061 0.106877 0.039496
v -0.104182 0.127157 0.029802
v -0.078135 0.113073 0.103469
v -0.091763 0.097860 0.129367
v -0.113833 0.084613 0.055781
v -0.105792 0.082165 0.083555
v -0.141960 0.064995 0.060260
v -0.109580 0.072168 0.104699
v -0.156499 0.062999 0.078899
v -0.147934 0.058299 0.106071
v -0.181532 0.059922 0.124313
v -0.103458 0.097537 0.153869
v -0.113656 0.072587 0.125842
v -0.145129 0.050122 0.123180
v -0.167655 0.053541 0.137839
v -0.184222 0.061556 0.144129
v -0.140263 0.078035 0.144043
v -0.128677 0.092385 0.158660
v -0.177817 0.064152 0.160312
v -0.093296 0.077712 0.127729
v -0.107256 0.079846 0.156165
v -0.105590 0.089236 0.183836
v -0.152347 0.106148 0.231791
v -0.157470 0.089793 0.224337
v -0.112856 0.105223 0.216245
v -0.150326 0.075406 0.166164
v -0.181781 0.068379 0.179220
v -0.129711 0.062546 0.151832
v -0.111993 0.059897 0.115412
v -0.140722 0.037911 0.108305
v -0.093125 0.085872 0.095351
v -0.105134 0.062799 0.092390
v -0.114588 0.028383 0.097332
v -0.108826 0.043922 0.095028
v -0.101047 0.046754 0.091172
v -0.080610 0.089116 0.069170
v -0.037503 0.116422 0.036329
v -0.062853 0.092519 0.057260
v -0.084794 0.034577 0.081998
v -0.085735 0.066231 0.069185
v -0.065252 0.069515 0.049324
v -0.052804 0.049892 0.069878
v -0.028131 0.085451 0.049405
v 0.016227 0.103970 0.046083
v 0.023452 0.125325 0.031691
v 0.067458 0.119093 0.042125
v 0.072370 0.137009 0.038102
v 0.221157 0.139604 0.031733
v 0.129358 0.172684 0.041517
v 0.135791 0.138324 0.051797
v 0.225330 0.166012 0.016331
v 0.279265 0.125683 0.026461
v 0.281912 0.157354 0.015987
v -0.046980 0.155641 0.008975
v 0.033496 0.170116 0.015261
v 0.335017 0.210294 0.007625
v 0.367264 0.260388 0.005563
v 0.346226 0.240962 0.008617
v 0.357351 0.280054 0.007018
v 0.350318 0.297861 0.008819
v 0.321225 0.331673 0.006898
v 0.216568 0.415560 0.031443
v 0.332077 0.256697 0.007946
v 0.283932 0.254674 0.014454
v 0.222934 0.298363 0.012720
v 0.192942 0.383047 0.027620
v 0.114578 0.347752 0.022350
v -0.361638 0.263893 0.018346
v -0.387532 0.186964 0.008319
v -0.355864 0.241773 0.019853
v -0.338057 0.246860 0.019541
v -0.366106 0.208343 0.018402
v -0.355004 0.179871 0.004347
v -0.382216 0.144363 0.015604
v -0.375416 0.129302 0.006575
v -0.330049 0.101568 0.012578
v -0.349962 0.275210 0.004582
v -0.332739 0.275386 0.011321
v -0.277975 0.298698 0.017280
v -0.186850 0.097167 0.008752
v -0.201606 0.249927 0.003722
v -0.224527 0.189972 -0.001974
v 0.130744 0.446934 0.025956
v 0.047412 0.462236 0.030102
v -0.188886 0.434884 0.039684
v -0.196259 0.408886 0.025803
v -0.178490 0.427667 0.044622
v -0.170749 0.445782 0.036896
v -0.171227 0.429574 0.034752
v -0.151177 0.449982 0.027892
v -0.158753 0.423514 0.029457
v -0.177382 0.399136 0.025425
v -0.193897 0.397213 0.025436
v -0.095400 0.460972 0.034348
v -0.024359 0.470102 0.026139
v 0.048112 0.417392 0.031206
v -0.402319 0.182809 0.033706
v -0.382504 0.196330 0.033475
v -0.403103 0.174491 0.035209
v -0.382345 0.178443 0.023873
v -0.403401 0.159372 0.029550
v -0.371006 0.192925 0.030211
v -0.384045 0.244488 0.034623
v -0.373157 0.255411 0.027082
v -0.372899 0.226187 0.027119
v -0.360521 0.202044 0.022587
v -0.354220 0.217093 0.032080
v -0.367273 0.229804 0.033166
v -0.351620 0.243611 0.026506
v -0.344801 0.231913 0.025250
v -0.340837 0.292802 0.041978
v -0.349418 0.284536 0.025729
v -0.350515 0.270266 0.022946
v -0.329836 0.304504 0.029156
v -0.323485 0.322978 0.038511
v -0.308091 0.333081 0.025313
v -0.272415 0.366579 0.027903
v -0.242134 0.407894 0.027631
v -0.232263 0.397120 0.029583
v -0.230359 0.378990 0.025635
v -0.298420 0.302236 0.027582
v -0.331461 0.289481 0.025208
v -0.323075 0.281964 0.022417
v -0.309851 0.257352 0.026977
v -0.323794 0.226270 0.017503
v -0.380107 0.157081 0.022766
v -0.383866 0.131221 0.021788
v -0.357935 0.120197 0.025538
v -0.324080 0.104035 0.016612
v -0.294111 0.091354 0.010181
v -0.220181 0.109865 0.026040
v -0.161763 0.107669 0.023346
v -0.104882 0.413338 0.024797
v -0.142329 0.367503 0.018479
v -0.226846 0.312865 0.022862
v -0.262482 0.327064 0.022211
v -0.351997 0.189928 0.027911
v -0.344171 0.213019 0.032357
v -0.344575 0.160830 0.024108
v -0.284950 0.286607 0.032286
v 0.006443 0.394585 0.023228
v -0.301247 0.152555 0.022472
v -0.241904 0.209918 0.005861
v -0.292596 0.189984 0.015478
v -0.123464 0.336971 0.015599
v -0.089332 0.249516 0.010166
v 0.136978 -0.103308 -0.085254
v 0.160095 -0.096841 -0.103247
v 0.132310 -0.084513 -0.117135
v 0.159097 -0.088294 -0.117309
v 0.202138 -0.091184 0.054076
v 0.191909 -0.101331 0.046884
v 0.173915 -0.100770 0.051458
v -0.337331 0.099306 0.104996
v -0.376182 0.140453 -0.153851
vn -0.5854 0.7943 -0.1626
vn 0.2793 0.8204 -0.4990
vn 0.2070 0.7587 -0.6177
vn -0.6239 0.7411 -0.2482
vn 0.0936 0.6227 -0.7768
vn 0.0886 0.6019 -0.7937
vn -0.6141 0.5456 -0.5703
vn -0.7180 0.6099 -0.3354
vn 0.1679 0.7345 -0.6575
vn -0.4907 0.6349 -0.5967
vn 0.1677 0.7964 -0.5810
vn -0.4389 0.8241 -0.3582
vn 0.1377 0.6087 -0.7814
vn -0.4480 0.8298 -0.3329
vn -0.4679 0.3637 -0.8055
vn 0.0024 0.5688 -0.8225
vn -0.4744 0.5756 -0.6660
vn -0.1072 0.4370 -0.8930
vn -0.4706 0.8727 -0.1302
vn 0.3606 0.8245 -0.4360
vn -0.2879 0.9513 0.1106
vn 0.4493 0.8120 -0.3726
vn 0.5066 0.8017 -0.3172
vn -0.3770 0.9202 0.1053
vn 0.3016 0.9117 -0.2789
vn -0.2146 0.9491 0.2306
vn -0.4899 0.8588 0.1501
vn -0.1047 0.7267 0.6789
vn 0.3830 0.9146 -0.1297
vn -0.1878 0.9679 0.1669
vn -0.1977 0.9764 -0.0867
vn -0.3569 0.9336 0.0326
vn -0.4766 0.8689 0.1335
vn -0.3842 0.9232 -0.0133
vn -0.5249 0.8420 -0.1246
vn -0.4462 0.8920 0.0718
vn -0.5819 0.7400 -0.3373
vn -0.3560 0.9182 -0.1735
vn 0.1482 0.8195 -0.5536
vn -0.4451 0.8065 -0.3892
vn 0.1399 0.7477 -0.6491
vn 0.2479 0.9614 0.1197
vn -0.5276 0.7539 -0.3916
vn 0.0349 0.9382 -0.3443
vn -0.1544 0.7351 -0.6601
vn -0.2502 0.7924 -0.5563
vn -0.2082 0.5928 -0.7780
vn -0.5401 0.8171 -0.2014
vn -0.2524 0.7651 -0.5924
vn -0.4446 0.6588 -0.6069
vn -0.3628 0.7791 -0.5112
vn -0.2907 0.8847 -0.3643
vn 0.0207 0.8848 -0.4656
vn -0.4264 0.6732 -0.6041
vn 0.0850 0.3375 -0.9375
vn -0.1455 0.2165 -0.9654
vn -0.3290 0.8245 -0.4604
vn -0.4548 0.3163 -0.8325
vn -0.4287 0.2339 -0.8726
vn -0.6355 0.0720 -0.7688
vn -0.5644 0.5623 -0.6044
vn -0.4357 0.8545 -0.2828
vn -0.3219 0.2575 -0.9111
vn -0.3890 0.3474 -0.8532
vn -0.2415 0.5299 -0.8129
vn -0.0535 0.3011 -0.9521
vn 0.1126 0.3425 -0.9328
vn -0.3288 0.8716 -0.3636
vn 0.2021 0.7994 -0.5657
vn -0.3641 0.4202 -0.8312
vn -0.6755 0.4602 -0.5762
vn -0.6410 0.4611 -0.6136
vn -0.4241 0.8142 -0.3965
vn -0.7327 0.5906 -0.3381
vn -0.7300 0.1999 -0.6535
vn -0.6340 0.7169 -0.2899
vn -0.1667 0.2463 -0.9547
vn -0.1929 0.5304 -0.8255
vn -0.5610 0.8258 -0.0580
vn -0.5040 0.1651 -0.8478
vn -0.7600 0.5088 -0.4044
vn -0.2657 0.4097 -0.8727
vn 0.0328 0.7074 -0.7060
vn 0.0899 0.5958 -0.7981
vn 0.1482 0.6443 -0.7503
vn -0.1946 0.6345 -0.7480
vn -0.3299 0.7488 -0.5748
vn -0.1779 0.8320 -0.5255
vn -0.3068 0.6801 -0.6658
vn -0.3103 0.7455 -0.5899
vn -0.1892 0.4824 -0.8553
vn -0.1404 0.5992 -0.7882
vn -0.0925 0.5196 -0.8494
vn 0.4199 0.4341 -0.7970
vn -0.1157 0.6251 -0.7719
vn 0.0729 0.4755 -0.8767
vn -0.3652 0.5934 -0.7173
vn -0.2329 0.3356 -0.9128
vn -0.4247 0.5248 -0.7377
vn -0.0584 0.4407 -0.8958
vn 0.0438 0.6875 -0.7249
vn -0.4393 0.6220 -0.6482
vn -0.3855 0.5927 -0.7072
vn -0.4732 0.7053 -0.5279
vn 0.1848 0.8639 -0.4685
vn -0.5904 0.6947 -0.4109
vn -0.5846 0.7063 -0.3994
vn -0.5299 0.7605 -0.3753
vn -0.3692 0.8945 -0.2520
vn -0.1148 0.9161 -0.3843
vn 0.1043 0.9492 -0.2968
vn 0.3840 0.8763 -0.2908
vn 0.1991 0.8859 -0.4190
vn 0.0599 0.9248 -0.3757
vn 0.0851 0.8580 -0.5065
vn -0.0565 0.8749 0.4810
vn 0.2712 0.7001 0.6605
vn 0.5064 0.6951 0.5103
vn -0.6671 0.7363 -0.1136
vn -0.4718 0.7838 -0.4038
vn -0.1430 0.9730 -0.1812
vn 0.0297 0.9995 0.0110
vn -0.1862 0.9787 -0.0867
vn 0.3221 0.8219 -0.4698
vn 0.2229 0.5505 -0.8045
vn 0.1634 0.6294 -0.7597
vn 0.2142 0.5087 -0.8339
vn 0.1873 0.9548 -0.2308
vn 0.1170 0.5126 -0.8506
vn 0.1633 0.5616 -0.8111
vn 0.1194 0.9903 0.0709
vn 0.2636 0.9580 0.1128
vn -0.1682 0.5739 -0.8015
vn 0.3223 0.9436 -0.0756
vn 0.2079 0.5850 -0.7839
vn 0.8933 0.4156 -0.1710
vn 0.4884 0.7038 -0.5160
vn 0.1734 0.7241 -0.6675
vn 0.0373 0.8599 -0.5091
vn -0.0017 0.7197 -0.6943
vn 0.0981 0.5918 -0.8001
vn -0.2080 0.7176 -0.6647
vn -0.1544 0.9375 -0.3120
vn -0.2328 0.8650 -0.4445
vn -0.1638 0.7024 -0.6927
vn -0.2510 0.5540 -0.7938
vn 0.3027 0.9484 -0.0946
vn 0.5110 0.8234 -0.2468
vn 0.1413 0.8565 -0.4964
vn 0.4206 0.8506 -0.3156
vn -0.2347 0.8761 -0.4212
vn -0.5316 0.8177 0.2210
vn -0.6252 0.5344 0.5687
vn 0.0302 0.7898 0.6126
vn 0.3065 0.3783 0.8735
vn -0.1663 0.3427 0.9246
vn 0.7412 0.6584 -0.1308
vn 0.6244 0.7367 0.2596
vn -0.2781 0.8624 -0.4229
vn -0.8725 0.4230 -0.2445
vn -0.5097 0.7236 -0.4655
vn 0.2175 0.9581 -0.1862
vn 0.0902 0.9212 -0.3784
vn 0.0974 0.9051 -0.4139
vn -0.3832 0.1596 -0.9098
vn 0.1471 0.3498 -0.9252
vn 0.0133 0.0846 -0.9963
vn -0.0870 0.3885 -0.9173
vn 0.0827 0.5467 -0.8333
vn -0.6928 0.4943 -0.5251
vn -0.2738 0.8411 -0.4665
vn -0.8368 0.5039 -0.2140
vn -0.3223 0.9174 -0.2336
vn -0.1132 0.9834 -0.1419
vn 0.1858 0.9798 0.0733
vn -0.0949 0.5361 -0.8388
vn -0.0706 0.5152 -0.8542
vn -0.3707 0.1155 -0.9215
vn 0.3109 0.2615 -0.9138
vn 0.3278 0.9304 -0.1642
vn 0.3759 0.9257 0.0430
vn 0.1002 0.8712 -0.4806
vn 0.1673 0.8441 -0.5095
vn 0.1813 0.8946 -0.4085
vn -0.2310 0.6518 -0.7223
vn 0.0466 0.5605 -0.8269
vn 0.2423 0.7884 -0.5653
vn 0.1812 0.5207 -0.8343
vn 0.1188 0.5889 -0.7994
vn -0.1456 0.8562 -0.4957
vn -0.1273 0.8840 -0.4499
vn -0.8136 0.5561 -0.1694
vn -0.9341 0.3072 -0.1819
vn -0.6807 0.7304 0.0562
vn -0.1151 0.9291 -0.3514
vn 0.1199 0.9894 -0.0824
vn 0.0084 0.9940 0.1095
vn 0.3654 0.7633 0.5328
vn 0.0429 0.9053 -0.4226
vn 0.1513 0.8671 -0.4745
vn 0.2807 0.9525 -0.1184
vn 0.1750 0.5407 0.8228
vn 0.5961 0.7072 0.3801
vn 0.6614 0.4537 0.5972
vn 0.0412 0.9309 0.3630
vn -0.7769 0.5735 -0.2598
vn -0.5845 0.8080 0.0746
vn -0.5112 0.6937 -0.5074
vn 0.3203 0.0430 -0.9463
vn 0.1154 -0.0092 -0.9933
vn -0.2105 0.3473 -0.9138
vn -0.3369 0.3767 -0.8629
vn -0.4145 0.1974 -0.8884
vn -0.5286 0.2550 -0.8097
vn -0.3442 0.0884 -0.9347
vn -0.4172 0.0196 -0.9086
vn -0.3775 0.6551 -0.6545
vn -0.3350 0.2587 -0.9060
vn -0.2861 0.1369 -0.9484
vn -0.5021 0.1301 -0.8550
vn -0.4885 -0.0873 -0.8682
vn -0.0459 0.1619 -0.9857
vn -0.0168 0.3544 -0.9349
vn -0.3091 0.4233 -0.8516
vn -0.5426 0.2214 -0.8103
vn -0.6689 0.3546 -0.6533
vn -0.3185 0.5037 -0.8030
vn -0.1711 0.7215 -0.6709
vn -0.3705 0.1384 -0.9185
vn -0.5115 -0.0052 -0.8592
vn -0.5292 0.0418 -0.8475
vn -0.4787 0.0894 -0.8734
vn -0.4625 0.1447 -0.8747
vn -0.1557 -0.3604 -0.9197
vn -0.3059 -0.0480 -0.9508
vn 0.1056 0.4201 -0.9013
vn 0.1440 0.5291 -0.8363
vn 0.1357 0.7016 -0.6995
vn -0.3611 0.7320 -0.5778
vn -0.4216 0.4339 -0.7962
vn -0.0584 0.0700 -0.9958
vn -0.4091 0.3357 -0.8485
vn -0.6171 0.5652 -0.5474
vn -0.7572 0.3561 -0.5476
vn -0.5461 0.7178 -0.4320
vn -0.3463 0.3380 -0.8751
vn -0.7315 0.2077 -0.6494
vn -0.2986 0.2406 -0.9236
vn -0.4996 0.2385 -0.8328
vn -0.3324 0.0706 -0.9405
vn 0.0612 0.2233 -0.9728
vn 0.1238 -0.1389 -0.9825
vn -0.1207 -0.4458 -0.8869
vn -0.1595 0.2911 -0.9433
vn -0.4349 -0.1857 -0.8811
vn -0.4020 0.0172 -0.9155
vn -0.3368 0.4111 -0.8471
vn -0.4845 0.6047 -0.6321
vn -0.6786 0.2246 -0.6994
vn -0.2847 0.4080 -0.8675
vn -0.2065 0.3574 -0.9108
vn -0.5027 0.6242 -0.5981
vn -0.3579 0.6447 -0.6755
vn -0.0615 0.9340 -0.3520
vn -0.8440 0.2208 -0.4887
vn -0.3775 0.7900 -0.4831
vn -0.6394 0.7329 -0.2326
vn -0.3482 0.6874 -0.6374
vn -0.2812 0.3158 -0.9062
vn -0.2543 0.6332 -0.7310
vn -0.2686 0.7048 -0.6566
vn -0.2560 0.8578 -0.4457
vn -0.4288 0.7750 -0.4643
vn -0.2515 0.7954 -0.5514
vn -0.6393 0.3179 -0.7001
vn -0.2876 0.6600 -0.6940
vn -0.4773 0.6110 -0.6315
vn -0.2141 0.8943 -0.3929
vn -0.3481 0.7279 -0.5907
vn -0.0848 0.7869 -0.6112
vn -0.4154 0.0751 -0.9065
vn -0.1114 0.7111 -0.6942
vn -0.3145 0.4764 -0.8210
vn 0.1259 0.8696 -0.4775
vn 0.0903 0.6886 -0.7195
vn -0.4948 0.3793 -0.7819
vn -0.4238 0.3059 -0.8525
vn -0.3140 0.7832 -0.5366
vn -0.2329 0.7209 -0.6527
vn -0.1162 0.3011 -0.9465
vn -0.5184 0.4361 -0.7356
vn -0.4590 0.2700 -0.8464
vn -0.4414 0.5238 -0.7286
vn -0.3929 0.7206 -0.5713
vn -0.2863 0.3796 -0.8797
vn -0.3683 0.0353 -0.9290
vn -0.3743 0.1232 -0.9191
vn -0.6316 0.6773 -0.3773
vn -0.3186 0.9333 -0.1657
vn -0.7135 0.2975 -0.6343
vn -0.0474 0.9946 -0.0920
vn -0.3327 0.8168 -0.4713
vn -0.0518 0.9425 0.3302
vn -0.0337 0.9069 -0.4201
vn -0.3803 0.5611 -0.7352
vn -0.2316 0.8624 -0.4502
vn -0.0903 0.9947 0.0484
vn -0.2177 0.4735 -0.8535
vn -0.0494 0.6128 -0.7887
vn -0.0635 0.7388 -0.6709
vn 0.0428 0.9127 -0.4064
vn -0.2965 0.8988 -0.3230
vn -0.1863 0.6689 -0.7196
vn -0.1445 0.9690 -0.2003
vn -0.1533 0.9693 0.1924
vn -0.4026 0.5406 -0.7387
vn -0.5481 0.8197 -0.1662
vn -0.3740 0.9166 0.1410
vn -0.7528 0.4584 -0.4724
vn -0.2432 0.9634 -0.1132
vn -0.4386 0.7948 -0.4194
vn -0.7303 0.6249 -0.2761
vn -0.5196 0.7558 -0.3986
vn 0.0069 0.8784 -0.4779
vn -0.4389 0.7235 -0.5328
vn -0.2901 0.8503 -0.4392
vn -0.0259 0.9151 -0.4024
vn -0.8580 0.3328 -0.3912
vn -0.7911 0.3968 -0.4655
vn -0.8057 0.4272 -0.4103
vn -0.3834 0.8059 -0.4511
vn -0.7522 0.6543 -0.0782
vn -0.4855 0.8347 -0.2600
vn -0.1102 0.9718 -0.2083
vn -0.4023 0.8258 -0.3952
vn -0.4139 0.7535 -0.5108
vn -0.3490 0.8422 -0.4110
vn -0.1649 0.9015 -0.4002
vn -0.4471 0.7883 -0.4228
vn -0.4621 0.5966 -0.6561
vn -0.5310 0.5391 -0.6538
vn -0.4449 0.7098 -0.5461
vn -0.3997 0.8175 -0.4147
vn -0.4214 0.4180 -0.8048
vn -0.2465 0.5724 -0.7821
vn -0.5271 -0.0305 -0.8493
vn -0.2328 0.7147 -0.6596
vn 0.5528 0.5933 -0.5852
vn 0.6221 0.4688 -0.6270
vn 0.5031 0.4066 -0.7626
vn 0.7511 0.4208 -0.5087
vn 0.7782 0.5322 -0.3333
vn 0.3190 0.7264 -0.6087
vn -0.3643 0.9219 -0.1322
vn -0.3652 0.8900 0.2729
vn 0.0410 0.9568 -0.2880
vn 0.2226 0.9717 -0.0794
vn 0.4457 0.8706 -0.2083
vn 0.5606 0.8262 -0.0564
vn 0.7027 0.5865 -0.4027
vn -0.1843 0.8595 0.4768
vn 0.6896 0.7232 -0.0378
vn 0.6358 0.7246 -0.2659
vn 0.6562 0.7507 0.0766
vn 0.1353 0.8229 0.5519
vn 0.3346 0.9374 0.0964
vn 0.3792 0.6892 0.6174
vn 0.6552 0.7032 -0.2763
vn 0.4613 0.7594 -0.4589
vn -0.0207 0.7343 0.6785
vn 0.7163 0.6953 -0.0588
vn -0.1410 0.7049 0.6951
vn -0.2511 0.8375 0.4854
vn 0.6073 0.7045 0.3673
vn 0.2617 0.6907 0.6742
vn -0.0210 0.9863 -0.1637
vn -0.6974 0.5268 -0.4859
vn -0.5444 0.8352 -0.0783
vn -0.0825 0.7951 -0.6009
vn -0.3372 0.9370 0.0907
vn -0.0377 0.7599 0.6489
vn 0.4241 0.6543 0.6261
vn -0.1545 0.8970 -0.4142
vn -0.5608 0.7468 0.3575
vn -0.1129 0.9599 0.2566
vn -0.0381 0.8887 -0.4568
vn 0.0345 0.9665 0.2543
vn -0.3643 0.8908 -0.2715
vn -0.6033 0.2166 -0.7676
vn -0.3611 0.4151 -0.8350
vn -0.4487 0.8140 -0.3690
vn -0.5589 0.8071 -0.1904
vn -0.1583 0.9190 0.3612
vn 0.2169 0.7364 -0.6408
vn -0.1942 0.9357 -0.2947
vn -0.2293 0.9618 -0.1496
vn 0.1595 0.8259 -0.5408
vn 0.0862 0.8161 -0.5714
vn 0.3379 0.7900 -0.5116
vn 0.2064 0.9745 -0.0883
vn 0.3127 0.9477 -0.0643
vn -0.0658 0.6182 0.7832
vn 0.2841 0.5434 0.7900
vn 0.4601 0.5323 0.7106
vn 0.2105 0.5762 0.7897
vn 0.3039 0.4034 0.8631
vn 0.1173 0.5594 0.8206
vn 0.4396 0.4866 0.7550
vn -0.1550 0.8803 0.4484
vn 0.3463 0.8045 0.4826
vn -0.1948 0.4833 0.8535
vn -0.6386 0.6232 0.4516
vn -0.1747 0.9471 0.2693
vn -0.5891 0.5273 0.6123
vn 0.2194 0.8577 -0.4650
vn -0.1216 0.5844 0.8023
vn 0.0403 0.7157 0.6972
vn -0.0126 0.5472 -0.8369
vn -0.0638 0.5586 -0.8270
vn 0.3318 0.4855 -0.8088
vn 0.4412 0.8871 0.1354
vn -0.3946 0.7793 -0.4868
vn 0.2438 0.7565 -0.6069
vn 0.4587 0.8866 -0.0591
vn -0.0341 0.6810 -0.7315
vn 0.1509 0.6203 -0.7697
vn -0.0010 0.9969 -0.0784
vn 0.2541 0.9351 -0.2469
vn -0.5545 0.7840 -0.2790
vn -0.2631 0.6993 -0.6647
vn -0.1964 0.9653 0.1720
vn -0.7422 0.6700 -0.0164
vn -0.1663 0.9370 0.3074
vn -0.7353 0.6746 -0.0652
vn 0.0302 0.9451 0.3253
vn -0.6384 0.7612 -0.1146
vn 0.2022 0.9643 0.1712
vn 0.1858 0.9337 0.3060
vn -0.3343 0.9365 0.1056
vn -0.4897 0.4227 0.7626
vn -0.3530 0.9271 0.1256
vn -0.7464 0.3366 0.5741
vn -0.2285 0.7059 0.6704
vn -0.2626 0.9408 0.2143
vn 0.2560 0.9502 -0.1776
vn 0.4455 0.8373 0.3169
vn -0.1685 0.8485 -0.5017
vn -0.1984 0.9622 0.1863
vn 0.1271 0.7251 -0.6768
vn 0.4506 0.8914 0.0481
vn -0.2724 0.9614 -0.0395
vn 0.5172 0.7578 0.3978
vn -0.2613 0.9640 -0.0496
vn -0.1003 0.8270 0.5532
vn 0.2332 0.8431 -0.4846
vn -0.2205 0.8932 0.3919
vn -0.3460 0.3473 0.8716
vn -0.0848 0.7578 -0.6469
vn -0.1583 0.8748 0.4579
vn 0.4010 0.9113 0.0937
vn 0.5254 0.8353 0.1623
vn -0.0208 0.9829 0.1827
vn -0.6217 0.7392 0.2589
vn -0.3534 0.8683 -0.3481
vn -0.1652 0.9643 0.2068
vn -0.1087 0.9674 -0.2288
vn -0.2851 0.9409 -0.1829
vn 0.0485 0.9988 -0.0020
vn -0.4690 0.8829 -0.0232
vn -0.4358 0.8918 0.1218
vn -0.4371 0.8696 0.2295
vn -0.0943 0.7420 0.6637
vn -0.0705 0.3902 0.9180
vn -0.2173 0.4392 0.8717
vn 0.0326 0.9845 0.1721
vn 0.4613 0.4843 0.7434
vn 0.1205 0.5106 0.8514
vn -0.1987 0.8193 0.5379
vn 0.2100 0.8899 0.4050
vn -0.0261 0.9685 -0.2476
vn -0.2544 0.9646 -0.0695
vn -0.1019 0.8603 0.4994
vn -0.2354 0.6811 0.6933
vn -0.2465 0.7178 0.6511
vn -0.3466 0.6574 0.6691
vn -0.2474 0.7556 0.6065
vn 0.4412 0.4021 0.8023
vn -0.2860 0.7573 0.5871
vn 0.0584 0.6590 0.7499
vn 0.3824 0.3879 0.8386
vn -0.7250 0.4794 0.4946
vn -0.5032 0.8351 0.2222
vn -0.1777 0.3423 0.9226
vn -0.0691 0.3751 0.9244
vn -0.0764 0.6641 0.7437
vn 0.0533 0.4158 0.9079
vn -0.5388 0.7860 0.3033
vn -0.6457 0.7014 0.3019
vn -0.3366 0.8465 0.4124
vn -0.1327 0.6922 0.7094
vn -0.1308 0.7261 0.6750
vn -0.1223 0.8768 0.4651
vn -0.1884 0.8714 0.4530
vn -0.3839 0.8588 0.3393
vn -0.3596 0.9307 0.0674
vn -0.1500 0.9470 -0.2840
vn -0.0429 0.8798 -0.4734
vn 0.0688 0.8019 -0.5935
vn -0.0344 0.8804 -0.4730
vn -0.4079 0.7103 -0.5736
vn -0.1434 0.2966 -0.9442
vn -0.2858 0.3466 -0.8934
vn -0.4777 0.5351 -0.6967
vn -0.3966 0.8238 -0.4051
vn -0.4342 0.7471 -0.5034
vn -0.5907 0.7944 -0.1414
vn -0.7570 0.6492 0.0744
vn -0.8476 0.4920 0.1988
vn -0.1276 0.8912 0.4352
vn -0.6406 0.5984 0.4812
vn -0.4195 0.7625 0.4926
vn -0.0686 0.9150 0.3976
vn -0.2297 0.8954 0.3815
vn -0.0067 0.9854 0.1702
vn -0.1606 0.9737 0.1616
vn -0.2188 0.9740 -0.0584
vn 0.2534 0.9214 -0.2945
vn 0.5910 0.7820 -0.1980
vn 0.7336 0.6726 -0.0975
vn 0.6361 0.7058 -0.3118
vn 0.7571 0.6303 0.1720
vn 0.7812 0.5972 0.1818
vn 0.4911 0.7409 -0.4582
vn 0.0903 0.8554 -0.5100
vn 0.7827 0.5970 -0.1762
vn 0.5064 0.8610 -0.0469
vn -0.1744 0.9103 0.3754
vn -0.0110 0.9290 0.3698
vn 0.1788 0.9059 0.3838
vn -0.2153 0.8734 0.4369
vn -0.0343 0.5976 0.8011
vn -0.1839 0.8171 0.5464
vn 0.4872 0.8059 0.3365
vn 0.5511 0.7609 0.3425
vn 0.2083 0.7030 0.6800
vn -0.1207 0.9268 0.3556
vn -0.2143 0.9172 0.3359
vn 0.0609 0.7264 0.6845
vn -0.4994 0.7860 0.3645
vn -0.5941 0.6844 0.4228
vn -0.1523 0.7926 0.5904
vn -0.3048 0.8533 0.4231
vn 0.2281 0.9268 -0.2983
vn 0.4430 0.8461 0.2964
vn 0.3536 0.6262 0.6949
vn 0.1563 0.9830 0.0965
vn -0.2536 0.9594 -0.1232
vn -0.0869 0.6878 0.7207
vn -0.2162 0.7818 0.5849
vn -0.3153 0.9071 0.2787
vn -0.0668 0.6072 0.7917
vn 0.0323 0.7469 0.6641
vn 0.0248 0.5974 0.8016
vn -0.0455 0.2755 0.9602
vn 0.2849 -0.0302 0.9581
vn 0.1991 0.4218 0.8846
vn -0.0263 0.4945 0.8688
vn 0.4470 0.3250 0.8334
vn 0.3128 0.8226 0.4749
vn 0.4729 0.5290 0.7047
vn 0.7057 0.3554 0.6129
vn 0.1609 0.5585 0.8137
vn 0.2183 0.8177 0.5327
vn 0.2901 0.4412 0.8492
vn -0.3960 0.3615 0.8441
vn 0.0841 0.5580 0.8256
vn -0.1390 0.4951 0.8576
vn 0.0950 0.8867 0.4524
vn -0.0135 0.8347 0.5505
vn -0.0471 0.8681 0.4941
vn 0.3133 0.8877 -0.3375
vn 0.3035 0.2951 -0.9060
vn -0.2540 0.4088 -0.8766
vn -0.3078 0.5878 -0.7482
vn -0.1005 0.8148 -0.5710
vn 0.0503 0.9005 -0.4320
vn 0.4669 0.6275 -0.6231
vn 0.8831 0.4487 0.1369
vn 0.4929 0.8680 -0.0600
vn 0.1949 0.9804 -0.0293
vn 0.9233 0.3783 -0.0657
vn -0.1397 0.7786 -0.6118
vn 0.7029 0.6530 -0.2821
vn -0.5412 0.8283 -0.1452
vn 0.7622 0.5581 0.3280
vn 0.3825 0.8639 0.3277
vn 0.3092 0.8766 0.3687
vn 0.1259 0.9208 0.3691
vn 0.1965 0.6465 0.7372
vn 0.2015 0.5470 0.8125
vn -0.4856 0.4076 0.7733
vn 0.0665 0.7553 0.6520
vn -0.1505 0.8758 0.4587
vn 0.0498 0.8324 0.5520
vn 0.1074 0.2501 0.9623
vn 0.2216 0.9013 0.3721
vn 0.5258 0.8416 0.1238
vn 0.4321 0.4022 0.8072
vn 0.8001 0.5996 0.0183
vn 0.5149 0.8571 0.0176
vn -0.1764 0.9701 -0.1669
vn -0.1226 0.6641 0.7375
vn -0.1845 0.9825 -0.0249
vn -0.3921 0.9100 0.1345
vn -0.1091 0.5248 0.8442
vn -0.4853 0.6004 0.6356
vn -0.5613 0.7595 -0.3288
vn -0.8053 0.4506 0.3853
vn -0.4595 0.6460 0.6096
vn -0.3311 0.7440 -0.5804
vn -0.2123 0.9760 0.0477
vn -0.2158 0.8629 0.4570
vn -0.3409 0.9351 -0.0969
vn -0.4680 0.7642 0.4438
vn -0.4409 0.8050 0.3969
vn -0.4081 0.8863 0.2191
vn -0.7401 0.4982 0.4517
vn 0.0266 0.7077 0.7060
vn -0.4910 0.2369 0.8383
vn -0.2175 0.6542 0.7243
vn -0.0813 0.7643 0.6397
vn -0.7787 0.2803 0.5613
vn -0.5855 0.8024 0.1153
vn -0.5078 0.5577 0.6566
vn -0.6160 0.6213 0.4843
vn -0.8284 0.1818 0.5299
vn -0.5564 0.5722 0.6025
vn -0.7272 0.4224 0.5411
vn -0.5264 0.7269 0.4409
vn -0.7715 0.5129 0.3766
vn 0.0354 0.8042 0.5934
vn 0.1446 0.8619 0.4860
vn -0.0558 0.4811 0.8749
vn -0.3177 0.8197 0.4766
vn 0.1776 0.9003 0.3974
vn -0.4596 0.6513 0.6037
vn 0.4647 0.6295 0.6227
vn 0.2104 0.7730 0.5985
vn -0.6247 0.5114 0.5901
vn 0.2116 0.6779 0.7040
vn 0.0249 0.7691 0.6386
vn -0.5353 0.2575 0.8045
vn 0.0076 0.2299 0.9732
vn 0.0751 0.1398 0.9873
vn -0.7885 0.1914 0.5846
vn -0.4366 0.4002 0.8058
vn -0.5203 0.4031 0.7529
vn -0.7452 0.4779 0.4650
vn -0.3780 0.7278 0.5722
vn -0.3877 0.8475 -0.3626
vn -0.4477 0.6612 -0.6020
vn -0.6624 0.5217 -0.5376
vn -0.7529 0.5694 -0.3302
vn -0.3221 0.9415 -0.0990
vn -0.1959 0.5756 0.7939
vn -0.3931 0.6124 0.6859
vn -0.6352 0.7631 -0.1188
vn -0.3550 0.7688 -0.5319
vn -0.4876 0.7387 0.4654
vn 0.0058 0.9715 0.2370
vn -0.0911 0.8071 0.5834
vn -0.6637 0.6574 -0.3568
vn -0.6663 0.7457 0.0015
vn -0.1608 0.8087 -0.5659
vn -0.5762 0.7915 -0.2038
vn -0.5838 0.6334 0.5079
vn -0.6793 0.6783 0.2802
vn -0.4528 0.8747 -0.1729
vn -0.2281 0.9649 -0.1300
vn -0.4573 0.8331 -0.3111
vn -0.7558 0.2202 -0.6166
vn -0.6240 0.7510 -0.2161
vn -0.3881 0.2299 -0.8925
vn -0.4541 0.8434 -0.2873
vn -0.3442 0.8387 -0.4220
vn -0.4588 0.7573 -0.4647
vn -0.5530 0.3788 -0.7421
vn -0.8781 0.4767 -0.0401
vn -0.1921 0.8793 -0.4357
vn -0.5548 0.4510 -0.6992
vn -0.6986 0.6355 -0.3288
vn -0.3876 0.7693 -0.5079
vn -0.5358 0.8443 -0.0109
vn -0.3238 0.8855 -0.3332
vn -0.6727 0.7255 -0.1456
vn -0.6923 0.5775 -0.4327
vn -0.7602 0.5794 -0.2941
vn -0.7465 0.5311 -0.4009
vn -0.6561 0.4787 -0.5835
vn -0.7892 0.4307 -0.4378
vn -0.5361 0.8441 0.0098
vn -0.8402 0.0371 -0.5410
vn -0.6479 0.5407 -0.5365
vn -0.7993 0.5085 -0.3203
vn -0.4160 0.6690 -0.6160
vn -0.8808 0.4499 -0.1474
vn -0.9583 0.0537 0.2808
vn -0.8928 0.3512 -0.2820
vn -0.6744 0.2984 -0.6754
vn -0.9291 -0.2122 -0.3028
vn -0.8526 0.1491 -0.5008
vn -0.7178 -0.1090 -0.6877
vn -0.4341 -0.0280 -0.9004
vn -0.3650 0.4542 -0.8127
vn -0.1558 -0.1749 -0.9722
vn -0.5177 0.2714 -0.8114
vn -0.8486 0.0808 -0.5228
vn -0.1919 0.4207 -0.8867
vn 0.0345 0.3228 -0.9458
vn -0.4797 0.2265 -0.8477
vn -0.0748 -0.2673 -0.9607
vn -0.3336 0.4534 -0.8265
vn -0.1282 0.4014 -0.9069
vn 0.2184 -0.1039 -0.9703
vn 0.0194 -0.0453 -0.9988
vn -0.2558 0.6970 -0.6699
vn -0.1663 0.2942 -0.9412
vn -0.1210 0.7790 -0.6153
vn -0.5631 0.7709 -0.2977
vn -0.1480 0.7685 -0.6225
vn -0.2551 0.9508 -0.1759
vn 0.1419 0.9899 0.0038
vn -0.0565 0.7678 -0.6382
vn 0.2821 0.9594 -0.0036
vn -0.0503 0.7087 -0.7037
vn -0.0439 0.7299 -0.6821
vn -0.0410 0.7327 -0.6793
vn 0.1763 0.6575 -0.7325
vn 0.4618 0.4852 -0.7425
vn 0.1811 0.4655 -0.8663
vn 0.4945 0.3195 -0.8083
vn 0.2803 0.5543 -0.7837
vn 0.2988 0.8208 -0.4869
vn 0.2882 0.9416 -0.1742
vn 0.3742 0.8945 -0.2448
vn 0.1632 0.8645 -0.4755
vn 0.4707 0.8764 -0.1017
vn 0.0575 0.7870 -0.6143
vn 0.1776 0.4318 -0.8843
vn 0.0348 0.8246 -0.5647
vn -0.0167 0.9497 -0.3127
vn -0.4406 0.8426 -0.3098
vn 0.1942 0.9077 -0.3720
vn 0.4036 0.7064 -0.5814
vn 0.4129 0.4334 -0.8011
vn -0.2370 0.9688 0.0719
vn 0.4484 0.7815 -0.4338
vn 0.0387 0.8941 -0.4462
vn -0.0215 0.9940 0.1072
vn 0.2203 0.9693 0.1092
vn 0.7403 0.3928 0.5456
vn 0.6616 0.6237 0.4163
vn 0.0382 0.8870 0.4601
vn 0.0885 0.9921 0.0893
vn 0.0834 0.9574 0.2765
vn 0.3980 0.4488 0.8001
vn 0.2341 0.1724 0.9568
vn 0.4847 0.2765 0.8298
vn 0.1069 0.8270 0.5520
vn 0.3757 0.8849 0.2753
vn 0.1175 0.9575 0.2634
vn 0.6755 0.6832 0.2772
vn 0.2317 0.7172 0.6573
vn 0.7393 0.1055 0.6651
vn 0.4187 0.4268 0.8016
vn 0.3904 0.4876 0.7809
vn 0.2859 0.8280 0.4824
vn 0.2835 0.4686 0.8367
vn 0.1115 0.8262 0.5523
vn 0.2145 0.4864 0.8470
vn 0.5503 0.3201 0.7712
vn 0.7060 0.4829 0.5181
vn 0.6632 0.1223 0.7384
vn 0.2390 0.3255 0.9148
vn 0.1421 0.6865 0.7131
vn 0.0668 0.1442 0.9873
vn -0.1824 0.0710 0.9807
vn 0.3026 0.0913 0.9487
vn 0.4729 0.0539 0.8795
vn 0.0309 0.5633 0.8257
vn 0.1516 0.7768 0.6112
vn 0.1717 0.9851 0.0043
vn -0.3173 0.7801 0.5392
vn -0.3517 0.3898 0.8511
vn -0.0356 0.9557 0.2922
vn 0.3389 0.7407 0.5801
vn -0.2854 0.7828 0.5529
vn -0.3661 0.7161 0.5943
vn 0.6516 0.2751 0.7070
vn 0.1487 0.7202 0.6777
vn -0.1907 0.8866 0.4215
vn 0.1726 0.5069 0.8446
vn 0.0399 0.5062 0.8615
vn -0.1566 0.2555 0.9540
vn 0.1513 0.1081 0.9826
vn -0.0389 0.2139 0.9761
vn -0.1262 0.2905 0.9485
vn -0.4559 0.5975 0.6596
vn -0.1976 0.5517 0.8103
vn -0.4336 0.3431 0.8332
vn 0.0292 0.2413 0.9700
vn -0.2052 0.0906 0.9745
vn -0.1456 0.2959 0.9441
vn 0.0719 0.1925 0.9787
vn 0.0039 0.2368 0.9715
vn -0.0838 0.4039 0.9110
vn -0.1587 0.1349 0.9781
vn -0.1598 0.1818 0.9703
vn -0.1752 0.0181 0.9844
vn -0.0608 0.4810 0.8746
vn -0.5122 0.4942 0.7024
vn -0.2827 -0.2234 0.9328
vn 0.0239 -0.1531 0.9879
vn 0.0559 -0.4124 0.9093
vn -0.1274 -0.4103 0.9030
vn 0.2061 -0.1596 0.9654
vn 0.0869 0.0758 0.9933
vn 0.2699 0.1308 0.9540
vn 0.3114 0.1539 0.9377
vn 0.1123 0.3222 0.9400
vn 0.3088 0.2074 0.9282
vn 0.3135 0.4213 0.8510
vn 0.2230 0.5288 0.8189
vn 0.3660 0.6250 0.6895
vn 0.2949 0.7839 0.5463
vn -0.0478 0.3854 0.9215
vn -0.1226 0.6897 0.7136
vn 0.3943 0.1435 0.9077
vn 0.1166 0.3345 0.9352
vn -0.3283 0.3809 -0.8644
vn -0.0555 0.4846 -0.8729
vn -0.2556 0.3720 -0.8924
vn 0.0828 0.3896 -0.9173
vn 0.1300 0.3313 0.9345
vn -0.0126 0.2985 0.9543
vn 0.3493 -0.4349 0.8300
vn -0.3406 -0.1356 0.9304
vn -0.2106 -0.0108 0.9775
vn -0.5039 -0.1633 0.8482
vn -0.4252 0.3430 0.8376
vn -0.0961 0.5385 0.8371
vn 0.1063 0.2652 0.9583
vn 0.1318 0.0032 0.9913
vn 0.2141 0.5197 -0.8271
vn 0.2218 0.8082 -0.5456
vn 0.3073 0.8386 -0.4497
vn 0.2246 0.8693 -0.4404
vn 0.4896 0.8432 -0.2221
vn -0.1396 0.9226 -0.3595
vn -0.0503 0.9946 0.0911
vn -0.1373 0.3666 -0.9202
vn 0.3547 0.8844 -0.3035
vn -0.1247 0.8734 -0.4707
vn -0.2131 0.8839 -0.4163
vn -0.2050 0.6144 -0.7619
vn -0.3146 0.9419 0.1174
vn -0.6242 0.7693 -0.1358
vn -0.1318 0.8469 -0.5151
vn 0.3393 0.8107 -0.4771
vn 0.2766 0.8380 -0.4704
vn -0.1559 0.6655 -0.7299
vn -0.3494 0.6919 -0.6318
vn 0.3773 0.5504 -0.7448
vn 0.4558 0.3983 -0.7960
vn 0.3249 0.4752 -0.8177
vn 0.3576 0.4061 -0.8409
vn -0.0390 0.7698 -0.6370
vn 0.0503 0.8006 -0.5971
vn 0.1721 0.9443 -0.2806
vn -0.0094 0.7299 -0.6834
vn 0.0809 0.4793 -0.8739
vn 0.2565 0.3626 -0.8960
vn 0.1598 0.5342 -0.8301
vn 0.1083 0.2747 -0.9554
vn 0.0382 0.3097 -0.9501
vn -0.0167 0.2784 -0.9603
vn 0.0927 0.2901 -0.9525
vn 0.0406 0.4053 -0.9133
vn -0.0248 0.1666 -0.9857
vn 0.3784 0.3003 -0.8756
vn 0.6450 0.1648 -0.7462
vn 0.4442 0.4608 -0.7684
vn 0.3401 0.7194 -0.6057
vn 0.3266 0.3109 -0.8926
vn 0.1630 0.0034 -0.9866
vn 0.3626 0.2210 -0.9054
vn 0.3811 -0.0709 -0.9218
vn 0.2023 -0.1667 -0.9650
vn 0.1695 0.1402 -0.9755
vn 0.5352 0.1063 -0.8380
vn 0.5386 0.1508 -0.8289
vn 0.2405 0.3898 -0.8890
vn 0.2818 0.2041 -0.9375
vn 0.1626 0.4904 -0.8562
vn -0.4437 0.6234 -0.6438
vn -0.6705 0.3347 -0.6622
vn -0.7801 0.6145 -0.1178
vn -0.8370 0.5276 -0.1448
vn -0.6566 0.5358 -0.5308
vn -0.7507 0.6188 0.2316
vn -0.5408 0.5032 0.6740
vn -0.5269 0.6383 0.5612
vn -0.6847 0.0786 0.7246
vn -0.6344 0.6660 0.3924
vn -0.6101 0.7737 -0.1705
vn -0.5852 0.7388 -0.3342
vn -0.7869 0.3749 -0.4901
vn -0.8469 0.5208 -0.1073
vn -0.5471 0.4587 0.7002
vn -0.3483 0.0258 0.9370
vn -0.9318 0.3626 0.0153
vn -0.7777 -0.0736 0.6243
vn -0.7457 0.5732 -0.3397
vn -0.6015 0.7103 -0.3656
vn -0.8839 0.4579 -0.0954
vn -0.6247 0.5284 -0.5749
vn -0.6341 0.3137 -0.7068
vn -0.7094 0.6254 -0.3252
vn -0.8739 0.3304 -0.3566
vn -0.8608 0.3673 -0.3524
vn -0.7958 0.5482 0.2573
vn -0.5470 0.0270 -0.8367
vn -0.2970 0.6593 -0.6907
vn -0.8769 0.0564 -0.4774
vn -0.5369 0.6071 -0.5858
vn -0.7211 0.6442 -0.2551
vn -0.7720 0.5910 -0.2340
vn -0.8883 0.4472 -0.1049
vn -0.9265 0.1284 -0.3536
vn -0.8144 0.0783 -0.5750
vn -0.8618 0.2579 -0.4368
vn -0.6643 0.7451 -0.0594
vn -0.5901 0.6719 -0.4476
vn -0.3942 0.7455 -0.5375
vn -0.5045 0.8187 -0.2743
vn -0.3971 0.2860 -0.8721
vn -0.5582 0.7006 -0.4444
vn -0.5010 0.3216 -0.8035
vn -0.3881 0.7072 -0.5909
vn -0.6250 0.1560 -0.7649
vn -0.1803 0.2848 -0.9415
vn -0.7771 -0.2126 -0.5924
vn -0.1464 0.1541 -0.9771
vn -0.3640 0.0562 -0.9297
vn 0.1025 0.0016 -0.9947
vn -0.0425 -0.1775 -0.9832
vn 0.1275 0.4073 -0.9044
vn -0.4599 -0.2211 -0.8600
vn -0.3173 -0.1003 -0.9430
vn 0.0557 -0.1097 -0.9924
vn -0.3012 -0.1854 -0.9354
vn 0.4946 -0.0954 -0.8639
vn 0.0997 -0.5651 -0.8190
vn -0.0481 -0.5291 -0.8472
vn 0.5759 -0.3631 -0.7325
vn -0.2317 -0.4528 -0.8610
vn -0.0400 -0.2363 -0.9709
vn -0.1377 -0.0783 -0.9874
vn 0.2556 -0.2661 -0.9294
vn 0.2451 0.3578 -0.9010
vn -0.1195 0.1481 -0.9817
vn 0.1532 -0.1190 -0.9810
vn -0.3597 -0.1596 -0.9193
vn -0.3557 -0.0536 -0.9331
vn -0.3194 0.2963 -0.9001
vn -0.5691 0.1457 -0.8093
vn -0.5340 0.0796 -0.8417
vn -0.6730 0.1619 -0.7217
vn -0.5685 0.1732 -0.8043
vn -0.5283 -0.2041 -0.8241
vn -0.2841 -0.1973 -0.9383
vn -0.4239 -0.7100 -0.5624
vn -0.5747 0.0562 -0.8164
vn -0.5673 -0.1933 -0.8005
vn -0.6626 0.0433 -0.7478
vn -0.8124 -0.0194 -0.5827
vn -0.7102 -0.6487 -0.2733
vn -0.4958 -0.0895 -0.8638
vn -0.4960 0.2143 -0.8415
vn -0.5732 0.0864 -0.8149
vn -0.5582 -0.0722 -0.8266
vn -0.6479 0.1842 -0.7391
vn -0.7572 0.5876 -0.2854
vn -0.9557 0.2159 0.2002
vn -0.3946 0.1144 0.9117
vn -0.4326 -0.2995 0.8504
vn -0.6546 0.7329 0.1852
vn -0.9359 0.3185 -0.1507
vn -0.9177 -0.1611 -0.3632
vn -0.8424 0.2592 -0.4724
vn -0.9403 0.2586 -0.2215
vn -0.9080 0.3195 -0.2710
vn -0.8731 0.3695 -0.3179
vn -0.9527 0.2478 -0.1760
vn -0.8655 0.3983 0.3036
vn -0.9562 0.2433 -0.1625
vn -0.9875 -0.1561 0.0232
vn -0.9313 0.1589 -0.3279
vn -0.9272 -0.2492 -0.2796
vn -0.8882 0.2067 -0.4104
vn -0.6252 -0.4033 -0.6682
vn -0.7622 -0.1964 -0.6168
vn -0.7557 -0.1689 -0.6328
vn -0.8842 0.3483 -0.3113
vn -0.6589 0.4640 -0.5920
vn -0.8520 0.2075 -0.4807
vn -0.8574 0.3289 -0.3959
vn -0.9072 -0.0593 -0.4165
vn -0.9671 0.0573 -0.2477
vn -0.9593 0.1891 -0.2098
vn -0.9556 0.1775 -0.2353
vn -0.8004 -0.1007 -0.5910
vn -0.8316 -0.0304 -0.5545
vn -0.6268 -0.6891 -0.3636
vn -0.6755 -0.0493 -0.7357
vn -0.8204 0.0897 -0.5647
vn -0.9013 0.0065 -0.4332
vn -0.5821 -0.3349 -0.7409
vn -0.8499 -0.0011 -0.5270
vn -0.3227 -0.2703 -0.9071
vn -0.7353 -0.1944 -0.6492
vn -0.8357 -0.0596 -0.5460
vn -0.9290 0.2808 -0.2412
vn -0.9879 0.1537 -0.0211
vn -0.7790 0.5265 -0.3407
vn -0.7621 0.6157 -0.2002
vn -0.9061 0.3652 -0.2136
vn -0.5897 -0.4944 -0.6386
vn -0.6400 -0.2717 -0.7187
vn -0.1266 -0.2637 -0.9563
vn -0.4798 -0.3125 -0.8198
vn -0.3998 0.0548 -0.9150
vn -0.3917 -0.1041 -0.9142
vn 0.4287 -0.2994 -0.8524
vn 0.2955 -0.2144 -0.9310
vn 0.0746 0.3641 -0.9284
vn -0.2943 0.0387 -0.9549
vn -0.5374 -0.0151 -0.8432
vn -0.5375 0.4660 -0.7028
vn -0.4461 -0.0106 -0.8949
vn -0.2352 0.2174 -0.9473
vn -0.0639 -0.2049 -0.9767
vn -0.5137 -0.3187 -0.7966
vn -0.0383 -0.0314 -0.9988
vn -0.4332 -0.0868 -0.8971
vn 0.3131 -0.1799 -0.9325
vn -0.2070 -0.1904 -0.9596
vn 0.0931 -0.4419 -0.8922
vn 0.0105 -0.0699 -0.9975
vn -0.3496 -0.0477 -0.9357
vn -0.1643 0.3283 -0.9302
vn -0.2701 -0.2837 -0.9201
vn 0.1252 -0.3160 -0.9405
vn 0.0568 -0.5206 -0.8519
vn 0.2577 -0.8092 -0.5281
vn 0.2364 -0.7949 -0.5588
vn 0.0241 -0.9011 -0.4329
vn -0.4696 -0.5465 -0.6934
vn -0.3641 -0.6681 -0.6489
vn -0.2402 -0.6054 -0.7588
vn -0.2191 -0.3171 -0.9227
vn -0.2396 -0.2626 -0.9347
vn -0.5371 0.2741 -0.7977
vn -0.6202 -0.0423 -0.7833
vn -0.5245 0.0107 -0.8513
vn -0.2897 -0.3370 -0.8958
vn -0.6753 0.4222 -0.6047
vn -0.4356 0.0150 -0.9000
vn -0.7347 0.6198 -0.2758
vn -0.0868 -0.3015 -0.9495
vn -0.3539 -0.0279 -0.9349
vn -0.3848 -0.4017 -0.8310
vn -0.5265 -0.1660 -0.8338
vn -0.7424 -0.0175 -0.6697
vn -0.8245 0.5499 -0.1337
vn -0.7651 -0.0547 -0.6416
vn -0.9010 0.3845 -0.2007
vn -0.8673 0.4920 -0.0762
vn -0.4901 -0.2218 -0.8430
vn -0.5095 -0.4434 -0.7374
vn -0.5100 -0.4909 -0.7064
vn -0.7802 -0.2340 -0.5801
vn -0.6908 -0.0275 -0.7225
vn -0.9205 -0.2527 -0.2981
vn -0.9634 0.2676 0.0148
vn -0.3711 -0.6266 -0.6853
vn -0.4105 -0.5519 -0.7259
vn -0.6583 -0.3446 -0.6692
vn -0.6575 -0.3642 -0.6596
vn -0.4718 -0.3609 -0.8045
vn -0.5075 -0.3657 -0.7802
vn -0.3284 -0.2713 -0.9047
vn -0.1435 -0.6697 -0.7286
vn -0.2326 -0.1488 -0.9611
vn -0.4139 -0.0051 -0.9103
vn -0.7411 -0.1416 -0.6563
vn -0.6012 -0.5556 -0.5744
vn -0.8402 -0.0239 -0.5418
vn -0.6709 -0.2751 -0.6886
vn -0.7416 -0.6191 -0.2583
vn -0.8318 -0.5391 -0.1321
vn -0.9600 -0.2773 -0.0398
vn 0.4772 0.8349 0.2743
vn 0.3528 0.8916 0.2837
vn 0.5938 0.4459 0.6697
vn 0.5614 0.3409 0.7541
vn 0.4623 0.7505 0.4722
vn 0.1040 0.8514 0.5141
vn 0.5526 0.7331 0.3965
vn -0.2811 0.9307 0.2342
vn 0.1841 0.4710 -0.8627
vn 0.0407 0.5006 -0.8647
vn 0.2081 0.8779 -0.4313
vn 0.0549 0.3609 -0.9310
vn 0.4550 0.7657 0.4547
vn -0.1970 0.9587 -0.2054
vn 0.4778 0.7445 0.4663
vn 0.5568 0.7022 -0.4438
vn 0.5206 0.8459 -0.1159
vn 0.3545 0.8401 0.4107
vn 0.4294 0.9000 -0.0753
vn -0.0530 0.9731 -0.2240
vn -0.0707 0.9584 0.2765
vn 0.5331 0.7350 0.4190
vn 0.5120 0.5728 0.6401
vn 0.5436 0.3951 0.7405
vn 0.5803 0.5692 0.5825
vn 0.7081 0.3186 0.6302
vn 0.3914 0.6522 0.6492
vn 0.0716 0.9172 0.3920
vn 0.3492 0.9258 0.1450
vn 0.4672 0.6294 0.6209
vn 0.0777 0.8403 0.5365
vn 0.5947 0.5385 0.5970
vn 0.6113 0.3703 0.6995
vn 0.6873 0.3314 0.6464
vn 0.7698 0.4425 0.4599
vn 0.0354 0.5353 0.8439
vn 0.1992 0.4237 0.8836
vn 0.7663 0.1123 0.6326
vn 0.2975 0.1367 0.9449
vn 0.5129 0.5024 0.6961
vn 0.7484 0.3594 0.5575
vn 0.6521 0.5151 0.5563
vn 0.8813 0.4714 -0.0331
vn 0.7375 0.2227 0.6375
vn 0.5837 0.6594 0.4738
vn 0.8943 0.4020 0.1964
vn 0.9670 0.2392 -0.0876
vn 0.6450 0.0081 0.7641
vn 0.7026 0.2871 0.6511
vn 0.4911 0.6279 0.6038
vn 0.4771 0.4662 0.7450
vn 0.6407 0.0027 0.7678
vn 0.2579 0.4958 0.8292
vn 0.3001 0.0683 0.9515
vn 0.3173 0.0885 0.9442
vn 0.6165 0.0510 0.7857
vn 0.4146 0.0912 0.9054
vn 0.1892 0.0775 0.9789
vn 0.5680 0.0458 0.8217
vn 0.5283 -0.1083 0.8421
vn 0.5118 -0.3735 0.7737
vn 0.1212 -0.4318 0.8938
vn -0.1962 0.6518 0.7325
vn -0.1670 0.3643 0.9162
vn -0.3301 0.4227 0.8440
vn 0.1158 0.3761 0.9193
vn -0.6471 -0.2125 0.7322
vn 0.0973 0.1299 0.9867
vn 0.5536 -0.0718 0.8297
vn -0.0924 -0.3576 0.9293
vn -0.0660 0.1028 0.9925
vn 0.0852 -0.3583 0.9297
vn -0.0073 0.2826 0.9592
vn 0.1290 0.2344 0.9635
vn 0.6017 -0.2632 0.7541
vn 0.4781 -0.0813 0.8745
vn 0.3242 0.0215 0.9457
vn 0.2669 0.2159 0.9392
vn 0.4030 0.1902 0.8952
vn 0.4057 0.1582 0.9002
vn 0.6257 0.0045 0.7801
vn 0.2340 -0.0250 0.9719
vn 0.2430 -0.0609 0.9681
vn 0.2497 0.2532 0.9346
vn -0.1913 0.3980 0.8972
vn 0.2091 0.4343 0.8762
vn 0.0443 0.4980 0.8660
vn -0.1493 0.1168 0.9819
vn 0.4111 -0.3414 0.8452
vn 0.3766 0.3008 0.8762
vn 0.4191 0.2976 0.8578
vn 0.3428 0.3991 0.8504
vn 0.4433 0.0983 0.8910
vn 0.6736 -0.3126 0.6698
vn 0.3857 0.1428 0.9115
vn 0.6880 -0.0496 0.7240
vn 0.2214 0.2592 0.9401
vn 0.4486 -0.0425 0.8927
vn -0.7027 0.7111 -0.0243
vn -0.4269 0.5555 -0.7136
vn -0.5238 0.3475 -0.7777
vn -0.6236 0.6827 0.3808
vn -0.6810 0.7320 0.0179
vn -0.7984 0.4985 0.3376
vn -0.9400 0.1688 0.2965
vn -0.5779 0.6547 0.4873
vn -0.6815 0.5294 0.5053
vn -0.5514 0.7415 0.3824
vn -0.5148 0.8245 0.2350
vn -0.3473 0.8033 0.4838
vn -0.2821 0.8814 -0.3788
vn -0.4906 0.8582 0.1513
vn -0.3009 0.8481 0.4361
vn -0.4001 0.7794 0.4822
vn -0.5516 0.8323 -0.0542
vn -0.1251 0.9813 0.1463
vn 0.1821 0.8585 0.4793
vn -0.3620 0.6100 0.7049
vn -0.5759 -0.0409 0.8165
vn -0.2812 0.1100 0.9533
vn -0.1713 0.1965 0.9654
vn 0.3371 0.4057 0.8496
vn 0.2475 0.1368 0.9592
vn -0.5006 -0.0676 0.8630
vn -0.0079 -0.2213 0.9752
vn 0.2496 -0.4352 0.8650
vn -0.1228 0.1200 0.9851
vn -0.0509 -0.4290 0.9019
vn -0.1520 -0.1673 0.9741
vn -0.1794 -0.1621 0.9703
vn 0.1389 -0.1390 0.9805
vn 0.3572 -0.2765 0.8922
vn -0.2365 -0.2745 0.9321
vn -0.0141 -0.4319 0.9018
vn -0.1390 0.0745 0.9875
vn -0.1367 -0.1836 0.9734
vn -0.3836 0.3791 0.8421
vn -0.2651 0.0534 0.9627
vn -0.2297 0.4035 0.8857
vn 0.2203 0.5979 0.7707
vn -0.0429 0.1524 0.9874
vn -0.0520 0.0770 0.9957
vn -0.0527 -0.4885 0.8710
vn 0.1592 -0.2466 0.9560
vn 0.0911 0.3211 0.9427
vn -0.2621 0.5415 0.7988
vn -0.2686 0.3490 0.8978
vn -0.2001 0.1242 0.9719
vn -0.5097 0.0878 0.8558
vn -0.3958 -0.2418 0.8859
vn -0.1641 0.1504 0.9749
vn 0.0072 -0.4943 0.8692
vn -0.0843 0.3908 0.9166
vn 0.0600 -0.0160 0.9981
vn -0.1381 -0.1467 0.9795
vn -0.2296 -0.3838 0.8944
vn 0.0514 -0.2479 0.9674
vn -0.1605 -0.4083 0.8986
vn 0.3511 -0.2936 0.8891
vn -0.1321 -0.1695 0.9766
vn 0.2970 -0.4810 0.8249
vn 0.2049 -0.0394 0.9780
vn -0.0696 0.0090 0.9975
vn 0.0904 0.4792 0.8730
vn 0.5112 0.4483 0.7333
vn 0.9620 -0.1350 0.2373
vn 0.5894 0.6046 0.5358
vn 0.9237 0.2452 0.2943
vn 0.7027 0.5318 0.4726
vn 0.7180 0.0047 0.6961
vn 0.8848 -0.1483 0.4417
vn 0.7244 0.4521 0.5205
vn 0.7488 0.5664 0.3443
vn 0.8191 0.5718 0.0460
vn 0.5584 0.7860 -0.2653
vn 0.6902 0.7236 -0.0087
vn 0.5962 0.5077 0.6220
vn 0.7848 0.4714 -0.4023
vn 0.4723 0.8564 -0.2087
vn 0.3577 0.9182 0.1701
vn 0.5145 0.6572 0.5508
vn 0.9223 0.2670 0.2794
vn 0.7700 0.1108 0.6283
vn 0.7231 0.2298 0.6514
vn 0.1482 0.7352 0.6615
vn 0.9868 0.0475 -0.1549
vn 0.2160 0.9209 0.3245
vn 0.9029 0.4139 0.1159
vn 0.9723 0.1373 0.1892
vn 0.8779 0.4517 0.1590
vn 0.4942 0.8584 -0.1375
vn 0.8023 0.5381 0.2585
vn 0.8130 0.3933 0.4294
vn 0.8228 0.4552 0.3404
vn 0.6154 0.5517 -0.5630
vn 0.8334 0.5517 -0.0313
vn 0.3450 0.2990 -0.8897
vn 0.8679 0.2688 0.4177
vn -0.1152 0.6917 0.7129
vn 0.1477 0.7884 0.5972
vn 0.1399 0.9734 0.1815
vn 0.4090 0.8168 0.4069
vn -0.1053 0.6620 0.7421
vn -0.1565 0.8400 0.5195
vn 0.0803 0.4589 0.8848
vn 0.9029 0.3830 0.1953
vn 0.7847 0.6087 -0.1168
vn 0.9702 0.1056 -0.2181
vn 0.9222 0.3601 -0.1410
vn 0.4170 0.7725 0.4789
vn 0.2311 0.9442 0.2346
vn 0.5001 0.8644 0.0529
vn 0.3373 0.9354 -0.1065
vn 0.8395 0.4884 0.2380
vn 0.2614 0.9324 -0.2495
vn 0.6221 0.4214 0.6599
vn 0.9247 0.3637 0.1123
vn 0.8813 0.2734 0.3854
vn 0.3690 0.8287 -0.4209
vn 0.7015 0.7015 0.1259
vn 0.2488 0.7378 -0.6275
vn 0.2650 0.5618 -0.7837
vn 0.5010 0.7769 0.3813
vn 0.7463 0.6251 0.2286
vn 0.8017 0.5823 -0.1350
vn -0.0581 0.1134 -0.9918
vn -0.0531 0.0926 -0.9943
vn -0.1694 -0.5207 -0.8368
vn -0.1334 -0.0744 -0.9883
vn -0.2072 0.0816 -0.9749
vn -0.4079 -0.0070 -0.9130
vn -0.7752 -0.3118 -0.5494
vn -0.0793 -0.5685 -0.8189
vn -0.0369 -0.7916 -0.6100
vn 0.4233 -0.5084 -0.7499
vn -0.9339 -0.0523 0.3538
vn -0.7001 0.0027 0.7141
vn -0.9328 0.3550 0.0617
vn -0.8485 0.4195 0.3225
vn -0.1608 0.7142 0.6812
vn -0.3670 0.3193 0.8737
vn 0.2016 0.2141 -0.9558
vn -0.2664 0.5374 -0.8001
vn 0.0445 -0.2105 -0.9766
vn -0.0840 0.1337 -0.9875
vn 0.1465 0.3018 -0.9420
vn -0.3684 0.0007 -0.9297
vn -0.3752 0.2364 -0.8963
vn 0.2420 0.4583 -0.8552
vn -0.1810 0.2305 -0.9561
vn -0.4335 0.6036 -0.6691
vn -0.2953 0.1853 -0.9373
vn -0.0216 0.3851 -0.9226
vn 0.1218 -0.1949 -0.9732
vn -0.0894 0.5395 -0.8372
vn -0.0463 0.1914 -0.9804
vn -0.4558 0.2040 -0.8664
vn -0.4411 -0.2106 -0.8724
vn 0.1058 0.2427 -0.9643
vn 0.1430 -0.3042 -0.9418
vn 0.1162 0.7313 -0.6720
vn 0.1686 0.1633 -0.9721
vn 0.5220 0.5930 -0.6131
vn 0.0047 0.6218 -0.7832
vn -0.2027 0.1890 -0.9608
vn 0.1872 0.4252 -0.8855
vn 0.1592 0.3216 -0.9334
vn 0.0982 0.4033 -0.9098
vn 0.1816 0.4820 -0.8572
vn 0.4741 -0.0594 -0.8785
vn 0.2863 0.3934 -0.8737
vn 0.1978 0.5338 -0.8222
vn -0.1208 0.5589 -0.8204
vn -0.3167 0.5650 -0.7619
vn 0.1352 0.0053 -0.9908
vn 0.0184 0.5306 -0.8474
vn -0.2218 0.1226 -0.9674
vn -0.4630 0.6139 -0.6393
vn 0.3544 0.1986 -0.9138
vn -0.0275 0.6498 -0.7596
vn -0.1318 0.0510 -0.9900
vn -0.6512 0.7506 -0.1122
vn -0.6335 0.4945 -0.5951
vn -0.1259 0.9220 0.3662
vn -0.7400 0.5132 0.4347
vn -0.2788 0.7811 0.5587
vn -0.4202 0.6267 0.6563
vn -0.8458 -0.0527 0.5309
vn -0.5249 0.1184 0.8429
vn -0.6198 0.4137 0.6669
vn -0.4966 0.7234 0.4797
vn -0.3839 0.7757 0.5009
vn -0.4039 0.4910 0.7719
vn -0.7321 0.3529 0.5827
vn -0.3263 0.4211 0.8463
vn -0.6150 0.7871 -0.0475
vn -0.4205 0.4952 0.7602
vn -0.3675 0.6035 0.7076
vn -0.2501 0.9268 0.2801
vn -0.1578 0.5547 0.8169
vn -0.3277 0.7973 0.5069
vn -0.0262 0.9165 0.3992
vn -0.3380 0.9117 0.2335
vn -0.4062 0.8630 0.3004
vn 0.0990 0.8466 0.5230
vn -0.4214 0.7986 0.4298
vn -0.1917 0.2502 0.9490
vn -0.3064 0.2461 0.9195
vn -0.1139 0.6479 0.7532
vn -0.0224 0.7324 0.6805
vn -0.2501 0.5434 0.8014
vn -0.3363 0.6172 0.7113
vn -0.3023 0.8601 0.4110
vn -0.0534 0.9940 0.0955
vn -0.3712 0.8131 0.4483
vn -0.5874 0.7504 0.3029
vn -0.1130 0.7052 0.7000
vn -0.4559 0.6671 0.5892
vn -0.6846 0.5202 0.5106
vn -0.3831 0.5814 0.7178
vn 0.0193 0.4070 0.9132
vn 0.0250 0.4879 0.8725
vn 0.1121 0.2063 0.9720
vn -0.5415 0.5020 0.6744
vn -0.5879 0.4329 0.6833
vn -0.3500 0.5639 0.7480
vn -0.3371 0.6276 0.7018
vn -0.0848 0.3862 0.9185
vn 0.0558 0.6102 0.7903
vn -0.5703 0.7061 0.4196
vn -0.3214 0.4660 0.8243
vn -0.0443 0.2136 0.9759
vn 0.0114 0.2996 0.9540
vn -0.2607 0.4840 0.8353
vn -0.7227 0.4473 0.5269
vn -0.4781 0.3036 0.8242
vn 0.1010 0.2043 0.9737
vn -0.3870 0.4690 0.7939
vn -0.4572 0.5999 0.6565
vn 0.6833 0.1166 -0.7208
vn 0.5372 0.2246 -0.8130
vn 0.0962 -0.2539 -0.9624
vn 0.0967 0.5613 -0.8219
vn 0.2288 0.2627 -0.9374
vn 0.4103 0.0435 -0.9109
vn 0.6371 0.1845 -0.7484
vn 0.4434 -0.0077 -0.8963
vn 0.7439 0.2477 -0.6207
vn 0.3892 0.0220 -0.9209
vn 0.3471 0.4930 -0.7978
vn 0.4252 -0.0355 -0.9044
vn 0.4467 0.0584 -0.8928
vn 0.3981 0.2775 -0.8744
vn 0.3877 0.0115 -0.9217
vn 0.6425 -0.2434 -0.7265
vn 0.7586 0.2296 -0.6098
vn 0.7895 0.2582 -0.5569
vn 0.6211 0.2080 -0.7556
vn 0.8116 -0.0029 -0.5842
vn 0.3252 -0.0013 -0.9456
vn 0.3151 -0.3057 -0.8985
vn 0.5169 -0.0377 -0.8552
vn 0.2928 -0.1922 -0.9366
vn 0.0719 -0.0912 -0.9932
vn 0.3526 0.3595 -0.8640
vn 0.4714 -0.0522 -0.8804
vn 0.6509 -0.0089 -0.7591
vn 0.0634 -0.5545 -0.8298
vn 0.6244 -0.1577 -0.7650
vn 0.5047 -0.1992 -0.8400
vn 0.3672 -0.6298 -0.6845
vn 0.6783 -0.4972 -0.5410
vn 0.3832 0.1522 -0.9111
vn 0.8355 0.3674 -0.4087
vn 0.2344 0.4851 -0.8424
vn 0.3673 0.6056 -0.7060
vn 0.9654 0.2219 -0.1369
vn 0.9295 -0.1751 0.3245
vn 0.8803 0.0430 0.4725
vn 0.9845 0.1307 0.1167
vn 0.9959 -0.0800 0.0413
vn 0.7598 0.6289 0.1650
vn 0.5283 0.7987 0.2880
vn 0.7654 0.4741 0.4352
vn 0.8577 0.5071 0.0851
vn 0.9409 0.2012 0.2723
vn 0.5095 0.8015 0.3131
vn 0.6956 0.7152 0.0677
vn 0.6660 0.3911 0.6352
vn 0.5557 -0.0908 0.8264
vn 0.7560 0.0465 0.6529
vn 0.6489 0.0422 0.7597
vn 0.6543 0.0987 0.7498
vn 0.8199 -0.4592 0.3418
vn 0.5912 -0.1874 0.7844
vn 0.6390 0.0458 0.7679
vn 0.7290 0.0588 0.6820
vn 0.6150 0.0444 0.7872
vn 0.4080 -0.1849 0.8941
vn 0.5538 0.0573 0.8307
vn 0.2514 0.2833 0.9255
vn 0.0767 0.1789 0.9809
vn -0.2006 -0.5369 0.8195
vn -0.0278 -0.1554 0.9875
vn -0.7982 -0.5167 -0.3098
vn -0.8525 -0.5121 -0.1048
vn -0.6259 -0.4499 -0.6371
vn -0.3879 -0.5776 -0.7183
vn -0.6114 -0.5503 -0.5687
vn -0.4296 -0.3623 -0.8272
vn -0.6211 -0.7675 -0.1587
vn -0.7348 -0.6206 -0.2737
vn -0.8016 -0.5533 -0.2264
vn -0.6080 -0.6750 -0.4180
vn -0.5249 -0.7481 -0.4059
vn -0.6882 -0.6963 -0.2041
vn -0.8500 -0.5233 0.0611
vn -0.5024 -0.6009 0.6217
vn -0.9286 0.0293 0.3699
vn -0.5691 -0.3692 0.7347
vn -0.4516 -0.1545 0.8788
vn -0.9900 -0.1070 -0.0921
vn -0.9012 0.1043 -0.4206
vn -0.9059 0.4027 -0.1309
vn -0.9952 -0.0372 0.0907
vn -0.9913 -0.1216 0.0508
vn -0.9214 -0.2125 0.3253
vn -0.9752 0.1940 -0.1066
vn -0.5714 0.1620 0.8045
vn -0.0120 0.1834 0.9830
vn -0.7950 0.4695 0.3842
vn -0.5924 0.7418 0.3143
vn -0.5374 0.6053 0.5872
vn -0.4770 0.5762 0.6636
vn -0.6477 0.6919 0.3190
vn -0.2724 0.7777 0.5665
vn -0.8715 0.4072 0.2732
vn -0.8512 0.4807 0.2107
vn -0.2573 0.6406 0.7235
vn -0.8877 0.2581 0.3812
vn -0.7702 0.4994 0.3967
vn -0.5125 0.4690 0.7193
vn -0.4324 0.8681 0.2437
vn -0.5892 0.2527 0.7674
vn -0.1844 0.6994 0.6905
vn -0.2615 0.7502 0.6073
vn -0.3668 0.6582 0.6574
vn -0.2977 0.3823 0.8748
vn 0.0284 0.6228 0.7819
vn -0.4032 0.5232 0.7508
vn -0.6065 0.2710 0.7475
vn -0.3745 0.4011 0.8360
vn -0.3513 0.4919 0.7966
vn -0.3040 0.3982 0.8655
vn 0.3134 0.3620 0.8779
vn -0.0446 0.2799 0.9590
vn -0.5451 0.2608 0.7968
vn -0.4671 0.0834 0.8803
vn -0.2741 0.3908 0.8787
vn 0.0198 -0.1234 0.9922
vn -0.4268 0.3768 0.8221
vn -0.8538 0.2020 0.4799
vn -0.1020 0.6812 0.7250
vn 0.0702 0.3243 0.9434
vn -0.7887 -0.0028 0.6148
vn -0.3981 0.2731 0.8757
vn -0.6405 -0.0036 0.7679
vn -0.4115 0.2090 0.8871
vn 0.2164 0.7340 -0.6438
vn 0.1070 0.9908 -0.0826
vn 0.0779 0.9578 -0.2766
vn 0.8886 0.4528 0.0735
vn 0.5787 0.6967 -0.4239
vn 0.8283 0.4991 0.2545
vn 0.7365 0.5816 -0.3454
vn 0.5398 0.8252 -0.1666
vn 0.6068 0.7816 0.1445
vn 0.7876 0.6043 0.1205
vn 0.4838 0.8598 0.1633
vn -0.3366 0.9156 -0.2200
vn -0.1823 0.8892 -0.4196
vn -0.2737 0.7253 0.6316
vn -0.6542 0.4724 0.5906
vn -0.4415 0.8296 0.3418
vn -0.1438 0.8665 0.4780
vn -0.3355 0.1574 0.9288
vn -0.0642 0.4122 0.9088
vn -0.1373 0.5427 0.8286
vn -0.0997 0.3724 0.9227
vn -0.0487 0.5469 0.8358
vn -0.3985 0.1301 0.9079
vn -0.2759 0.3989 0.8745
vn -0.6716 0.3180 0.6692
vn -0.6526 -0.1150 0.7489
vn -0.3604 0.0490 0.9315
vn 0.2424 0.4887 0.8381
vn -0.0894 0.4107 0.9074
vn 0.0487 -0.1998 0.9786
vn 0.4990 -0.0241 0.8663
vn -0.2622 0.2285 0.9376
vn -0.5459 0.6600 0.5161
vn 0.0617 0.7329 0.6775
vn 0.2070 0.5019 0.8398
vn 0.0689 0.3831 0.9211
vn -0.0684 0.2156 0.9741
vn -0.3150 -0.2814 0.9064
vn -0.4720 -0.6030 0.6431
vn -0.6919 0.0524 0.7200
vn -0.6305 -0.0967 0.7702
vn -0.7507 0.1893 0.6330
vn -0.5789 0.2700 0.7694
vn -0.1988 0.6858 0.7001
vn 0.0877 0.2582 0.9621
vn -0.6636 0.3965 0.6344
vn -0.2554 0.0332 0.9663
vn -0.3553 0.2300 0.9060
vn -0.2542 -0.0632 0.9651
vn 0.3908 0.0901 0.9161
vn 0.4124 -0.2384 0.8793
vn -0.1666 0.0513 0.9847
vn -0.1933 -0.4662 0.8633
vn -0.0652 -0.7816 0.6203
vn 0.4005 -0.7318 0.5514
vn 0.7167 -0.3949 0.5748
vn -0.0458 -0.6383 0.7684
vn -0.5252 0.1525 0.8372
vn -0.6779 0.1384 0.7220
vn -0.7526 -0.3296 0.5701
vn -0.6887 0.0572 0.7227
vn 0.0166 -0.8972 -0.4413
vn 0.1123 -0.9504 0.2901
vn 0.0634 -0.9631 0.2616
vn -0.4065 -0.2455 0.8801
vn -0.4486 -0.1559 0.8800
vn -0.3262 -0.1665 0.9305
vn -0.3699 0.1616 0.9149
vn -0.4111 -0.3098 0.8573
vn -0.3299 -0.1707 0.9285
vn -0.5824 0.0208 0.8126
vn -0.3049 -0.4784 0.8235
vn -0.2614 -0.1513 0.9533
vn -0.3158 0.2071 0.9259
vn -0.1314 -0.3979 0.9080
vn -0.2812 -0.3971 0.8736
vn -0.4107 -0.3850 0.8265
vn -0.2590 -0.1384 0.9559
vn -0.1343 -0.1774 0.9749
vn -0.0845 -0.4261 0.9007
vn -0.2500 -0.1214 0.9606
vn 0.0684 -0.3887 0.9188
vn -0.1063 -0.6862 0.7196
vn -0.2282 -0.4804 0.8468
vn -0.5736 0.2891 0.7664
vn -0.1236 -0.5465 0.8283
vn -0.6528 0.2544 0.7136
vn -0.1410 -0.2865 0.9476
vn -0.4890 -0.0763 0.8690
vn -0.3095 0.4267 0.8498
vn -0.3522 0.2957 0.8880
vn -0.2239 0.3080 0.9247
vn -0.1927 0.3087 0.9314
vn -0.3937 0.4921 0.7764
vn -0.6409 0.1301 0.7565
vn -0.4553 -0.0425 0.8893
vn -0.1574 -0.4900 0.8574
vn 0.2995 -0.5407 0.7861
vn -0.1540 -0.6191 0.7701
vn -0.0895 -0.7663 0.6362
vn 0.0646 -0.8546 0.5152
vn -0.2399 -0.8465 0.4754
vn 0.0610 -0.7270 0.6839
vn -0.1681 -0.6729 0.7204
vn -0.3294 -0.5939 0.7340
vn 0.0577 -0.2934 0.9542
vn 0.1403 -0.6281 0.7654
vn 0.2539 -0.3442 0.9039
vn 0.5023 0.1231 0.8559
vn 0.2053 0.4178 0.8850
vn -0.4078 -0.2884 0.8663
vn -0.2064 -0.2905 0.9344
vn -0.2691 -0.3693 0.8895
vn -0.5186 -0.1635 0.8392
vn -0.6049 0.1343 0.7849
vn -0.6759 0.4419 0.5898
vn -0.3471 0.0398 0.9370
vn -0.3961 0.3317 0.8562
vn -0.8247 0.5013 0.2620
vn -0.3238 0.6354 0.7010
vn -0.6789 0.6789 0.2797
vn -0.6751 0.7056 0.2152
vn -0.8510 0.5124 0.1154
vn -0.7833 0.4036 0.4728
vn -0.4795 0.8541 0.2013
vn -0.8254 0.3979 0.4005
vn -0.5863 0.7988 -0.1350
vn -0.7894 0.1785 0.5873
vn -0.9392 0.3418 0.0335
vn -0.7448 0.5044 0.4369
vn -0.4115 0.4695 0.7812
vn -0.5500 0.5033 0.6664
vn -0.6254 0.3038 0.7187
vn -0.4775 0.2641 0.8380
vn -0.5710 0.1554 0.8061
vn -0.6720 0.7224 0.1627
vn -0.9584 0.2811 0.0497
vn -0.8331 0.1502 -0.5323
vn -0.7206 0.3417 -0.6033
vn -0.8784 -0.1305 -0.4597
vn -0.9818 0.0393 0.1857
vn -0.9936 0.0623 0.0947
vn -0.9628 0.0014 -0.2701
vn -0.7719 -0.1995 0.6036
vn -0.9283 0.3135 0.2001
vn -0.9489 0.2612 0.1773
vn -0.9484 0.0690 0.3096
vn -0.7482 0.1460 0.6473
vn -0.5408 -0.1933 0.8186
vn -0.7438 0.1120 -0.6589
vn -0.9400 0.3392 -0.0362
vn -0.5010 0.2703 -0.8221
vn -0.6251 0.4266 -0.6536
vn -0.7642 0.6450 0.0046
vn -0.4725 0.3295 -0.8174
vn -0.9523 0.2756 -0.1308
vn -0.8320 0.5524 -0.0515
vn -0.5446 0.4419 -0.7128
vn -0.8793 0.4732 0.0548
vn -0.5531 0.6334 -0.5412
vn -0.6340 0.7449 0.2079
vn -0.9324 0.3614 0.0055
vn -0.4987 0.2175 -0.8390
vn -0.7495 -0.0892 0.6560
vn -0.4344 0.5228 0.7334
vn -0.6493 0.4867 0.5844
vn -0.3341 -0.3782 0.8633
vn -0.8538 -0.1373 0.5022
vn -0.6482 -0.2390 0.7230
vn -0.8272 0.1195 0.5491
vn -0.7249 0.4695 0.5040
vn -0.7811 0.4786 0.4011
vn -0.8805 0.1878 0.4353
vn -0.7384 0.3934 0.5477
vn -0.4743 0.4208 0.7733
vn -0.5977 0.5859 0.5472
vn -0.6486 0.2258 0.7269
vn -0.7121 0.0782 0.6977
vn -0.3797 0.4524 0.8069
vn -0.4107 0.8102 0.4181
vn -0.8425 0.4450 0.3036
vn -0.6916 0.1531 0.7059
vn -0.4493 0.3927 0.8025
vn -0.6655 0.6650 0.3390
vn -0.5894 0.4670 0.6592
vn -0.8672 0.1844 0.4625
vn -0.6459 0.7628 -0.0309
vn -0.7833 0.5787 0.2270
vn -0.8034 0.2985 0.5152
vn -0.7889 0.5079 0.3460
vn -0.8759 -0.0615 0.4785
vn -0.5405 0.7182 0.4382
vn -0.3480 0.7535 0.5577
vn -0.7454 0.0315 0.6658
vn -0.8630 0.0646 0.5011
vn -0.7975 0.5807 0.1636
vn -0.8139 0.3885 0.4320
vn -0.8643 0.5014 0.0404
vn -0.7997 0.1547 0.5802
vn -0.8810 0.2092 0.4243
vn -0.8542 0.5189 -0.0337
vn -0.9465 0.2177 0.2383
vn -0.7614 0.6431 -0.0824
vn -0.8128 0.5239 0.2546
vn -0.7089 0.6945 -0.1230
vn -0.6122 0.7384 0.2828
vn -0.7408 0.5061 0.4417
vn -0.5883 0.7332 0.3410
vn -0.5477 0.7061 0.4488
vn -0.7744 0.3526 0.5253
vn -0.8432 0.0381 0.5363
vn -0.8123 -0.0997 0.5746
vn -0.8895 -0.0342 0.4556
vn -0.8269 -0.0558 0.5595
vn -0.7239 0.1025 0.6823
vn -0.9351 0.0166 0.3539
vn -0.7542 0.2775 0.5951
vn -0.6199 0.4969 0.6073
vn -0.8481 -0.0804 0.5236
vn -0.7384 -0.0036 0.6743
vn -0.6162 0.2237 0.7552
vn -0.6448 0.3327 0.6881
vn -0.5204 -0.2397 0.8196
vn -0.5449 -0.1316 0.8281
vn -0.4488 -0.1486 0.8812
vn -0.7308 -0.4258 0.5335
vn -0.5876 0.0119 0.8090
vn -0.5132 0.0558 0.8565
vn -0.1320 -0.1752 0.9756
vn 0.1229 0.1655 0.9785
vn -0.3129 -0.0233 0.9495
vn -0.4366 0.0517 0.8982
vn -0.6757 -0.2658 0.6875
vn -0.5597 -0.1550 0.8141
vn -0.8305 0.4129 0.3739
vn -0.7557 -0.4182 0.5040
vn -0.3396 -0.4233 0.8399
vn -0.6717 -0.6657 0.3251
vn -0.7594 -0.1658 0.6292
vn -0.8525 -0.4249 0.3044
vn -0.5132 -0.3160 0.7980
vn -0.5208 -0.0981 0.8480
vn -0.4916 -0.4971 0.7150
vn -0.5978 -0.2475 0.7625
vn -0.2354 -0.5518 0.8001
vn -0.7567 -0.5606 0.3365
vn -0.2565 -0.5212 0.8140
vn -0.1007 -0.5897 0.8013
vn -0.0954 -0.6949 0.7127
vn 0.0077 -0.9269 0.3752
vn 0.1407 -0.2266 0.9638
vn 0.1843 -0.3176 0.9302
vn 0.3452 -0.3908 0.8533
vn 0.4324 -0.4657 0.7721
vn 0.7172 0.5752 -0.3933
vn 0.2820 0.8926 -0.3517
vn 0.5992 0.7725 -0.2102
vn 0.5344 0.6820 -0.4992
vn 0.3772 0.5453 -0.7486
vn 0.6627 0.5192 -0.5397
vn 0.5179 0.7102 -0.4769
vn 0.4578 0.8318 -0.3139
vn 0.5885 0.7177 -0.3723
vn 0.6487 0.4220 -0.6334
vn 0.6507 0.5138 -0.5591
vn 0.5438 0.6155 -0.5705
vn 0.9347 0.2921 -0.2027
vn 0.9518 0.2662 0.1521
vn 0.9922 0.0856 0.0904
vn 0.9079 0.3962 -0.1368
vn 0.8395 0.3679 -0.3998
vn 0.7913 0.3871 -0.4733
vn 0.6433 0.4931 -0.5857
vn 0.5262 0.5608 -0.6392
vn 0.7302 0.3040 -0.6118
vn 0.7160 0.3282 -0.6161
vn 0.8252 0.1484 -0.5450
vn 0.7283 0.3522 -0.5878
vn 0.6513 0.0261 -0.7583
vn 0.3795 0.1789 -0.9077
vn 0.5426 0.5453 -0.6389
vn 0.6788 0.3622 -0.6388
vn 0.5318 0.6515 -0.5411
vn 0.3667 0.6621 -0.6535
vn 0.3805 0.8414 -0.3836
vn 0.2426 0.8711 -0.4270
vn 0.6236 0.6314 -0.4609
vn 0.7736 0.4422 -0.4539
vn 0.1148 -0.7125 -0.6922
vn 0.4520 -0.7471 -0.4874
vn -0.3230 -0.6526 -0.6854
vn -0.4656 -0.7973 -0.3840
vn -0.1597 -0.9631 -0.2168
vn -0.5555 -0.7141 -0.4261
vn -0.2026 -0.9665 -0.1573
vn -0.7949 -0.4722 -0.3810
vn -0.2799 -0.8790 -0.3860
vn 0.0950 0.6971 0.7107
vn -0.5185 0.7626 0.3868
vn -0.3005 0.8238 0.4806
vn 0.4928 0.8589 0.1393
vn 0.5548 0.7570 0.3451
vn 0.1136 0.9081 0.4030
vn 0.4764 0.8764 0.0703
vn -0.1387 0.9081 0.3951
vn 0.5117 0.8590 -0.0172
vn 0.7509 0.3374 0.5678
vn 0.4655 0.8839 -0.0449
vn 0.9157 0.3994 0.0451
vn 0.7028 0.6684 -0.2435
vn 0.6297 0.3207 -0.7076
vn 0.6058 0.7223 -0.3335
vn 0.4217 0.8863 0.1914
vn 0.1203 0.7193 -0.6842
vn -0.1567 0.6035 -0.7818
vn -0.0115 0.5481 -0.8363
vn -0.6530 0.4247 -0.6271
vn -0.3813 0.1735 -0.9080
vn -0.0111 0.0379 -0.9992
vn -0.2563 0.2601 -0.9309
vn -0.1113 0.1717 -0.9788
vn -0.1225 0.3109 -0.9425
vn -0.1898 0.1444 -0.9711
vn -0.1002 0.2706 -0.9575
vn 0.1674 0.0446 -0.9849
vn 0.2593 0.4258 -0.8669
vn 0.1324 0.1036 -0.9858
vn -0.2390 0.4181 -0.8764
vn 0.2861 0.2178 -0.9331
vn 0.3172 -0.0606 -0.9464
vn 0.3473 -0.2442 -0.9054
vn 0.3489 -0.2825 -0.8936
vn 0.3667 -0.3620 -0.8570
vn 0.4835 -0.4576 -0.7462
vn 0.4331 -0.6776 -0.5944
vn 0.7792 -0.1759 -0.6016
vn 0.1531 -0.0273 -0.9878
vn 0.2588 -0.1689 -0.9510
vn 0.1748 -0.2880 -0.9415
vn -0.1419 0.1696 -0.9752
vn -0.1270 0.1118 -0.9856
vn -0.1958 0.2018 -0.9597
vn 0.0255 -0.0373 -0.9990
vn -0.5760 0.6563 -0.4874
vn -0.2881 0.7080 -0.6448
vn -0.3741 0.2451 -0.8944
vn -0.1276 -0.0513 -0.9905
vn -0.3475 0.0191 -0.9375
vn 0.0800 -0.0138 -0.9967
vn -0.1493 0.2923 -0.9446
vn -0.1417 0.1935 -0.9708
vn -0.2106 -0.3303 -0.9201
vn -0.0404 0.1646 -0.9855
vn -0.1982 -0.0778 -0.9771
vn -0.3309 -0.0388 -0.9429
vn -0.1660 0.0818 -0.9827
vn -0.7140 0.0690 -0.6967
vn -0.6672 -0.3585 -0.6529
vn -0.0472 -0.5608 -0.8266
vn 0.1105 -0.5520 -0.8265
vn 0.2583 -0.8490 -0.4609
vn 0.2474 -0.9069 -0.3411
vn 0.3839 -0.7220 -0.5756
vn 0.2364 -0.4946 -0.8363
vn 0.5839 -0.4997 -0.6398
vn 0.3114 -0.4514 -0.8362
vn 0.4465 -0.2625 -0.8554
vn 0.2007 -0.3269 -0.9235
vn 0.4647 -0.1569 -0.8715
vn 0.2261 -0.2337 -0.9457
vn -0.0152 -0.3508 -0.9363
vn -0.3337 0.2520 -0.9084
vn -0.4124 0.6069 -0.6794
vn -0.2834 -0.1393 -0.9488
vn -0.0901 -0.5372 -0.8386
vn -0.0795 -0.9047 0.4186
vn 0.2281 -0.8277 0.5128
vn 0.2566 -0.9086 0.3294
vn -0.1696 -0.5666 0.8064
vn 0.3677 -0.9039 0.2183
vn -0.2165 -0.8323 0.5103
vn 0.3257 -0.8284 0.4556
vn -0.0882 -0.9960 0.0117
vn 0.1132 -0.7606 0.6393
vn 0.3012 -0.4631 0.8335
vn 0.0138 -0.5120 0.8589
vn 0.1776 -0.4893 0.8538
vn 0.1658 -0.7751 0.6096
vn 0.1662 -0.7622 0.6256
vn -0.1661 -0.4471 0.8790
vn 0.4009 -0.7833 0.4750
vn 0.0834 -0.9089 0.4085
vn -0.2240 -0.5812 0.7823
vn -0.1285 -0.9661 0.2238
vn 0.5207 -0.2104 0.8274
vn 0.4897 -0.5089 0.7080
vn 0.2105 -0.6952 0.6873
vn 0.0530 -0.0163 0.9985
vn 0.0570 -0.1097 0.9923
vn -0.3415 -0.0555 0.9382
vn -0.1956 0.3180 0.9277
vn -0.0758 -0.1271 0.9890
vn -0.1979 0.2194 0.9554
vn -0.1883 0.1910 0.9634
vn -0.0984 0.1244 0.9873
vn -0.2282 0.1372 0.9639
vn 0.1601 0.0884 0.9831
vn 0.1487 0.0940 0.9844
vn 0.1144 -0.2868 0.9511
vn 0.0658 -0.8997 0.4314
vn -0.4688 -0.8833 -0.0048
vn -0.0027 -1.0000 0.0069
vn -0.1880 -0.2078 0.9599
vn -0.1406 -0.0528 0.9887
vn -0.6767 -0.3982 0.6193
vn -0.3249 -0.6724 0.6651
vn -0.6973 -0.7044 0.1324
vn -0.7973 -0.4914 0.3505
vn -0.6387 -0.4986 0.5861
vn -0.6958 -0.7035 0.1446
vn -0.4654 -0.7315 0.4983
vn -0.5708 -0.3320 0.7510
vn -0.4863 -0.3726 0.7904
vn -0.6644 -0.4756 0.5766
vn -0.4791 0.1358 0.8672
vn -0.6807 0.3094 0.6641
vn -0.7374 0.2535 0.6261
vn -0.8442 0.1233 0.5216
vn -0.9204 -0.1272 0.3697
vn -0.1716 -0.7515 0.6370
vn -0.7668 -0.4929 0.4111
vn -0.2813 -0.7501 0.5985
vn -0.1415 -0.7279 0.6710
vn -0.3911 -0.8031 0.4495
vn -0.8125 -0.5804 0.0541
vn -0.3841 -0.9126 -0.1399
vn -0.3578 -0.9251 0.1275
vn -0.6759 -0.6834 -0.2757
vn -0.5622 -0.5315 -0.6336
vn -0.6180 -0.7682 0.1669
vn -0.4320 -0.2224 -0.8740
vn 0.2152 -0.5865 0.7808
vn -0.3750 -0.7909 0.4836
vn 0.5795 -0.5080 0.6373
vn -0.0226 -0.8220 0.5691
vn 0.0150 -0.8225 0.5686
vn 0.0213 -0.9082 0.4181
vn -0.1841 -0.9250 0.3324
vn -0.2155 -0.9737 0.0739
vn 0.3337 -0.5215 -0.7853
vn 0.1456 -0.0607 -0.9875
vn 0.4867 0.0067 -0.8736
vn 0.6361 -0.0296 -0.7710
vn 0.5578 -0.1737 -0.8116
vn 0.2720 0.1542 -0.9499
vn 0.4776 0.2273 -0.8486
vn 0.5024 0.1626 -0.8492
vn 0.3301 0.3144 -0.8900
vn 0.3360 0.1547 -0.9291
vn 0.6903 0.2250 -0.6876
vn 0.4525 0.4568 -0.7659
vn 0.2343 0.6035 -0.7622
vn 0.3061 0.4344 -0.8471
vn 0.4314 0.3108 -0.8469
vn 0.3525 0.1813 -0.9181
vn 0.3688 -0.3339 -0.8675
vn 0.6598 0.0493 -0.7498
vn 0.7994 0.2455 -0.5484
vn 0.4645 0.2321 -0.8546
vn 0.3808 0.1405 -0.9139
vn 0.3126 0.3136 -0.8966
vn 0.4038 0.6441 -0.6497
vn 0.7703 0.4174 -0.4821
vn 0.5756 0.3700 -0.7293
vn 0.4677 0.0031 -0.8839
vn 0.4955 0.0525 -0.8670
vn 0.4677 0.2466 -0.8488
vn 0.5065 0.0334 -0.8616
vn 0.2721 0.3186 -0.9080
vn 0.6312 0.3311 -0.7014
vn 0.3770 0.5543 -0.7420
vn 0.4789 0.4210 -0.7703
vn 0.8084 0.2859 -0.5145
vn 0.6915 0.0526 -0.7204
vn 0.5961 0.1358 -0.7914
vn 0.5044 0.6084 -0.6128
vn 0.8019 0.3693 -0.4696
vn 0.6120 0.4233 -0.6680
vn 0.9317 0.3582 0.0599
vn 0.8260 0.5479 -0.1327
vn 0.8469 0.0071 -0.5317
vn 0.8151 0.2870 -0.5032
vn 0.7498 0.6414 -0.1625
vn 0.8476 0.5280 -0.0531
vn 0.7757 0.5310 -0.3411
vn 0.6412 0.5237 -0.5609
vn 0.4662 0.0807 -0.8810
vn 0.9778 -0.0339 -0.2066
vn 0.9739 0.1355 -0.1820
vn 0.5540 0.1522 -0.8185
vn 0.8089 0.0179 -0.5876
vn 0.6655 0.6970 -0.2670
vn 0.6253 0.7033 -0.3383
vn 0.8786 -0.1961 -0.4354
vn 0.9282 0.0848 -0.3623
vn 0.7733 -0.1087 -0.6246
vn 0.7701 0.2923 -0.5670
vn 0.2293 0.1513 -0.9615
vn 0.8324 0.2071 -0.5140
vn 0.6640 0.3528 -0.6593
vn 0.7899 -0.0448 -0.6116
vn 0.6244 -0.2832 -0.7279
vn 0.8176 0.0981 -0.5673
vn 0.3084 0.6302 -0.7126
vn 0.9472 -0.1191 -0.2976
vn 0.8962 0.3448 -0.2792
vn 0.9580 0.1207 -0.2602
vn 0.9673 0.0131 -0.2534
vn 0.9896 -0.0765 -0.1218
vn 0.9318 0.3430 -0.1190
vn 0.9342 0.1993 0.2959
vn 0.7185 0.3879 0.5773
vn 0.7897 0.5414 -0.2886
vn 0.8981 0.3171 -0.3047
vn 0.4253 0.8625 -0.2742
vn 0.6691 0.4740 -0.5723
vn 0.6155 0.5914 -0.5209
vn 0.8394 0.3774 -0.3912
vn 0.8966 0.4091 -0.1695
vn 0.7123 0.5537 0.4313
vn 0.6522 0.5784 -0.4899
vn 0.4248 0.6675 -0.6116
vn 0.4989 0.8655 -0.0444
vn 0.7588 0.6474 0.0713
vn 0.6229 0.4879 -0.6115
vn 0.9803 0.1975 -0.0066
vn 0.9952 -0.0343 0.0911
vn 0.5461 0.8198 0.1725
vn 0.5587 0.5154 0.6498
vn 0.4445 0.3938 0.8046
vn 0.9809 0.1607 0.1097
vn 0.2194 0.0370 0.9749
vn 0.3650 0.5851 -0.7242
vn 0.7585 -0.0531 0.6495
vn 0.6151 0.3764 0.6928
vn 0.8469 0.4080 0.3410
vn 0.5607 0.7806 0.2762
vn 0.3441 0.9178 0.1980
vn 0.1656 0.9858 0.0279
vn 0.1383 0.8794 -0.4556
vn 0.3181 0.7622 -0.5638
vn 0.5893 0.8061 0.0542
vn 0.7482 0.5972 0.2891
vn 0.8851 0.4167 0.2071
vn 0.9501 0.2535 0.1816
vn 0.8645 0.3636 0.3470
vn 0.7931 0.6090 -0.0127
vn 0.2344 0.7933 -0.5619
vn 0.4662 0.7412 -0.4830
vn 0.3071 0.5919 -0.7452
vn 0.9098 0.4063 -0.0844
vn 0.5473 0.5986 -0.5849
vn 0.9468 0.0601 -0.3162
vn 0.9370 0.3359 0.0956
vn 0.9119 0.3451 -0.2220
vn 0.5051 0.7051 -0.4978
vn 0.9032 0.4265 0.0473
vn 0.9085 0.3542 0.2217
vn 0.6343 0.0613 0.7707
vn 0.5601 -0.0553 0.8266
vn 0.7152 -0.2576 0.6498
vn 0.7366 -0.3092 0.6015
vn 0.5379 0.1207 0.8343
vn 0.3865 -0.4450 0.8078
vn 0.4930 -0.2940 0.8188
vn 0.4156 0.0228 0.9093
vn 0.5824 -0.1360 0.8014
vn 0.2855 -0.3598 0.8883
vn 0.0943 0.2160 0.9718
vn 0.4612 -0.5489 0.6972
vn 0.3380 -0.5316 0.7766
vn 0.5331 -0.3982 0.7464
vn 0.3561 -0.2483 0.9009
vn 0.5419 -0.4680 0.6981
vn 0.4396 -0.7694 0.4635
vn 0.1827 -0.5554 0.8113
vn 0.1996 -0.9061 0.3730
vn 0.0161 -0.7042 0.7098
vn 0.1284 -0.5770 0.8066
vn -0.3050 -0.0686 0.9499
vn -0.2741 -0.3837 0.8818
vn 0.1703 -0.3087 0.9358
vn 0.1172 -0.6518 0.7493
vn 0.3002 -0.6246 0.7209
vn 0.2286 -0.9318 0.2818
vn 0.2390 -0.9473 0.2132
vn 0.1320 -0.8479 -0.5134
vn 0.0279 -0.8947 -0.4458
vn 0.0416 -0.9692 -0.2427
vn 0.4443 -0.8898 0.1041
vn 0.2617 -0.9620 -0.0782
vn 0.1467 -0.9400 -0.3079
vn 0.2929 -0.9148 0.2782
vn 0.0980 -0.9947 0.0319
vn -0.0123 -0.9245 -0.3810
vn -0.4148 -0.9025 -0.1154
vn -0.2155 -0.9741 0.0679
vn 0.0022 -0.9982 0.0592
vn 0.4032 -0.8873 -0.2238
vn 0.1120 -0.9918 0.0615
vn 0.1595 -0.9793 -0.1245
vn 0.0688 -0.9467 0.3147
vn -0.0638 -0.9917 0.1117
vn -0.0641 -0.2388 0.9690
vn -0.4811 -0.5945 0.6443
vn -0.5653 -0.3610 0.7417
vn -0.5429 -0.6695 0.5070
vn -0.2573 -0.9266 0.2741
vn -0.0198 -0.9989 0.0430
vn 0.2456 -0.5861 -0.7721
vn 0.1216 -0.9128 -0.3898
vn -0.0211 -0.9546 -0.2971
vn 0.0385 -0.9668 -0.2526
vn 0.0368 -0.9945 -0.0984
vn 0.0351 -0.9222 0.3852
vn -0.0594 -0.9982 0.0016
vn 0.1228 -0.9645 0.2336
vn 0.1593 -0.9414 -0.2973
vn -0.1520 -0.9581 -0.2426
vn -0.5421 -0.8143 0.2073
vn -0.3833 -0.8862 -0.2602
vn -0.2370 -0.8866 0.3971
vn -0.3791 -0.8669 -0.3236
vn -0.6015 -0.5958 -0.5323
vn -0.4051 -0.7373 -0.5406
vn -0.7699 -0.2189 -0.5995
vn -0.6025 0.2014 -0.7723
vn -0.6314 -0.7670 -0.1144
vn -0.6703 -0.5701 -0.4750
vn -0.5809 -0.6648 0.4696
vn -0.5785 -0.5734 0.5801
vn -0.7371 -0.1026 0.6679
vn -0.9875 0.1101 0.1128
vn -0.4919 0.6331 -0.5977
vn -0.9330 0.3599 -0.0021
vn -0.9124 -0.3867 0.1342
vn -0.8513 0.4159 -0.3199
vn -0.9286 -0.2305 -0.2907
vn -0.8328 -0.1132 -0.5419
vn -0.6680 0.5045 -0.5470
vn 0.8444 0.4098 -0.3450
vn 0.8932 0.4091 0.1864
vn 0.8822 0.3626 0.3004
vn 0.5385 -0.1783 0.8236
vn 0.7125 0.0817 0.6969
vn 0.6885 0.0177 0.7250
vn 0.5630 0.0190 0.8262
vn 0.7407 0.3398 0.5795
vn 0.7870 0.0953 0.6095
vn 0.7727 0.4047 0.4890
vn 0.3627 0.3886 -0.8470
vn 0.6162 0.5528 -0.5610
vn 0.7508 0.0820 -0.6554
vn 0.9026 0.3287 -0.2778
vn 0.8067 0.0986 -0.5827
vn 0.8410 0.4332 -0.3240
vn 0.7362 0.1796 -0.6524
vn 0.5312 0.2652 -0.8047
vn 0.6262 -0.0335 -0.7789
vn 0.6179 -0.1739 -0.7668
vn 0.7563 0.2328 -0.6114
vn 0.8065 0.3380 -0.4852
vn 0.6075 0.3387 -0.7185
vn 0.6624 0.5715 -0.4843
vn 0.6690 0.6851 -0.2883
vn 0.3263 0.8946 0.3054
vn 0.5914 0.5809 0.5593
vn -0.2402 0.8651 0.4404
vn -0.3149 0.9443 0.0954
vn -0.0394 0.9434 0.3294
vn 0.8349 0.5332 0.1364
vn 0.7055 0.5429 -0.4555
vn 0.4924 0.4037 -0.7711
vn 0.7994 0.0255 -0.6003
vn 0.6837 0.4179 -0.5983
vn 0.3773 0.5125 -0.7713
vn 0.5841 0.5450 -0.6015
vn 0.9825 0.0421 -0.1814
vn 0.5539 0.6531 -0.5164
vn 0.8515 0.5211 -0.0577
vn 0.4225 0.5597 -0.7129
vn 0.8613 0.5061 -0.0441
vn 0.8144 0.4765 0.3311
vn 0.8736 0.3983 0.2796
vn 0.9363 -0.1168 0.3313
vn 0.6687 0.5851 0.4589
vn 0.4738 0.6858 0.5524
vn 0.8562 0.0122 0.5165
vn 0.8466 0.2033 0.4919
vn 0.7418 0.4893 0.4587
vn 0.7382 -0.0178 0.6744
vn 0.8197 -0.0166 0.5726
vn 0.4476 0.6676 0.5950
vn 0.9354 0.0168 0.3532
vn 0.8628 -0.0639 0.5014
vn 0.6481 -0.0857 0.7567
vn 0.7447 -0.1591 0.6481
vn 0.7433 0.0326 0.6682
vn 0.6759 0.3792 0.6320
vn 0.4171 0.5034 0.7567
vn 0.5807 0.1814 0.7936
vn 0.6174 -0.2445 0.7477
vn 0.6405 0.0236 0.7676
vn 0.6907 0.1551 0.7063
vn 0.4424 0.1994 0.8744
vn 0.7042 0.0219 0.7096
vn 0.0727 0.2645 0.9616
vn 0.5231 -0.2433 0.8168
vn 0.3091 -0.3248 0.8938
vn 0.9166 0.3282 0.2283
vn 0.8607 0.0010 0.5091
vn 0.6896 0.1215 0.7140
vn 0.6201 0.4245 0.6598
vn 0.9297 -0.2940 0.2220
vn 0.6165 -0.0412 0.7863
vn 0.7331 -0.0499 0.6783
vn 0.2480 0.2877 0.9251
vn 0.4467 0.1410 0.8835
vn 0.5531 -0.1927 0.8105
vn 0.5815 -0.1369 0.8019
vn 0.6675 -0.5957 0.4467
vn 0.2487 -0.7422 0.6223
vn 0.6120 -0.4152 0.6731
vn 0.1092 -0.8703 0.4802
vn 0.1164 -0.3853 0.9154
vn 0.5377 0.0303 0.8426
vn 0.4587 -0.6820 0.5696
vn 0.1584 0.4278 0.8899
vn 0.5442 0.4076 0.7333
vn 0.6116 0.1761 0.7713
vn 0.5506 0.1693 0.8174
vn 0.8122 -0.3790 0.4435
vn 0.8097 0.1436 0.5690
vn 0.6869 0.0735 0.7230
vn 0.7145 0.0717 0.6960
vn 0.6127 -0.0399 0.7893
vn 0.4649 0.1369 0.8747
vn 0.6341 -0.5894 0.5006
vn 0.5619 -0.4657 0.6836
vn -0.3772 0.7418 0.5544
vn -0.3949 0.6783 0.6197
vn -0.5599 0.6914 0.4566
vn -0.0780 0.7324 0.6764
vn -0.6134 0.6455 0.4550
vn -0.2489 0.7588 0.6019
vn -0.7342 0.4798 0.4803
vn -0.9787 0.1374 0.1522
vn -0.8042 0.0973 0.5864
vn -0.3246 0.7261 0.6061
vn -0.5200 0.2947 0.8017
vn -0.2427 0.8014 0.5467
vn -0.6017 -0.3608 0.7126
vn -0.4173 0.4272 0.8021
vn -0.5870 -0.4776 0.6537
vn -0.3243 -0.8528 0.4094
vn -0.7502 -0.5838 0.3105
vn -0.6094 -0.2603 0.7490
vn -0.5780 -0.7428 0.3379
vn -0.6232 -0.7613 -0.1789
vn -0.2117 -0.9685 0.1308
vn -0.6329 -0.6779 -0.3739
vn -0.2755 -0.7335 -0.6213
vn -0.3261 -0.8565 -0.4001
vn -0.4870 -0.8698 -0.0793
vn -0.5098 -0.8593 -0.0405
vn -0.1094 -0.9617 -0.2512
vn -0.2490 -0.9417 -0.2262
vn 0.3297 -0.7583 -0.5623
vn -0.2806 -0.5423 -0.7920
vn -0.6701 -0.0741 -0.7386
vn -0.4822 -0.5925 -0.6453
vn -0.2108 -0.7951 -0.5687
vn 0.0001 -0.6875 -0.7262
vn 0.1360 -0.9499 -0.2813
vn 0.5454 -0.6477 -0.5320
vn 0.1691 -0.9185 -0.3575
vn -0.4232 -0.8853 -0.1929
vn -0.4703 -0.7456 -0.4722
vn -0.3172 -0.2507 -0.9146
vn -0.2520 -0.7233 -0.6430
vn 0.0645 -0.6753 -0.7347
vn -0.0404 -0.6778 -0.7341
vn 0.1793 -0.8418 -0.5091
vn -0.1238 -0.6992 -0.7041
vn 0.0030 -0.8948 -0.4465
vn -0.6100 -0.7284 0.3119
vn -0.4888 -0.8405 -0.2339
vn 0.4682 0.3095 0.8277
vn 0.8969 0.1364 0.4207
vn 0.8017 -0.0718 0.5934
vn 0.3377 0.1244 0.9330
vn 0.9263 -0.2378 0.2924
vn 0.7795 -0.3726 0.5035
vn 0.6836 -0.4613 0.5656
vn 0.7219 -0.6879 -0.0751
vn 0.4640 -0.8459 0.2628
vn 0.5660 -0.8102 0.1525
vn 0.5667 -0.8124 0.1371
vn 0.4826 -0.0152 0.8757
vn 0.4752 -0.7508 0.4587
vn 0.3403 -0.8147 0.4695
vn 0.3579 -0.4960 0.7911
vn 0.0079 -0.9519 0.3062
vn 0.0806 -0.9868 0.1408
vn 0.4686 -0.8258 0.3137
vn 0.6702 -0.7016 0.2420
vn 0.3635 0.4771 -0.8002
vn 0.1538 0.2512 0.9556
vn -0.2816 0.4921 0.8237
vn 0.1483 0.9288 0.3396
vn 0.1261 0.4863 0.8646
vn 0.0789 0.9285 0.3630
vn 0.8397 0.5391 -0.0650
vn 0.7223 0.1579 0.6733
vn 0.2786 0.2105 -0.9370
vn 0.0915 0.7267 -0.6808
vn 0.0365 0.3370 -0.9408
vn 0.7509 0.6301 -0.1980
vn 0.7198 0.6896 0.0801
vn 0.8924 0.4300 0.1370
vn 0.8625 0.5053 0.0281
vn 0.7556 0.3732 0.5384
vn 0.9468 0.1615 0.2783
vn 0.7199 0.1963 0.6657
vn 0.6772 0.2798 0.6805
vn 0.7715 0.0152 0.6361
vn 0.6283 -0.1028 0.7711
vn 0.7411 0.0028 0.6714
vn 0.7362 -0.0610 0.6740
vn 0.6874 -0.2486 0.6824
vn 0.6608 -0.2846 0.6945
vn 0.5351 -0.3331 0.7763
vn 0.7466 -0.4037 0.5288
vn 0.7684 -0.3040 0.5632
vn 0.0280 0.1425 -0.9894
vn 0.5738 0.1477 -0.8056
vn 0.9910 0.0113 -0.1335
vn 0.9261 -0.2203 0.3062
vn 0.9450 -0.0888 0.3148
vn 0.5785 -0.3214 0.7497
vn 0.4956 -0.3807 0.7807
vn 0.9174 0.0203 0.3975
vn 0.9644 -0.0059 0.2645
vn 0.8892 -0.2466 0.3854
vn 0.9047 0.0197 0.4256
vn 0.7693 0.4794 0.4224
vn 0.8866 -0.0823 0.4551
vn 0.5884 -0.6354 0.5000
vn 0.8368 -0.2599 -0.4818
vn 0.3877 -0.1625 -0.9073
vn 0.0121 -0.0166 -0.9998
vn 0.9690 -0.1908 0.1572
vn 0.9830 -0.0633 0.1723
vn 0.9291 -0.1750 0.3258
vn 0.9585 -0.1464 0.2447
vn 0.8888 0.2900 0.3549
vn 0.7357 -0.5600 -0.3811
vn 0.8712 -0.4894 0.0376
vn 0.0114 -0.9828 -0.1842
vn 0.2864 -0.9564 -0.0573
vn 0.4042 -0.8909 0.2073
vn 0.5557 -0.7803 0.2870
vn 0.9220 -0.3049 0.2387
vn 0.9717 -0.2349 -0.0252
vn 0.9527 -0.2993 -0.0533
vn 0.8394 -0.2909 -0.4592
vn 0.8666 -0.1297 -0.4819
vn -0.0041 -0.2324 -0.9726
vn 0.2895 -0.4178 -0.8612
vn 0.3834 -0.2624 -0.8855
vn 0.4889 -0.0936 -0.8673
vn 0.6206 -0.7054 -0.3424
vn 0.3216 -0.8393 -0.4384
vn 0.2415 -0.4012 -0.8836
vn 0.1357 -0.6857 -0.7151
vn -0.0109 -0.3206 -0.9472
vn -0.1863 -0.3983 -0.8981
vn -0.0586 -0.7134 -0.6983
vn 0.0860 -0.7340 -0.6737
vn 0.1568 0.0071 0.9876
vn 0.2220 0.2823 0.9333
vn 0.3600 0.7446 0.5621
vn 0.2572 0.1211 0.9587
vn 0.4154 0.2949 0.8605
vn 0.2803 0.3855 0.8791
vn 0.0580 -0.0400 0.9975
vn -0.0130 -0.0171 0.9998
vn 0.0608 0.4150 0.9078
vn 0.2191 0.5487 0.8068
vn 0.0039 -0.0953 0.9954
vn -0.0085 0.0704 0.9975
vn 0.1576 0.0664 0.9853
vn -0.0528 0.0489 0.9974
vn 0.0077 0.0437 0.9990
vn -0.0105 -0.0536 0.9985
vn -0.3478 0.1731 0.9214
vn -0.0138 0.5523 0.8335
vn 0.4210 0.2250 0.8787
vn 0.0628 0.0159 0.9979
vn -0.0021 0.0841 0.9965
vn -0.4806 0.4765 0.7362
vn -0.0358 0.0274 0.9990
vn -0.2607 0.1410 0.9551
vn -0.1606 0.0693 0.9846
vn -0.1841 0.3320 0.9251
vn -0.3066 0.5100 0.8037
vn -0.1211 0.3029 0.9453
vn -0.3850 -0.1528 0.9102
vn -0.2174 -0.1256 -0.9680
vn -0.0090 -0.7549 -0.6558
vn 0.1862 -0.8357 -0.5166
vn -0.0501 -0.9818 -0.1834
vn 0.5109 -0.6892 -0.5138
vn 0.2828 -0.9135 0.2926
vn 0.6113 -0.7823 0.1198
vn 0.4701 -0.6520 0.5949
vn 0.5475 -0.7240 0.4197
vn 0.5363 -0.8208 -0.1965
vn 0.5005 -0.8478 -0.1754
vn 0.4964 -0.7294 -0.4707
vn 0.3055 -0.8381 -0.4520
vn 0.3117 -0.9290 -0.1996
vn 0.3278 -0.8877 0.3234
vn 0.1946 -0.9509 -0.2407
vn 0.3078 -0.9153 -0.2597
vn 0.2702 -0.8231 -0.4994
vn -0.6731 -0.5995 0.4331
vn -0.9042 -0.0567 -0.4233
vn -0.2219 -0.5019 0.8360
vn 0.3650 -0.9309 -0.0134
vn 0.1281 -0.9412 -0.3126
vn 0.5263 -0.6908 0.4958
vn 0.5425 -0.8390 0.0429
vn 0.5806 -0.2392 0.7783
vn 0.4647 -0.8845 0.0412
vn 0.6851 -0.2303 0.6911
vn 0.1239 -0.9625 -0.2415
vn -0.0221 -0.6173 -0.7864
vn 0.9758 -0.2186 0.0015
vn 0.8949 -0.1619 -0.4158
vn 0.8463 -0.1403 -0.5138
vn 0.8467 -0.3945 -0.3570
vn 0.8592 -0.2686 -0.4355
vn 0.8556 -0.5159 -0.0426
vn 0.7665 -0.5411 -0.3461
vn 0.7491 -0.4876 0.4483
vn 0.3476 0.0829 0.9340
vn 0.1839 0.0799 0.9797
vn 0.2999 0.1063 0.9480
vn 0.7787 0.3363 0.5296
vn 0.4272 -0.0152 0.9040
vn 0.4879 -0.2038 0.8488
vn 0.7842 -0.5115 0.3512
vn 0.7888 -0.2723 0.5510
vn 0.8414 -0.4995 0.2065
vn 0.8667 -0.4560 -0.2022
vn 0.9410 -0.2344 -0.2443
vn 0.7535 -0.1106 -0.6481
vn 0.7126 -0.3213 -0.6236
vn 0.7637 -0.3028 -0.5701
vn 0.7654 -0.2688 -0.5847
vn 0.3770 -0.6810 -0.6278
vn -0.1539 -0.9259 -0.3450
vn 0.4119 -0.7956 -0.4442
vn 0.8713 -0.2482 -0.4233
vn 0.7832 -0.1070 -0.6125
vn 0.6912 -0.3884 -0.6094
vn 0.6543 -0.4625 -0.5983
vn 0.8740 -0.4841 0.0413
vn 0.9005 -0.3340 -0.2784
vn 0.7438 -0.6408 0.1900
vn 0.7001 -0.6999 -0.1413
vn 0.8994 -0.0996 -0.4257
vn 0.4675 -0.8418 -0.2699
vn 0.3393 -0.9369 0.0846
vn 0.5651 -0.7941 0.2237
vn 0.3547 -0.9315 0.0800
vn 0.2418 -0.9575 0.1572
vn 0.5710 -0.8151 0.0978
vn 0.6356 -0.5150 0.5751
vn 0.4868 -0.8734 0.0150
vn 0.3641 -0.7791 0.5104
vn 0.0929 -0.9953 0.0262
vn 0.0019 -1.0000 -0.0041
vn 0.1980 -0.9733 -0.1159
vn -0.0439 -0.9749 -0.2183
vn 0.1107 -0.9938 0.0141
vn -0.3027 -0.9372 0.1731
vn -0.0589 -0.6207 0.7819
vn -0.3675 -0.6024 0.7085
vn -0.1045 -0.0766 0.9916
vn 0.9069 -0.4142 0.0773
vn -0.2061 0.2516 0.9456
vn -0.2983 -0.5809 0.7573
vn -0.1970 -0.6350 0.7470
vn -0.0577 -0.6882 0.7232
vn 0.1647 -0.6839 0.7108
vn -0.3195 0.0838 0.9439
vn -0.7636 -0.2701 -0.5865
vn 0.2472 -0.8058 0.5382
vn 0.3697 -0.9112 0.1817
vn 0.3335 -0.9321 0.1415
vn 0.3653 -0.8898 0.2736
vn -0.6253 -0.2827 -0.7274
vn -0.2988 -0.2628 -0.9174
vn 0.2966 -0.9506 0.0918
vn 0.3167 -0.9478 -0.0368
vn 0.3503 -0.1582 -0.9232
vn 0.5524 -0.7439 -0.3761
vn 0.4367 -0.6718 -0.5984
vn 0.4022 -0.5040 -0.7644
vn 0.3566 -0.3456 -0.8680
vn 0.3325 -0.6116 -0.7179
vn 0.1329 -0.7562 -0.6407
vn 0.0244 -0.6082 -0.7934
vn 0.3839 -0.2288 -0.8946
vn 0.5743 -0.4375 -0.6919
vn 0.3823 -0.4382 -0.8135
vn 0.2461 -0.9320 -0.2660
vn 0.3338 -0.9409 0.0576
vn 0.3578 -0.8955 0.2646
vn 0.5440 -0.5008 -0.6733
vn -0.1957 -0.7719 -0.6049
vn 0.0849 -0.3321 -0.9394
vn 0.2511 -0.9258 -0.2826
vn 0.3628 -0.9212 -0.1403
vn 0.3561 -0.9191 0.1686
vn 0.2354 -0.9481 0.2140
vn 0.2177 -0.8926 0.3949
vn 0.4670 -0.8425 0.2685
vn 0.4588 -0.8600 -0.2232
vn 0.3905 -0.8080 -0.4412
vn 0.2837 -0.7991 -0.5301
vn -0.6471 -0.7097 0.2785
vn -0.8805 -0.4589 -0.1188
vn -0.7310 -0.6786 -0.0712
vn -0.2143 -0.7386 -0.6392
vn -0.1930 -0.9740 0.1186
vn -0.3066 -0.9172 -0.2544
vn 0.1078 -0.9863 -0.1246
vn -0.2466 -0.7633 0.5972
vn -0.2342 -0.2522 0.9389
vn -0.4757 0.3658 0.8000
vn -0.1949 0.8033 0.5627
vn 0.5147 -0.2245 0.8275
vn 0.6718 -0.0697 -0.7375
vn -0.1710 -0.9535 -0.2483
vn -0.0436 -0.9590 -0.2801
vn -0.1373 -0.8285 -0.5429
vn -0.2147 -0.8221 -0.5274
vn 0.2138 0.0229 -0.9766
vn 0.2641 0.9072 -0.3273
vn 0.1255 -0.7188 -0.6838
vn -0.1922 0.2282 -0.9545
vn 0.1119 -0.3259 -0.9388
vn 0.3020 -0.5856 -0.7522
vn 0.3017 -0.6872 -0.6609
vn 0.2242 -0.7075 -0.6702
vn 0.6466 -0.7627 -0.0095
vn 0.5772 -0.8163 0.0239
vn 0.6311 -0.7339 -0.2511
vn 0.5805 -0.6888 -0.4343
vn 0.2631 -0.6628 -0.7011
vn -0.0317 -0.6487 -0.7604
vn -0.3031 -0.6757 -0.6720
vn -0.5792 -0.7329 -0.3569
vn -0.5815 -0.8127 -0.0362
vn -0.3407 -0.9379 -0.0660
vn -0.2546 -0.9604 -0.1134
vn -0.3060 -0.6437 0.7015
vn 0.0277 -0.3175 0.9479
vn -0.2828 -0.0359 0.9585
vn 0.1846 -0.5153 0.8369
vn -0.0090 -0.1690 0.9856
vn 0.1109 -0.5032 0.8570
vn -0.2733 -0.1559 0.9492
vn -0.6028 0.6136 0.5101
vn -0.5562 0.6833 0.4729
vn 0.0680 -0.5929 0.8024
vn 0.1379 -0.2912 0.9467
vn -0.2226 -0.3733 0.9006
vn -0.1806 -0.9834 -0.0145
vn -0.1649 -0.9271 0.3367
vn 0.4920 -0.8661 0.0883
vn 0.0548 -0.9216 0.3843
vn -0.1628 -0.9596 -0.2296
vn 0.2919 -0.9564 -0.0042
vn 0.2529 -0.9022 -0.3494
vn 0.4500 -0.8929 -0.0129
vn 0.5848 -0.7947 0.1628
vn 0.4879 -0.6206 0.6138
vn 0.5113 -0.6038 0.6116
vn 0.5733 -0.7240 0.3837
vn 0.5535 -0.8194 0.1493
vn 0.5409 -0.8410 0.0112
vn 0.4807 -0.8177 -0.3167
vn 0.6100 -0.7571 -0.2338
vn 0.6728 -0.7362 -0.0730
vn 0.6909 -0.7192 0.0735
vn 0.5447 -0.7794 0.3096
vn 0.7292 -0.6611 -0.1766
vn -0.4411 -0.2148 0.8714
vn -0.5887 -0.2195 0.7780
vn -0.4649 -0.8461 -0.2606
vn -0.0973 -0.9230 -0.3723
vn -0.4178 -0.8559 -0.3047
vn -0.3838 -0.9164 -0.1134
vn -0.3664 -0.9305 0.0005
vn -0.3393 -0.9341 -0.1110
vn -0.3997 -0.8722 0.2818
vn -0.2791 -0.9602 -0.0091
vn -0.8244 -0.4481 0.3458
vn -0.8531 -0.3502 0.3867
vn -0.4839 -0.6044 0.6329
vn -0.7358 -0.6743 -0.0629
vn -0.2476 -0.9301 0.2713
vn -0.2615 -0.9601 0.0994
vn -0.3180 -0.8666 0.3846
vn -0.3773 -0.9206 0.1009
vn -0.3475 -0.8230 0.4494
vn -0.5092 -0.5273 0.6803
vn -0.2234 -0.7800 0.5846
vn -0.0979 -0.9391 0.3295
vn -0.6401 -0.7165 0.2772
vn -0.5660 -0.7330 0.3774
vn -0.7277 -0.4567 0.5117
vn -0.8215 -0.4864 0.2977
vn -0.5473 -0.7505 0.3705
vn -0.5725 -0.7617 0.3033
vn -0.2798 -0.8048 -0.5235
vn -0.2630 -0.8306 -0.4909
vn -0.5935 -0.5792 -0.5589
vn -0.1224 -0.9077 -0.4014
vn -0.2538 -0.9469 -0.1973
vn -0.3413 -0.9377 -0.0645
vn -0.3666 -0.9269 0.0799
vn -0.5376 -0.6786 -0.5005
vn -0.2245 -0.9673 -0.1182
vn -0.0629 -0.9571 -0.2828
vn 0.4624 -0.6504 -0.6027
vn 0.2688 -0.4372 -0.8583
vn 0.3021 -0.8149 -0.4947
vn 0.4570 -0.8418 -0.2872
vn -0.2870 -0.9411 -0.1790
vn -0.4821 -0.8546 0.1930
vn -0.7335 -0.6724 -0.0996
vn -0.0331 -0.9284 0.3700
vn -0.0742 -0.9898 0.1214
vn -0.5364 -0.8392 0.0898
vn -0.8976 -0.4407 0.0136
vn -0.5189 -0.8523 -0.0660
vn 0.1408 -0.9884 -0.0570
vn -0.2398 -0.9474 -0.2119
vn -0.0024 -0.9547 -0.2975
vn -0.0866 -0.9367 -0.3394
vn -0.1497 -0.7922 -0.5916
vn -0.3298 -0.9217 -0.2040
vn -0.2622 -0.7988 -0.5414
vn -0.0612 -0.7992 -0.5980
vn -0.1669 -0.9075 -0.3855
vn -0.1535 -0.8007 -0.5790
vn -0.2233 -0.9461 -0.2346
vn 0.0371 -0.8824 -0.4691
vn -0.1541 -0.9077 -0.3903
vn -0.2265 -0.9224 -0.3129
vn -0.3075 -0.9093 -0.2802
vn -0.3715 -0.9284 -0.0002
vn -0.3474 -0.9267 -0.1433
vn -0.0787 -0.9513 -0.2979
vn -0.7687 -0.6392 0.0233
vn -0.3849 -0.9208 0.0625
vn 0.1813 -0.9655 -0.1869
vn -0.1053 -0.9682 -0.2269
vn 0.2807 -0.6259 0.7276
vn 0.4100 -0.5930 0.6930
vn 0.3782 -0.6995 0.6063
vn 0.2036 -0.5617 0.8019
vn 0.0200 -0.6005 0.7994
vn 0.2625 -0.5459 0.7957
vn 0.0363 -0.2463 0.9685
vn 0.6267 0.7779 0.0454
vn 0.6309 0.6669 0.3965
vn 0.8061 0.2235 0.5479
vn 0.5385 0.4903 0.6853
vn 0.9397 0.1946 0.2811
vn 0.7774 0.0338 0.6281
vn 0.7640 0.2754 0.5835
vn 0.7789 -0.1574 0.6071
vn 0.9339 -0.1562 0.3216
vn 0.7939 -0.5430 0.2737
vn 0.8590 -0.0741 0.5066
vn 0.6272 -0.6344 0.4519
vn 0.8863 -0.4237 0.1869
vn 0.9465 -0.0310 0.3213
vn 0.9951 0.0234 -0.0959
vn 0.9247 0.3402 -0.1709
vn 0.8172 0.5025 -0.2822
vn 0.9685 0.0266 0.2474
vn 0.9381 0.2926 -0.1854
vn 0.8695 -0.2753 -0.4101
vn 0.7968 -0.5217 0.3050
vn 0.8441 -0.0130 0.5360
vn 0.8036 -0.1687 0.5708
vn 0.7397 -0.1297 0.6603
vn 0.6541 -0.5473 0.5221
vn 0.6411 -0.0895 0.7622
vn 0.4401 -0.6148 0.6545
vn 0.4508 -0.1705 0.8762
vn 0.0936 -0.6129 0.7846
vn 0.5326 -0.0717 0.8433
vn 0.6713 0.0653 0.7383
vn 0.6089 -0.4289 0.6673
vn -0.2169 0.1563 0.9636
vn -0.1325 -0.1604 0.9781
vn 0.5091 -0.1284 0.8511
vn 0.2470 -0.1465 0.9579
vn 0.6885 -0.3955 0.6078
vn 0.6231 -0.3061 0.7198
vn 0.1379 0.5596 0.8172
vn 0.1354 0.9675 -0.2136
vn -0.0355 0.2059 -0.9779
vn -0.1978 -0.8302 -0.5212
vn -0.0686 -0.7460 -0.6624
vn -0.3762 0.4550 0.8071
vn -0.2486 0.2617 0.9326
vn -0.0323 0.2610 0.9648
vn -0.3112 -0.4547 0.8345
vn -0.7540 0.1973 0.6265
vn -0.5045 -0.3584 0.7855
vn -0.6278 0.2234 0.7456
vn -0.6580 -0.3312 0.6763
vn -0.9845 -0.0566 0.1661
vn -0.6919 0.2080 0.6913
vn -0.6685 0.4426 0.5977
vn -0.8799 0.3376 0.3343
vn -0.8084 -0.0816 0.5830
vn -0.3523 -0.7235 0.5936
vn -0.6549 -0.5889 0.4737
vn -0.8758 -0.0339 0.4815
vn -0.5278 -0.8370 0.1445
vn -0.8461 -0.1200 0.5193
vn -0.8718 -0.2170 0.4391
vn -0.9240 -0.3552 0.1419
vn -0.8347 -0.2940 0.4657
vn -0.8460 0.2456 0.4733
vn -0.6706 -0.6891 0.2747
vn -0.9854 -0.0313 0.1673
vn -0.6954 0.5956 0.4020
vn -0.6739 -0.2785 0.6843
vn -0.7198 -0.4549 0.5244
vn -0.8269 0.4807 0.2917
vn -0.7936 -0.5021 0.3438
vn -0.9179 0.2857 0.2753
vn -0.8267 -0.5542 0.0975
vn -0.9528 -0.1792 0.2452
vn -0.7880 -0.4721 -0.3952
vn -0.6475 -0.5838 -0.4898
vn -0.6498 -0.7118 0.2666
vn -0.3778 -0.8059 0.4559
vn -0.0393 -0.9418 0.3340
vn -0.0669 -0.9761 0.2069
vn -0.1885 -0.8955 0.4032
vn -0.3552 -0.8884 0.2908
vn -0.3161 -0.9069 0.2787
vn -0.1095 -0.9602 0.2571
vn -0.3759 -0.9234 0.0774
vn 0.3568 -0.8598 0.3653
vn 0.7677 -0.4768 0.4282
vn 0.1091 -0.3910 -0.9139
vn 0.0075 -0.2855 -0.9583
vn 0.8856 -0.0176 0.4641
vn 0.1743 -0.5018 -0.8472
vn 0.1270 -0.9001 0.4168
vn -0.4237 -0.8748 0.2350
vn -0.1885 -0.9768 0.1012
vn -0.4339 -0.8952 0.1021
vn -0.7260 -0.6857 0.0526
vn -0.1104 -0.9262 0.3604
vn -0.3365 -0.9035 0.2654
vn -0.2658 -0.9180 0.2944
vn -0.1969 -0.8889 0.4136
vn -0.1661 -0.9014 0.3998
vn -0.1570 -0.7772 0.6093
vn -0.2608 -0.8429 0.4706
vn -0.2021 -0.8168 0.5403
vn -0.1353 -0.8123 0.5673
vn -0.2143 -0.8026 0.5566
vn -0.3841 -0.8076 0.4475
vn -0.3390 -0.7691 0.5418
vn -0.3208 -0.7892 0.5237
vn -0.2705 -0.8992 0.3440
vn -0.3865 -0.8308 0.4005
vn -0.2618 -0.9056 0.3336
vn -0.2914 -0.8879 0.3559
vn -0.2372 -0.9692 0.0669
vn -0.4395 -0.7407 -0.5081
vn -0.3677 -0.8525 0.3716
vn -0.2623 -0.9393 0.2210
vn -0.2621 -0.5560 -0.7888
vn -0.0063 -0.9721 -0.2345
vn -0.3664 -0.9301 0.0242
vn -0.2233 -0.9575 0.1825
vn -0.2779 -0.8452 -0.4566
vn -0.2428 -0.7182 -0.6521
vn -0.0517 -0.9905 -0.1276
vn -0.1440 -0.5571 -0.8179
vn -0.0038 -0.0895 0.9960
vn -0.3122 -0.8331 0.4567
vn -0.0518 -0.8555 0.5151
vn -0.2318 -0.2769 0.9325
vn -0.3953 -0.8797 -0.2642
vn -0.1921 -0.9353 -0.2973
vn -0.4282 -0.8871 0.1723
vn -0.1102 -0.5409 0.8338
vn -0.1184 -0.7450 0.6564
vn -0.1809 -0.9824 -0.0469
vn -0.3694 -0.8850 -0.2833
vn -0.1561 -0.9289 -0.3359
vn -0.0361 -0.7368 -0.6751
vn -0.2223 -0.8668 -0.4463
vn -0.2221 -0.7455 -0.6284
vn -0.2237 -0.7704 -0.5970
vn -0.1957 -0.8321 -0.5190
vn -0.1910 -0.7362 -0.6493
vn -0.1803 -0.6984 -0.6927
vn 0.5927 0.6723 -0.4435
vn 0.4465 0.7732 -0.4503
vn -0.2604 -0.6878 0.6776
vn 0.2913 -0.7570 0.5849
vn 0.6327 -0.7525 0.1827
vn 0.6268 -0.7494 -0.2133
vn 0.8797 -0.4755 -0.0080
vn 0.3758 -0.8950 -0.2402
vn 0.3050 -0.6967 -0.6493
vn 0.6514 -0.6373 -0.4117
vn 0.4947 -0.6864 -0.5330
vn 0.6656 -0.5960 -0.4491
vn 0.3228 -0.4546 -0.8302
vn 0.5677 -0.1072 -0.8162
vn 0.6737 0.4392 -0.5943
vn 0.5866 -0.4989 -0.6379
vn 0.7645 0.3863 -0.5161
vn 0.7600 -0.2365 -0.6053
vn 0.6746 0.2660 0.6886
vn 0.7138 -0.3150 0.6255
vn 0.7712 -0.6263 -0.1140
vn 0.7095 -0.6563 -0.2568
vn 0.6187 -0.7338 -0.2805
vn 0.4580 -0.8691 -0.1869
vn 0.6092 -0.6053 0.5123
vn 0.3738 -0.8094 0.4530
vn 0.2840 -0.7725 -0.5679
vn 0.4925 -0.8671 0.0745
vn 0.3505 -0.4857 -0.8008
vn 0.3666 -0.7123 -0.5986
vn 0.3625 -0.6558 0.6622
vn 0.4164 -0.4375 0.7970
vn 0.1255 -0.8559 0.5017
vn 0.6534 -0.6862 0.3196
vn 0.5611 -0.1843 0.8070
vn 0.9109 -0.2895 0.2939
vn 0.6089 0.3018 0.7336
vn 0.7811 -0.5707 0.2532
vn 0.7316 -0.6371 0.2426
vn 0.7318 -0.6453 0.2192
vn 0.3895 -0.7632 0.5155
vn 0.8538 -0.5137 0.0849
vn 0.8294 -0.5427 0.1326
vn 0.9611 -0.2368 -0.1422
vn 0.9916 0.0428 -0.1218
vn 0.9352 0.2726 0.2261
vn 0.8903 -0.4275 0.1568
vn 0.8800 -0.4502 -0.1514
vn 0.9276 -0.3602 -0.0988
vn 0.7256 -0.6809 -0.0995
vn 0.6404 0.5114 -0.5731
vn 0.8615 -0.2215 -0.4569
vn 0.7785 -0.2659 -0.5685
vn 0.5591 0.5553 -0.6156
vn 0.7840 0.3083 -0.5388
vn 0.8867 0.3400 -0.3134
vn 0.7428 0.2671 -0.6139
vn 0.8314 -0.5531 -0.0536
vn 0.9859 0.1454 -0.0827
vn 0.6784 -0.6359 -0.3679
vn 0.8665 -0.4835 -0.1242
vn 0.8000 0.2758 -0.5329
vn 0.9271 0.3345 -0.1692
vn 0.5408 0.5461 -0.6398
vn 0.3182 0.3364 -0.8863
vn -0.2606 0.8597 -0.4392
vn -0.6710 0.6941 -0.2609
vn -0.5773 0.7023 -0.4165
vn -0.2560 0.9414 -0.2196
vn 0.6977 -0.5117 -0.5015
vn 0.7856 -0.2950 -0.5438
vn 0.7038 -0.5182 -0.4859
vn 0.4541 0.5718 -0.6833
vn 0.6076 0.0342 -0.7935
vn 0.5196 -0.6642 -0.5374
vn 0.7248 0.1386 -0.6749
vn 0.5309 0.6840 -0.5003
vn 0.1865 0.6464 -0.7398
vn 0.2895 -0.0495 -0.9559
vn -0.2217 0.6703 -0.7082
vn 0.5118 0.6701 -0.5375
vn -0.3898 0.7439 -0.5428
vn 0.0478 0.9031 -0.4267
vn 0.0896 -0.2559 -0.9625
vn -0.0012 0.3634 -0.9316
vn -0.5060 -0.3097 -0.8050
vn -0.5222 0.3927 -0.7570
vn 0.1157 0.1686 -0.9789
vn 0.5380 -0.0667 -0.8403
vn 0.3909 0.0952 -0.9155
vn 0.3907 -0.6944 -0.6042
vn -0.0128 -0.5713 -0.8206
vn -0.5277 -0.5484 -0.6487
vn -0.1236 0.0326 -0.9918
vn -0.4551 0.3686 -0.8106
vn -0.6166 0.4903 -0.6160
vn 0.1781 0.2580 -0.9496
vn -0.4523 -0.4355 -0.7783
vn 0.2454 -0.5216 -0.8171
vn -0.2970 -0.7780 -0.5537
vn 0.6056 0.0703 -0.7926
vn 0.4291 0.4644 -0.7747
vn 0.4976 -0.3597 -0.7893
vn 0.6133 -0.3167 -0.7236
vn 0.6777 -0.5922 -0.4360
vn 0.5126 -0.5418 -0.6661
vn 0.3030 -0.8305 -0.4674
vn 0.1120 -0.7741 -0.6230
vn 0.5018 -0.8216 -0.2705
vn 0.0836 -0.9923 -0.0917
vn 0.3117 -0.9494 -0.0375
vn 0.6036 -0.6926 -0.3949
vn 0.5780 -0.7197 -0.3847
vn 0.3542 -0.9187 -0.1747
vn 0.6637 -0.7480 0.0014
vn 0.2366 -0.9212 0.3088
vn 0.6623 -0.5935 -0.4573
vn 0.6271 -0.7354 -0.2568
vn -0.6574 -0.7147 -0.2388
vn -0.7127 -0.5887 -0.3814
vn -0.8684 -0.3139 -0.3839
vn -0.8339 0.5222 -0.1789
vn -0.8883 0.4526 -0.0779
vn -0.9745 0.0518 -0.2183
vn -0.9085 -0.3839 0.1647
vn -0.6650 -0.5462 0.5094
vn -0.6011 -0.5921 -0.5367
vn -0.8924 -0.4215 -0.1612
vn -0.9004 0.0211 -0.4345
vn -0.8367 0.4924 -0.2400
vn -0.7350 -0.6091 -0.2979
vn -0.4200 -0.7285 -0.5412
vn -0.3202 -0.7041 -0.6338
vn -0.5521 -0.7477 -0.3690
vn -0.4938 -0.4532 -0.7421
vn -0.4557 -0.4661 -0.7583
vn -0.5626 -0.7524 -0.3425
vn -0.7760 -0.5917 -0.2186
vn -0.7831 0.1231 -0.6096
vn -0.8571 0.0051 -0.5152
vn -0.9737 0.1384 -0.1808
vn -0.6213 0.0089 -0.7835
vn -0.7775 0.0271 -0.6283
vn -0.8808 -0.0808 -0.4666
vn -0.7209 -0.6879 -0.0842
vn -0.7937 -0.3785 -0.4762
vn -0.7829 0.2460 -0.5715
vn -0.6893 0.4503 -0.5675
vn -0.5701 0.4051 -0.7148
vn -0.8358 0.2728 -0.4764
vn -0.4664 0.4850 -0.7397
vn -0.7015 0.3390 -0.6269
vn -0.6029 -0.7973 0.0271
vn -0.6497 -0.3469 -0.6764
vn 0.4250 -0.8440 0.3273
vn -0.4671 -0.8680 0.1686
vn -0.6749 -0.5132 0.5303
vn -0.4267 -0.8808 0.2054
vn -0.5791 -0.7234 0.3760
vn -0.2977 -0.7893 0.5370
vn 0.1221 -0.8387 0.5307
vn 0.5248 -0.7576 0.3880
vn 0.3717 -0.9283 -0.0120
vn -0.0228 -0.9997 -0.0076
vn -0.2968 -0.9243 0.2398
vn 0.1990 -0.9680 0.1526
vn -0.1054 -0.9839 0.1444
vn -0.0417 -0.9517 -0.3042
vn 0.2341 -0.9401 0.2477
vn 0.5199 -0.8361 -0.1749
vn -0.3515 -0.3965 -0.8481
vn -0.4861 -0.8647 -0.1264
vn -0.5615 -0.7246 -0.3996
vn 0.8888 -0.2492 0.3847
vn 0.1733 -0.0368 -0.9842
vn -0.5301 -0.2051 -0.8228
vn -0.3215 -0.6940 -0.6443
vn -0.9096 -0.3650 -0.1987
vn -0.5957 -0.7878 -0.1565
vn -0.7657 -0.3705 0.5258
vn -0.3748 -0.7580 0.5338
vn -0.3658 -0.2574 0.8944
vn -0.6271 -0.6900 0.3614
vn 0.2810 -0.2112 0.9362
vn -0.5235 -0.1615 0.8366
vn 0.3201 -0.1072 0.9413
vn 0.9631 -0.0236 0.2682
vn 0.8695 0.0237 -0.4933
vn 0.7648 -0.1355 -0.6299
vn 0.1065 -0.0145 -0.9942
vn -0.6990 -0.1241 -0.7043
vn -0.9707 -0.2016 -0.1309
vn -0.8826 -0.2036 0.4238
vn -0.9402 -0.1063 0.3235
vn -0.8911 -0.2084 0.4032
vn 0.2313 -0.1262 0.9647
vn 0.9673 -0.0374 0.2507
vn 0.8922 0.0077 -0.4515
vn 0.0335 -0.0245 -0.9991
vn -0.9254 -0.1858 -0.3303
vn -0.9892 -0.0940 -0.1123
vn -0.9271 -0.3157 0.2021
vn -0.9253 -0.2976 -0.2349
vn -0.1888 -0.3779 -0.9064
vn 0.2294 -0.9534 0.1962
vn 0.1815 -0.8329 -0.5229
vn -0.1117 -0.5142 0.8504
vn -0.3680 -0.8681 0.3332
vn -0.4298 -0.7201 0.5447
vn -0.5088 -0.3586 0.7826
vn -0.4232 0.6306 0.6505
vn -0.4595 -0.1321 0.8783
vn -0.7103 0.5230 0.4711
vn -0.3072 0.5617 0.7682
vn -0.8477 -0.2203 0.4826
vn -0.7599 0.6479 0.0516
vn -0.9673 -0.2459 0.0624
vn -0.8222 0.4803 -0.3054
vn -0.9128 -0.2904 -0.2870
vn -0.6029 0.4807 -0.6367
vn -0.7054 -0.2621 -0.6586
vn -0.6376 -0.3630 -0.6795
vn -0.5447 -0.8113 -0.2124
vn -0.5225 -0.6097 -0.5960
vn -0.2916 -0.8376 -0.4619
vn -0.3156 -0.8154 -0.4854
vn -0.3143 -0.8531 0.4165
vn -0.6027 -0.6974 0.3877
vn -0.4567 -0.8786 -0.1398
vn -0.5813 -0.6780 -0.4500
vn -0.7498 -0.5653 -0.3439
vn -0.7105 -0.6994 -0.0777
vn -0.8434 -0.5373 -0.0015
vn -0.7253 -0.5407 0.4262
vn 0.6665 -0.4655 0.5823
vn -0.0028 -0.4795 0.8775
vn -0.0738 -0.8976 0.4347
vn 0.5821 -0.7990 -0.1509
vn 0.7538 -0.6544 0.0599
vn 0.0593 -0.9982 -0.0032
vn -0.5007 -0.8656 0.0040
vn 0.0772 -0.9640 -0.2545
vn 0.4160 0.8623 -0.2886
vn 0.4050 0.7316 0.5484
vn 0.3592 0.8581 0.3670
vn 0.7289 0.6785 0.0914
vn 0.1369 0.9873 -0.0802
vn -0.0561 0.9984 0.0048
vn -0.3226 0.8965 0.3037
vn -0.1716 0.9852 -0.0056
vn -0.0931 0.9949 0.0388
vn -0.1350 -0.8641 -0.4849
vn 0.0278 -0.6477 -0.7614
vn -0.1029 -0.9894 -0.1025
vn -0.0555 -0.8192 -0.5708
vn -0.1367 -0.9899 -0.0380
vn -0.2104 -0.9774 0.0212
vn -0.0370 -0.8678 -0.4955
vn -0.1230 -0.9899 -0.0705
vn 0.0355 -0.8974 -0.4397
vn 0.0266 -0.7856 -0.6181
vn 0.1861 -0.8790 -0.4389
vn 0.2061 -0.9335 -0.2934
vn -0.1553 -0.9508 0.2681
vn 0.1756 -0.9501 0.2580
vn 0.0529 -0.5015 0.8635
vn 0.0950 -0.4120 0.9062
vn 0.2065 -0.9359 0.2853
vn 0.1840 -0.9642 -0.1912
vn 0.1905 -0.9653 -0.1787
vn 0.4636 -0.7379 0.4904
vn 0.4894 -0.8718 -0.0227
vn 0.1158 -0.9497 -0.2909
vn 0.2484 -0.9681 0.0331
vn 0.1418 -0.9417 -0.3051
vn 0.0109 -0.9807 0.1953
vn 0.1887 -0.2113 0.9590
vn 0.3832 -0.5477 0.7438
vn 0.1235 -0.0517 0.9910
vn 0.0572 0.0069 0.9983
vn -0.1760 -0.0881 0.9804
vn 0.0426 -0.3793 0.9243
vn 0.1523 -0.3872 0.9093
vn 0.0345 -0.7641 -0.6442
vn 0.0636 -0.7693 -0.6357
vn 0.1705 -0.9114 -0.3745
vn 0.5159 -0.8358 -0.1876
vn 0.5776 -0.8158 0.0308
vn 0.6442 -0.7602 0.0839
vn -0.9644 -0.1617 -0.2091
vn -0.0485 0.4765 0.8778
vn -0.6175 0.4840 0.6200
vn -0.0701 0.6680 0.7408
vn -0.4966 0.7002 0.5130
vn -0.8408 -0.2249 -0.4924
vn -0.6571 -0.6806 -0.3242
vn -0.1348 -0.6795 0.7212
vn -0.4983 -0.0265 0.8666
vn -0.0041 -0.8050 0.5933
vn 0.0217 -0.7972 0.6033
vn 0.1500 -0.3124 0.9380
vn 0.1557 -0.4870 0.8594
vn 0.0496 -0.0598 0.9970
vn 0.0217 -0.0289 0.9993
vn 0.0505 0.0808 0.9954
vn 0.4541 0.0215 0.8907
vn 0.0016 -0.0539 0.9985
vn -0.0202 0.1078 0.9940
vn -0.1591 -0.1716 0.9722
vn -0.0659 -0.2888 0.9551
vn -0.0024 -0.0874 0.9962
vn 0.0184 -0.0821 0.9965
vn 0.0302 -0.1070 0.9938
vn -0.0034 -0.0818 0.9966
vn 0.0225 -0.0451 0.9987
vn 0.1052 0.0174 0.9943
vn 0.0573 -0.0819 0.9950
vn -0.2916 -0.9536 -0.0751
vn -0.3542 -0.9173 0.1819
vn 0.0763 -0.8024 0.5919
vn 0.5085 -0.8127 0.2846
vn 0.6158 -0.4691 0.6331
vn -0.9917 -0.0340 0.1238
vn -0.4602 -0.7144 0.5271
vn 0.3996 -0.5467 0.7358
vn -0.0048 -0.9690 0.2471
vn 0.2225 -0.9610 0.1645
vn 0.0832 -0.9842 -0.1560
vn 0.5370 -0.7858 0.3068
vn 0.6025 -0.7954 -0.0650
vn 0.1095 -0.9936 0.0277
vn 0.4256 -0.9045 0.0276
vn 0.5399 -0.5845 -0.6058
vn 0.5898 -0.7727 -0.2346
vn 0.1214 -0.2589 -0.9583
vn 0.3580 -0.1762 -0.9169
vn 0.6576 -0.7410 -0.1356
vn 0.1825 -0.6824 -0.7078
vn -0.4798 -0.8264 -0.2947
vn -0.4350 -0.8561 -0.2790
vn 0.2566 -0.6242 0.7379
vn -0.6349 -0.7373 0.2307
vn 0.4337 -0.6220 0.6519
vn 0.3599 -0.6564 0.6631
vn -0.9177 0.3942 -0.0493
vn -0.8056 0.5789 0.1259
vn -0.8575 0.1902 -0.4780
vn -0.8619 0.3472 -0.3695
vn -0.3861 0.7299 -0.5641
vn -0.7682 0.5815 -0.2679
vn -0.4085 0.7275 -0.5512
vn -0.4294 0.7514 -0.5010
vn -0.7302 0.5116 -0.4529
vn -0.8325 0.5028 -0.2326
vn -0.6838 0.6424 -0.3460
vn -0.4054 0.7112 -0.5743
vn -0.3235 0.4547 -0.8298
vn -0.3449 -0.0566 -0.9369
vn -0.6837 -0.0495 -0.7281
vn -0.6060 0.2189 -0.7647
vn -0.8766 0.2294 -0.4230
vn -0.9060 0.3839 -0.1785
vn -0.8448 0.1153 -0.5225
vn -0.2726 -0.3665 -0.8896
vn -0.0036 -0.4718 -0.8817
vn -0.3055 -0.2756 -0.9115
vn -0.6598 -0.0868 -0.7464
vn -0.0668 -0.4512 -0.8899
vn 0.0526 -0.4198 -0.9061
vn 0.1545 -0.5316 -0.8328
vn 0.1280 -0.4390 -0.8893
vn 0.1845 -0.5112 -0.8394
vn 0.0158 -0.4907 -0.8712
vn -0.1991 -0.5446 -0.8147
vn -0.1589 -0.4715 -0.8674
vn -0.0899 -0.2129 -0.9729
vn -0.1526 -0.2028 -0.9672
vn 0.0051 -0.2112 -0.9774
vn 0.2115 -0.3315 -0.9194
vn 0.1149 -0.2008 -0.9729
vn 0.0308 -0.2582 -0.9656
vn 0.1021 0.3719 -0.9226
vn 0.4072 0.2234 -0.8856
vn 0.3265 0.2342 -0.9157
vn 0.7187 0.4964 -0.4869
vn 0.3799 -0.0110 -0.9250
vn 0.0390 -0.0500 -0.9980
vn -0.0532 0.0113 -0.9985
vn -0.0445 0.0128 -0.9989
vn -0.0978 0.0352 -0.9946
vn -0.0458 0.0355 -0.9983
vn 0.1835 0.3144 -0.9314
vn 0.0196 0.2390 -0.9708
vn 0.0426 -0.0679 0.9968
vn -0.0723 0.0143 0.9973
vn -0.0372 0.1827 0.9825
vn 0.0244 -0.0215 0.9995
vn -0.1470 0.0950 0.9846
vn -0.1350 -0.0098 0.9908
vn -0.2789 -0.0017 0.9603
vn -0.0571 -0.1357 0.9891
vn 0.0532 -0.1605 0.9856
vn -0.0849 -0.0752 0.9935
vn -0.0794 -0.0627 0.9949
vn 0.0105 0.0362 0.9993
vn 0.0020 -0.0231 0.9997
vn 0.0405 -0.0775 0.9962
vn 0.0496 -0.0688 0.9964
vn 0.0266 -0.0170 0.9995
vn 0.0176 0.0342 -0.9993
vn -0.0165 0.1498 -0.9886
vn 0.1753 0.2547 -0.9510
vn -0.0000 0.1047 -0.9945
vn -0.0624 0.2720 -0.9603
vn 0.0662 0.3449 -0.9363
vn -0.0824 0.4363 -0.8960
vn -0.2269 0.4657 -0.8554
vn -0.6424 0.4559 -0.6160
vn 0.1559 0.5655 -0.8098
vn 0.0132 0.4109 -0.9116
vn -0.1443 0.4158 -0.8979
vn -0.6110 0.2317 -0.7570
vn -0.2268 0.1850 -0.9562
vn -0.0435 0.2605 -0.9645
vn -0.0003 0.2180 -0.9759
vn 0.0071 0.1212 -0.9926
vn 0.0264 0.0784 -0.9966
vn -0.0190 0.0634 -0.9978
vn -0.1374 0.0886 -0.9865
vn -0.1063 -0.0383 -0.9936
vn -0.0560 -0.1131 -0.9920
vn -0.3978 0.2066 -0.8939
vn -0.2072 0.2132 -0.9548
vn -0.5350 0.1914 -0.8229
vn -0.5444 -0.0697 -0.8359
vn -0.2683 -0.0506 -0.9620
vn -0.2518 0.0250 -0.9675
vn -0.2174 -0.0819 -0.9726
vn 0.1213 0.3942 -0.9110
vn 0.1151 0.0511 -0.9920
vn -0.1481 0.1058 -0.9833
vn -0.3749 0.0195 -0.9269
vn -0.5948 0.2814 -0.7530
vn 0.0862 0.1771 -0.9804
vn -0.2626 -0.0636 -0.9628
vn 0.0362 0.0319 -0.9988
vn -0.0370 -0.0415 -0.9985
vn -0.3033 0.0508 -0.9515
vn -0.0784 0.1464 -0.9861
vn -0.1536 0.0541 -0.9866
vn -0.0291 0.0777 -0.9966
vn -0.1834 -0.0489 -0.9818
vn -0.2379 0.4270 -0.8724
vn -0.2487 0.4046 -0.8800
vn 0.0582 0.0625 -0.9963
vn -0.3350 0.2691 -0.9030
vn -0.0192 -0.0048 -0.9998
vn -0.4035 0.4424 -0.8009
vn -0.3526 0.2392 -0.9047
vn -0.1157 0.5168 -0.8483
vn -0.0497 0.2598 -0.9644
vn -0.0496 0.0813 -0.9955
vn -0.0407 0.1065 -0.9935
vn -0.0140 0.1461 -0.9892
vn 0.0227 0.0749 -0.9969
vn -0.2003 0.0741 -0.9769
vn -0.2018 -0.0243 -0.9791
vn -0.1492 0.1269 -0.9806
vn -0.0744 0.0351 -0.9966
vn -0.0987 0.0828 -0.9917
vn -0.0553 -0.0149 -0.9984
vn -0.1004 -0.0629 -0.9930
vn -0.0747 -0.0000 -0.9972
vn -0.0224 0.0134 -0.9997
vn -0.0694 0.0651 -0.9955
vn 0.0034 0.0063 -1.0000
vn -0.0170 0.0896 -0.9958
vn -0.5953 -0.7785 -0.1987
vn -0.1113 -0.9511 -0.2880
vn 0.3890 -0.9199 0.0490
vn 0.2456 0.5466 -0.8006
vn -0.3987 -0.5738 -0.7154
vn 0.6091 0.0379 -0.7922
vt 0.188709 0.773422
vt 0.190552 0.755386
vt 0.180278 0.760591
vt 0.178165 0.780154
vt 0.165441 0.774626
vt 0.170274 0.768970
vt 0.161771 0.786684
vt 0.170737 0.786567
vt 0.159993 0.776328
vt 0.150999 0.781337
vt 0.151355 0.775154
vt 0.145478 0.783716
vt 0.133508 0.782335
vt 0.140638 0.795624
vt 0.126969 0.795848
vt 0.120229 0.785658
vt 0.125503 0.796579
vt 0.114787 0.789001
vt 0.197617 0.767067
vt 0.200207 0.750929
vt 0.214118 0.754261
vt 0.208669 0.745781
vt 0.217019 0.741454
vt 0.221597 0.748618
vt 0.226516 0.739983
vt 0.237026 0.740386
vt 0.230390 0.745795
vt 0.245025 0.738050
vt 0.234185 0.734780
vt 0.237966 0.743699
vt 0.231633 0.748172
vt 0.223448 0.751880
vt 0.217858 0.757982
vt 0.206102 0.761483
vt 0.201385 0.771663
vt 0.214041 0.764181
vt 0.196875 0.774268
vt 0.180188 0.787927
vt 0.172343 0.795213
vt 0.171123 0.789891
vt 0.174404 0.798232
vt 0.186181 0.794770
vt 0.179990 0.809818
vt 0.180418 0.799184
vt 0.168769 0.805482
vt 0.168548 0.810261
vt 0.170745 0.808106
vt 0.175735 0.818008
vt 0.169642 0.814527
vt 0.182518 0.810905
vt 0.180133 0.818004
vt 0.162248 0.805284
vt 0.161137 0.795173
vt 0.162093 0.788404
vt 0.153778 0.795229
vt 0.152779 0.805291
vt 0.161528 0.812168
vt 0.156965 0.818666
vt 0.156373 0.818326
vt 0.160365 0.826800
vt 0.164020 0.825512
vt 0.154837 0.827986
vt 0.139351 0.827524
vt 0.143187 0.838017
vt 0.138887 0.828464
vt 0.141099 0.816789
vt 0.140276 0.815935
vt 0.150159 0.821348
vt 0.147082 0.814898
vt 0.141372 0.809925
vt 0.136378 0.805175
vt 0.139130 0.813101
vt 0.127615 0.809834
vt 0.128770 0.816626
vt 0.134275 0.805906
vt 0.143951 0.801195
vt 0.154003 0.795812
vt 0.156161 0.805145
vt 0.149846 0.785564
vt 0.154438 0.785886
vt 0.152204 0.784674
vt 0.155533 0.786508
vt 0.127212 0.779595
vt 0.124863 0.784667
vt 0.140597 0.776163
vt 0.137279 0.774080
vt 0.150785 0.770957
vt 0.161386 0.770829
vt 0.168320 0.766850
vt 0.170649 0.763105
vt 0.115500 0.781974
vt 0.120605 0.779176
vt 0.110846 0.774936
vt 0.113528 0.760687
vt 0.120179 0.772761
vt 0.127321 0.763263
vt 0.129028 0.770794
vt 0.128399 0.758835
vt 0.133208 0.766237
vt 0.130333 0.757737
vt 0.137317 0.755961
vt 0.139434 0.765160
vt 0.142074 0.770220
vt 0.146660 0.766688
vt 0.144395 0.754442
vt 0.154949 0.768127
vt 0.159498 0.765930
vt 0.165230 0.761372
vt 0.174665 0.753617
vt 0.179973 0.755302
vt 0.189686 0.749212
vt 0.200569 0.744771
vt 0.212329 0.738056
vt 0.226463 0.734805
vt 0.219188 0.736355
vt 0.237278 0.728123
vt 0.245067 0.731331
vt 0.243753 0.725064
vt 0.225055 0.732599
vt 0.215309 0.733380
vt 0.207379 0.733753
vt 0.200268 0.738914
vt 0.186162 0.745640
vt 0.151488 0.754649
vt 0.154839 0.754450
vt 0.163897 0.745036
vt 0.157827 0.749908
vt 0.175667 0.737329
vt 0.166988 0.728008
vt 0.166161 0.738329
vt 0.174950 0.714657
vt 0.177520 0.727673
vt 0.166426 0.716613
vt 0.171791 0.704171
vt 0.162592 0.704121
vt 0.170525 0.695892
vt 0.163617 0.698372
vt 0.167663 0.727084
vt 0.164100 0.716246
vt 0.164734 0.737229
vt 0.163416 0.741966
vt 0.156373 0.747798
vt 0.152409 0.749728
vt 0.143620 0.749134
vt 0.137977 0.752482
vt 0.131013 0.751686
vt 0.182087 0.738462
vt 0.197082 0.731608
vt 0.214524 0.729936
vt 0.205125 0.728835
vt 0.223246 0.729624
vt 0.234184 0.725376
vt 0.237101 0.726771
vt 0.238294 0.718654
vt 0.241568 0.711772
vt 0.241411 0.719768
vt 0.232378 0.703955
vt 0.234928 0.710523
vt 0.198100 0.726750
vt 0.201045 0.726446
vt 0.207507 0.724013
vt 0.185802 0.731512
vt 0.180015 0.714629
vt 0.178577 0.701948
vt 0.179491 0.699439
vt 0.174929 0.694563
vt 0.183374 0.707829
vt 0.179858 0.714860
vt 0.182434 0.706996
vt 0.186459 0.725425
vt 0.192936 0.719556
vt 0.193511 0.726123
vt 0.189254 0.718755
vt 0.188108 0.714279
vt 0.190077 0.704224
vt 0.179752 0.698788
vt 0.174458 0.691657
vt 0.174487 0.693402
vt 0.172919 0.686959
vt 0.184859 0.682197
vt 0.188304 0.692957
vt 0.194733 0.715742
vt 0.196366 0.694526
vt 0.191515 0.684116
vt 0.196158 0.689379
vt 0.196814 0.695190
vt 0.197384 0.706651
vt 0.196927 0.705229
vt 0.195692 0.714776
vt 0.198789 0.720008
vt 0.210577 0.718602
vt 0.221880 0.726328
vt 0.212817 0.727954
vt 0.228450 0.724186
vt 0.220650 0.718409
vt 0.222307 0.710063
vt 0.228324 0.718035
vt 0.229987 0.711022
vt 0.209479 0.712762
vt 0.206812 0.704893
vt 0.220445 0.699439
vt 0.229776 0.701240
vt 0.232338 0.711135
vt 0.227679 0.706308
vt 0.233821 0.718718
vt 0.224114 0.726379
vt 0.231667 0.724742
vt 0.217754 0.726358
vt 0.104511 0.768762
vt 0.101177 0.776269
vt 0.104577 0.781989
vt 0.110760 0.787995
vt 0.102976 0.791670
vt 0.109596 0.793624
vt 0.112263 0.797333
vt 0.111001 0.796918
vt 0.120493 0.799030
vt 0.118182 0.806895
vt 0.116919 0.803486
vt 0.108245 0.800971
vt 0.104752 0.800125
vt 0.108758 0.807609
vt 0.113752 0.807284
vt 0.120719 0.811222
vt 0.114092 0.816026
vt 0.121389 0.817079
vt 0.124821 0.820346
vt 0.134902 0.818397
vt 0.120539 0.820505
vt 0.117424 0.820539
vt 0.108200 0.817296
vt 0.105223 0.817712
vt 0.114626 0.821844
vt 0.103756 0.802146
vt 0.109452 0.801055
vt 0.121684 0.825296
vt 0.126254 0.825772
vt 0.130283 0.826046
vt 0.132224 0.832119
vt 0.129013 0.835301
vt 0.117406 0.827525
vt 0.125213 0.838162
vt 0.134179 0.844801
vt 0.132640 0.850711
vt 0.136364 0.839664
vt 0.144612 0.837729
vt 0.128121 0.852294
vt 0.122253 0.839906
vt 0.122295 0.850665
vt 0.120349 0.851372
vt 0.115629 0.840327
vt 0.113798 0.841603
vt 0.115354 0.851671
vt 0.122481 0.855645
vt 0.119406 0.863540
vt 0.122506 0.866890
vt 0.124825 0.853285
vt 0.131571 0.854025
vt 0.138326 0.852545
vt 0.141794 0.847477
vt 0.142432 0.851285
vt 0.152694 0.847672
vt 0.148348 0.857114
vt 0.163846 0.838851
vt 0.167499 0.832381
vt 0.165801 0.818223
vt 0.174170 0.823203
vt 0.176365 0.824764
vt 0.171277 0.838553
vt 0.178168 0.828390
vt 0.182126 0.822223
vt 0.184793 0.810169
vt 0.185164 0.836981
vt 0.173028 0.843970
vt 0.175965 0.844392
vt 0.171118 0.835806
vt 0.160150 0.853312
vt 0.167472 0.847251
vt 0.157093 0.857482
vt 0.154233 0.864840
vt 0.141168 0.864202
vt 0.150364 0.866799
vt 0.141603 0.855412
vt 0.134200 0.862005
vt 0.128339 0.858622
vt 0.128402 0.872647
vt 0.141525 0.883175
vt 0.138410 0.870779
vt 0.147009 0.881134
vt 0.140217 0.889320
vt 0.148608 0.904113
vt 0.148221 0.871447
vt 0.150715 0.883154
vt 0.143851 0.876200
vt 0.142216 0.865867
vt 0.137634 0.857708
vt 0.145331 0.872154
vt 0.174223 0.862874
vt 0.178174 0.855488
vt 0.184047 0.851410
vt 0.199492 0.836907
vt 0.189155 0.844231
vt 0.194806 0.812785
vt 0.193054 0.792488
vt 0.200741 0.809905
vt 0.202389 0.812912
vt 0.203302 0.794134
vt 0.193535 0.793817
vt 0.192462 0.784802
vt 0.196223 0.781943
vt 0.205012 0.775181
vt 0.205339 0.784960
vt 0.209370 0.784433
vt 0.214515 0.821124
vt 0.209380 0.807806
vt 0.204162 0.825379
vt 0.201805 0.825392
vt 0.195037 0.826097
vt 0.207381 0.829714
vt 0.205280 0.833799
vt 0.218920 0.832795
vt 0.215033 0.829682
vt 0.228640 0.829739
vt 0.228607 0.817119
vt 0.227848 0.832497
vt 0.199274 0.847419
vt 0.209532 0.845304
vt 0.196658 0.857598
vt 0.196490 0.858302
vt 0.192389 0.854305
vt 0.187038 0.864716
vt 0.184193 0.862462
vt 0.175447 0.865709
vt 0.179916 0.871683
vt 0.186806 0.882317
vt 0.171153 0.876044
vt 0.177301 0.881946
vt 0.175379 0.868928
vt 0.162701 0.874471
vt 0.153563 0.877692
vt 0.171543 0.893237
vt 0.178131 0.893502
vt 0.188965 0.890622
vt 0.161114 0.894640
vt 0.161798 0.893467
vt 0.150035 0.882562
vt 0.155870 0.899074
vt 0.189766 0.675721
vt 0.180668 0.678785
vt 0.183116 0.677114
vt 0.191077 0.670980
vt 0.202971 0.674584
vt 0.196420 0.678817
vt 0.206476 0.687775
vt 0.215192 0.683649
vt 0.208485 0.692020
vt 0.218191 0.686729
vt 0.210356 0.677411
vt 0.222117 0.670025
vt 0.209910 0.674725
vt 0.227379 0.674719
vt 0.227382 0.663924
vt 0.218425 0.668810
vt 0.223338 0.664422
vt 0.234525 0.667901
vt 0.229906 0.677620
vt 0.241123 0.673535
vt 0.219683 0.687620
vt 0.208331 0.697589
vt 0.232499 0.691494
vt 0.231964 0.679634
vt 0.242626 0.685799
vt 0.237487 0.688398
vt 0.239867 0.676312
vt 0.227650 0.699611
vt 0.220186 0.812795
vt 0.222003 0.806249
vt 0.217544 0.805318
vt 0.229213 0.810166
vt 0.231978 0.798450
vt 0.243077 0.800748
vt 0.239880 0.791173
vt 0.257756 0.788311
vt 0.263959 0.799544
vt 0.266227 0.786462
vt 0.257412 0.774517
vt 0.265327 0.775042
vt 0.211969 0.795965
vt 0.213017 0.798875
vt 0.211026 0.792506
vt 0.210908 0.789297
vt 0.219925 0.796984
vt 0.228009 0.792038
vt 0.217618 0.773377
vt 0.218535 0.787951
vt 0.224630 0.777211
vt 0.219891 0.770070
vt 0.223011 0.760833
vt 0.227813 0.755628
vt 0.235369 0.756402
vt 0.238957 0.750225
vt 0.245110 0.743609
vt 0.239905 0.719437
vt 0.244850 0.719841
vt 0.241100 0.711615
vt 0.241462 0.706886
vt 0.242389 0.705833
vt 0.242245 0.699625
vt 0.227106 0.789174
vt 0.233451 0.790100
vt 0.231322 0.784945
vt 0.232502 0.781768
vt 0.235032 0.768731
vt 0.240742 0.777535
vt 0.226918 0.764713
vt 0.244159 0.762945
vt 0.245213 0.753466
vt 0.251192 0.705625
vt 0.253144 0.700485
vt 0.251130 0.697168
vt 0.256406 0.712382
vt 0.255452 0.704194
vt 0.253257 0.712979
vt 0.257741 0.721532
vt 0.254430 0.728637
vt 0.252250 0.722769
vt 0.261616 0.732015
vt 0.257949 0.727141
vt 0.260771 0.740425
vt 0.255613 0.735945
vt 0.266302 0.736140
vt 0.268076 0.744324
vt 0.271110 0.738967
vt 0.275942 0.747131
vt 0.278517 0.741310
vt 0.285878 0.749568
vt 0.288731 0.743326
vt 0.298841 0.744799
vt 0.296337 0.755692
vt 0.303663 0.758096
vt 0.293933 0.762907
vt 0.298016 0.768561
vt 0.285305 0.770130
vt 0.284550 0.762461
vt 0.290006 0.758422
vt 0.284344 0.757284
vt 0.290551 0.755738
vt 0.275480 0.750137
vt 0.256086 0.750048
vt 0.266148 0.754021
vt 0.266833 0.746001
vt 0.274176 0.753283
vt 0.286126 0.752220
vt 0.273419 0.760440
vt 0.252995 0.758608
vt 0.268435 0.765088
vt 0.245476 0.773349
vt 0.254412 0.766738
vt 0.273673 0.767419
vt 0.271368 0.775266
vt 0.278784 0.772914
vt 0.272315 0.784087
vt 0.272738 0.794597
vt 0.255818 0.801131
vt 0.264559 0.806706
vt 0.263912 0.819172
vt 0.256869 0.812398
vt 0.273127 0.810514
vt 0.273780 0.798076
vt 0.282718 0.797933
vt 0.282215 0.792247
vt 0.287689 0.808698
vt 0.290320 0.790413
vt 0.290136 0.797507
vt 0.280283 0.782105
vt 0.287046 0.775737
vt 0.288422 0.781658
vt 0.291286 0.797790
vt 0.286941 0.784272
vt 0.296271 0.789306
vt 0.296631 0.798120
vt 0.303119 0.788743
vt 0.305106 0.800741
vt 0.307723 0.790010
vt 0.307048 0.797607
vt 0.312151 0.789717
vt 0.319149 0.789005
vt 0.316253 0.795827
vt 0.310035 0.779995
vt 0.314007 0.783011
vt 0.322186 0.778933
vt 0.317508 0.772580
vt 0.327628 0.772293
vt 0.324317 0.763099
vt 0.322023 0.764751
vt 0.324397 0.765353
vt 0.327985 0.758983
vt 0.336967 0.762006
vt 0.334708 0.755153
vt 0.340628 0.757505
vt 0.309693 0.746854
vt 0.297570 0.732895
vt 0.279030 0.735444
vt 0.273698 0.733166
vt 0.269038 0.730156
vt 0.265628 0.726868
vt 0.263648 0.723214
vt 0.261533 0.718830
vt 0.259182 0.710594
vt 0.257662 0.704780
vt 0.253782 0.705029
vt 0.256789 0.711300
vt 0.260366 0.718034
vt 0.267109 0.724479
vt 0.263645 0.720947
vt 0.271417 0.728475
vt 0.275692 0.731398
vt 0.280598 0.733254
vt 0.286294 0.735321
vt 0.288921 0.732328
vt 0.299754 0.728571
vt 0.308996 0.732048
vt 0.312539 0.725738
vt 0.273998 0.722025
vt 0.268314 0.715949
vt 0.265127 0.711757
vt 0.262244 0.706237
vt 0.260313 0.699967
vt 0.258679 0.692784
vt 0.257818 0.689282
vt 0.234579 0.658130
vt 0.230854 0.655010
vt 0.268357 0.694076
vt 0.263234 0.686978
vt 0.267282 0.701882
vt 0.268313 0.703358
vt 0.272366 0.708211
vt 0.274623 0.712531
vt 0.278872 0.717333
vt 0.278479 0.725924
vt 0.281438 0.721582
vt 0.284087 0.728166
vt 0.296162 0.719844
vt 0.312529 0.714568
vt 0.324137 0.724382
vt 0.317023 0.734786
vt 0.320383 0.730272
vt 0.315301 0.743301
vt 0.311208 0.749250
vt 0.303111 0.757869
vt 0.287846 0.773734
vt 0.297028 0.767168
vt 0.296864 0.781302
vt 0.303160 0.778573
vt 0.308601 0.780184
vt 0.303341 0.770461
vt 0.309598 0.763248
vt 0.317360 0.746119
vt 0.323995 0.746462
vt 0.329454 0.745858
vt 0.339665 0.753064
vt 0.334620 0.740048
vt 0.341877 0.751554
vt 0.343050 0.743317
vt 0.343822 0.731843
vt 0.342808 0.744546
vt 0.340561 0.730934
vt 0.341142 0.729316
vt 0.335702 0.721227
vt 0.333585 0.727874
vt 0.320218 0.712205
vt 0.314778 0.705843
vt 0.299834 0.709958
vt 0.282981 0.721521
vt 0.287778 0.715274
vt 0.283938 0.713340
vt 0.290464 0.707714
vt 0.283327 0.714121
vt 0.282815 0.707505
vt 0.279039 0.701750
vt 0.271620 0.699928
vt 0.269509 0.697287
vt 0.270202 0.689747
vt 0.263037 0.681859
vt 0.267857 0.682528
vt 0.271749 0.690271
vt 0.261336 0.673643
vt 0.272924 0.672920
vt 0.272326 0.677529
vt 0.272355 0.670067
vt 0.267344 0.670785
vt 0.258899 0.663315
vt 0.263294 0.668806
vt 0.272050 0.667303
vt 0.283330 0.674713
vt 0.281005 0.673340
vt 0.277754 0.683026
vt 0.277482 0.693491
vt 0.283494 0.689375
vt 0.289188 0.700160
vt 0.295384 0.707407
vt 0.285283 0.686538
vt 0.299809 0.691094
vt 0.290360 0.696188
vt 0.308984 0.685062
vt 0.295187 0.678483
vt 0.293631 0.671200
vt 0.305044 0.672042
vt 0.291367 0.674480
vt 0.288224 0.675568
vt 0.234768 0.805790
vt 0.242858 0.812302
vt 0.236231 0.815552
vt 0.238391 0.830816
vt 0.244955 0.821772
vt 0.276353 0.832471
vt 0.261674 0.839693
vt 0.269255 0.845006
vt 0.277817 0.833438
vt 0.262721 0.823430
vt 0.268677 0.822500
vt 0.274525 0.819515
vt 0.266359 0.829453
vt 0.279406 0.823293
vt 0.276999 0.818502
vt 0.284288 0.816850
vt 0.286893 0.824729
vt 0.290201 0.814204
vt 0.295417 0.821592
vt 0.287708 0.807365
vt 0.292762 0.813239
vt 0.297722 0.814617
vt 0.298274 0.809536
vt 0.305618 0.809696
vt 0.298441 0.814695
vt 0.306180 0.813590
vt 0.310863 0.805725
vt 0.311347 0.813414
vt 0.317572 0.804117
vt 0.320891 0.811141
vt 0.325443 0.792663
vt 0.318424 0.785611
vt 0.312361 0.783572
vt 0.323939 0.780099
vt 0.332014 0.784229
vt 0.335718 0.767479
vt 0.336988 0.773174
vt 0.345625 0.778471
vt 0.353219 0.767968
vt 0.349081 0.781785
vt 0.353880 0.775510
vt 0.361376 0.771086
vt 0.364860 0.792261
vt 0.363076 0.780332
vt 0.372817 0.779155
vt 0.367290 0.765746
vt 0.357859 0.763658
vt 0.344192 0.765688
vt 0.328934 0.764064
vt 0.194462 0.866036
vt 0.205748 0.866009
vt 0.206461 0.859913
vt 0.208900 0.855547
vt 0.235253 0.839667
vt 0.245517 0.835138
vt 0.246179 0.852561
vt 0.231408 0.855675
vt 0.258087 0.845456
vt 0.269434 0.849021
vt 0.263720 0.853241
vt 0.269242 0.852553
vt 0.228887 0.859003
vt 0.236777 0.861894
vt 0.209039 0.865802
vt 0.231741 0.866630
vt 0.240484 0.873922
vt 0.240118 0.867402
vt 0.229981 0.871699
vt 0.227705 0.883228
vt 0.214362 0.876193
vt 0.211772 0.888168
vt 0.225785 0.891866
vt 0.201962 0.877134
vt 0.203426 0.874426
vt 0.191324 0.873833
vt 0.205924 0.879805
vt 0.220674 0.893245
vt 0.229593 0.902866
vt 0.211959 0.893528
vt 0.216760 0.885801
vt 0.212747 0.906357
vt 0.209530 0.899430
vt 0.204675 0.894665
vt 0.193255 0.882977
vt 0.196050 0.896791
vt 0.203995 0.900495
vt 0.199437 0.905293
vt 0.182089 0.904335
vt 0.174278 0.898452
vt 0.184450 0.909164
vt 0.194491 0.914326
vt 0.182038 0.912066
vt 0.186064 0.916209
vt 0.174634 0.907946
vt 0.160639 0.899850
vt 0.168579 0.914955
vt 0.173732 0.918366
vt 0.171890 0.914350
vt 0.184115 0.913707
vt 0.164203 0.919211
vt 0.155404 0.910010
vt 0.146302 0.908169
vt 0.141805 0.903043
vt 0.140259 0.898647
vt 0.136452 0.896497
vt 0.139997 0.889416
vt 0.129031 0.888312
vt 0.126072 0.759646
vt 0.120905 0.753907
vt 0.123562 0.756632
vt 0.117894 0.749547
vt 0.128288 0.752317
vt 0.123678 0.746209
vt 0.119756 0.741403
vt 0.125911 0.731812
vt 0.135416 0.744007
vt 0.127364 0.733376
vt 0.145352 0.736261
vt 0.149296 0.744574
vt 0.160338 0.744008
vt 0.157006 0.736091
vt 0.158237 0.728901
vt 0.149155 0.729886
vt 0.156154 0.721109
vt 0.132450 0.732741
vt 0.143689 0.728525
vt 0.144316 0.722512
vt 0.135383 0.718641
vt 0.137348 0.713277
vt 0.132845 0.712129
vt 0.126509 0.715059
vt 0.142126 0.708579
vt 0.146278 0.709691
vt 0.150492 0.713776
vt 0.157106 0.710269
vt 0.158911 0.702202
vt 0.150350 0.703246
vt 0.138037 0.702994
vt 0.127328 0.697293
vt 0.138263 0.696478
vt 0.151957 0.699343
vt 0.154674 0.695919
vt 0.150798 0.690520
vt 0.138447 0.688616
vt 0.129099 0.690800
vt 0.162701 0.695785
vt 0.173330 0.698382
vt 0.171714 0.688357
vt 0.165401 0.691181
vt 0.167212 0.685038
vt 0.298774 0.663440
vt 0.289275 0.663055
vt 0.301417 0.663061
vt 0.314714 0.676048
vt 0.313776 0.663186
vt 0.320621 0.663362
vt 0.332380 0.675593
vt 0.321144 0.662425
vt 0.330560 0.676187
vt 0.327587 0.658553
vt 0.342159 0.671727
vt 0.334402 0.652752
vt 0.348469 0.669254
vt 0.347085 0.651163
vt 0.351920 0.666480
vt 0.341490 0.649540
vt 0.353376 0.646299
vt 0.364003 0.658491
vt 0.357938 0.662662
vt 0.346998 0.638480
vt 0.353843 0.635993
vt 0.353843 0.640134
vt 0.361293 0.639490
vt 0.369092 0.668235
vt 0.368106 0.678202
vt 0.381908 0.679833
vt 0.378383 0.696865
vt 0.367708 0.686948
vt 0.355565 0.665874
vt 0.357719 0.693693
vt 0.345805 0.700690
vt 0.338879 0.698230
vt 0.324436 0.693213
vt 0.328573 0.694183
vt 0.320249 0.688967
vt 0.304827 0.681165
vt 0.309751 0.695242
vt 0.303199 0.696988
vt 0.325054 0.717732
vt 0.316574 0.708713
vt 0.344281 0.718313
vt 0.355058 0.709932
vt 0.357658 0.703534
vt 0.368264 0.697530
vt 0.367304 0.687089
vt 0.367891 0.705787
vt 0.371141 0.697984
vt 0.353209 0.723165
vt 0.355920 0.727985
vt 0.360998 0.722535
vt 0.368435 0.713996
vt 0.373974 0.702982
vt 0.381987 0.685858
vt 0.385522 0.679446
vt 0.386769 0.685422
vt 0.382855 0.701316
vt 0.375659 0.701327
vt 0.384628 0.715888
vt 0.380139 0.722054
vt 0.386505 0.724816
vt 0.390345 0.737963
vt 0.376461 0.732196
vt 0.371096 0.740180
vt 0.380037 0.737447
vt 0.382809 0.731671
vt 0.382022 0.722682
vt 0.374932 0.709429
vt 0.372152 0.714315
vt 0.371879 0.716808
vt 0.366560 0.720712
vt 0.379174 0.724122
vt 0.372283 0.725019
vt 0.368329 0.732150
vt 0.356213 0.739991
vt 0.349032 0.745178
vt 0.358923 0.751949
vt 0.347859 0.757255
vt 0.366261 0.760320
vt 0.375968 0.765980
vt 0.123914 0.702627
vt 0.125297 0.708348
vt 0.125494 0.704756
vt 0.124611 0.696790
vt 0.382948 0.753018
vt 0.359701 0.755124
vt 0.384874 0.748898
vt 0.377877 0.739995
vt 0.380981 0.735197
vt 0.376234 0.748171
vt 0.369733 0.749205
vt 0.362716 0.745179
vt 0.357194 0.752768
vt 0.365244 0.756930
vt 0.130064 0.687235
vt 0.143655 0.682494
vt 0.153501 0.683185
vt 0.159303 0.683118
vt 0.162984 0.679924
vt 0.173514 0.673453
vt 0.165284 0.673442
vt 0.175603 0.676004
vt 0.176252 0.682018
vt 0.184196 0.672959
vt 0.205375 0.664794
vt 0.174962 0.665618
vt 0.166926 0.665741
vt 0.162958 0.669306
vt 0.155131 0.672156
vt 0.151686 0.677115
vt 0.141781 0.676352
vt 0.141963 0.664794
vt 0.151871 0.666807
vt 0.147992 0.653300
vt 0.143002 0.655668
vt 0.144214 0.648416
vt 0.142255 0.654296
vt 0.151151 0.670275
vt 0.138449 0.665947
vt 0.137901 0.670856
vt 0.128586 0.679833
vt 0.123944 0.687177
vt 0.124856 0.674480
vt 0.121453 0.693640
vt 0.116354 0.709141
vt 0.115556 0.697539
vt 0.113407 0.707547
vt 0.117678 0.691325
vt 0.120556 0.683989
vt 0.115553 0.685493
vt 0.125369 0.671409
vt 0.131818 0.660867
vt 0.132519 0.660636
vt 0.133652 0.667549
vt 0.122517 0.669057
vt 0.114805 0.681824
vt 0.113935 0.683133
vt 0.121519 0.669006
vt 0.123152 0.657851
vt 0.125338 0.661129
vt 0.114921 0.675404
vt 0.109761 0.680496
vt 0.115320 0.672801
vt 0.123276 0.666720
vt 0.118276 0.661440
vt 0.205610 0.906989
vt 0.204653 0.911807
vt 0.215753 0.910192
vt 0.223467 0.905564
vt 0.219414 0.901276
vt 0.235943 0.908763
vt 0.235655 0.898462
vt 0.235260 0.889381
vt 0.242926 0.913058
vt 0.236136 0.915655
vt 0.227151 0.917969
vt 0.218895 0.913859
vt 0.210826 0.917971
vt 0.230653 0.930228
vt 0.240452 0.928500
vt 0.240759 0.914466
vt 0.231957 0.934907
vt 0.240425 0.935601
vt 0.225997 0.929946
vt 0.211258 0.928120
vt 0.224773 0.936812
vt 0.207931 0.928458
vt 0.209243 0.919573
vt 0.205091 0.916242
vt 0.204069 0.913924
vt 0.189686 0.922036
vt 0.197782 0.917284
vt 0.183665 0.923280
vt 0.182317 0.921998
vt 0.193084 0.933452
vt 0.197951 0.934090
vt 0.194371 0.924233
vt 0.198245 0.930322
vt 0.200916 0.934960
vt 0.207519 0.930034
vt 0.212732 0.941844
vt 0.210925 0.935236
vt 0.202327 0.938744
vt 0.191528 0.939525
vt 0.173104 0.923062
vt 0.165154 0.921399
vt 0.140203 0.912006
vt 0.153229 0.918995
vt 0.136964 0.904261
vt 0.132701 0.895831
vt 0.128350 0.886948
vt 0.124775 0.876014
vt 0.125944 0.886299
vt 0.125578 0.869712
vt 0.126890 0.872142
vt 0.117015 0.872270
vt 0.119638 0.864947
vt 0.121426 0.872579
vt 0.119793 0.880637
vt 0.120543 0.880210
vt 0.117144 0.867649
vt 0.119798 0.882256
vt 0.119628 0.857670
vt 0.123908 0.853387
vt 0.118519 0.868089
vt 0.120697 0.857563
vt 0.121528 0.868714
vt 0.128493 0.876802
vt 0.124752 0.886966
vt 0.121512 0.875168
vt 0.121205 0.880395
vt 0.123656 0.891466
vt 0.119628 0.882479
vt 0.121407 0.896545
vt 0.127285 0.894227
vt 0.126668 0.892173
vt 0.129437 0.901237
vt 0.128720 0.904317
vt 0.135975 0.906470
vt 0.136905 0.908127
vt 0.126738 0.899606
vt 0.124768 0.899684
vt 0.129481 0.910114
vt 0.131616 0.908733
vt 0.135585 0.906302
vt 0.131574 0.912115
vt 0.137192 0.916547
vt 0.137026 0.916705
vt 0.147768 0.919798
vt 0.141571 0.923688
vt 0.138098 0.912497
vt 0.143671 0.915533
vt 0.150150 0.924863
vt 0.158692 0.927351
vt 0.226017 0.941005
vt 0.238824 0.929735
vt 0.244604 0.928951
vt 0.231891 0.942495
vt 0.228217 0.946776
vt 0.217384 0.947290
vt 0.220061 0.946352
vt 0.213826 0.941212
vt 0.221965 0.954560
vt 0.210350 0.953274
vt 0.204617 0.950893
vt 0.206455 0.944249
vt 0.197388 0.947587
vt 0.227321 0.955148
vt 0.227122 0.955215
vt 0.206554 0.956881
vt 0.205488 0.954105
vt 0.197735 0.951627
vt 0.191855 0.946976
vt 0.180679 0.936561
vt 0.170824 0.928110
vt 0.194232 0.954820
vt 0.200284 0.944830
vt 0.191643 0.949257
vt 0.189131 0.950361
vt 0.175706 0.952084
vt 0.184640 0.943085
vt 0.173677 0.946889
vt 0.168885 0.947526
vt 0.166957 0.943439
vt 0.167897 0.946548
vt 0.149835 0.933784
vt 0.162086 0.942430
vt 0.157949 0.935973
vt 0.148176 0.932838
vt 0.153161 0.934307
vt 0.143418 0.926320
vt 0.194866 0.942052
vt 0.187207 0.930785
vt 0.174108 0.930806
vt 0.163906 0.934496
vt 0.173212 0.940038
vt 0.184678 0.940623
vt 0.189715 0.944317
vt 0.149816 0.936729
vt 0.143632 0.918388
vt 0.102518 0.814660
vt 0.108017 0.828152
vt 0.109509 0.815472
vt 0.110010 0.796428
vt 0.099499 0.769265
vt 0.106764 0.765685
vt 0.109108 0.764716
vt 0.111082 0.756758
vt 0.104352 0.822833
vt 0.101737 0.813384
vt 0.095440 0.811853
vt 0.092772 0.791219
vt 0.092538 0.792315
vt 0.095114 0.813168
vt 0.088778 0.798299
vt 0.092657 0.805319
vt 0.086982 0.793457
vt 0.099080 0.782949
vt 0.088650 0.797063
vt 0.096798 0.811905
vt 0.098762 0.785620
vt 0.084411 0.794137
vt 0.093932 0.814484
vt 0.081907 0.779883
vt 0.082404 0.773001
vt 0.089220 0.772052
vt 0.092952 0.760669
vt 0.099392 0.793658
vt 0.092855 0.808059
vt 0.104625 0.815137
vt 0.101659 0.825888
vt 0.095249 0.819742
vt 0.094125 0.815857
vt 0.099511 0.823428
vt 0.105653 0.833560
vt 0.106313 0.815500
vt 0.106562 0.822422
vt 0.110205 0.827162
vt 0.106746 0.834491
vt 0.115253 0.838455
vt 0.104658 0.827193
vt 0.107376 0.826174
vt 0.110408 0.840407
vt 0.115026 0.843361
vt 0.114959 0.849049
vt 0.122557 0.849334
vt 0.120534 0.852930
vt 0.131926 0.865488
vt 0.130029 0.855065
vt 0.120663 0.858066
vt 0.109112 0.839830
vt 0.114519 0.850611
vt 0.129330 0.870675
vt 0.124149 0.862951
vt 0.140759 0.876418
vt 0.140354 0.872365
vt 0.129878 0.867759
vt 0.125416 0.860638
vt 0.118524 0.847271
vt 0.132383 0.854976
vt 0.113261 0.838938
vt 0.105362 0.813800
vt 0.101054 0.816957
vt 0.099406 0.804941
vt 0.107678 0.826228
vt 0.109854 0.840573
vt 0.123283 0.858245
vt 0.139873 0.871729
vt 0.136849 0.865537
vt 0.140848 0.866071
vt 0.144001 0.871432
vt 0.148780 0.877009
vt 0.151435 0.878535
vt 0.331772 0.650038
vt 0.320481 0.649620
vt 0.317311 0.648570
vt 0.316699 0.650513
vt 0.312003 0.654601
vt 0.302644 0.654185
vt 0.287665 0.661442
vt 0.283513 0.667587
vt 0.251772 0.674870
vt 0.254245 0.667692
vt 0.259623 0.650761
vt 0.251623 0.654992
vt 0.276692 0.657677
vt 0.268335 0.662164
vt 0.268702 0.647314
vt 0.260411 0.638811
vt 0.269971 0.634731
vt 0.272686 0.652788
vt 0.277087 0.635353
vt 0.282154 0.648017
vt 0.289657 0.651767
vt 0.287789 0.642152
vt 0.299480 0.648033
vt 0.304036 0.642076
vt 0.295762 0.636146
vt 0.298878 0.631338
vt 0.307090 0.641137
vt 0.316056 0.642128
vt 0.313154 0.630808
vt 0.321860 0.628379
vt 0.332642 0.642179
vt 0.325253 0.626171
vt 0.323222 0.613563
vt 0.330172 0.619960
vt 0.335670 0.623979
vt 0.341417 0.642471
vt 0.345775 0.636180
vt 0.346246 0.625289
vt 0.351652 0.631581
vt 0.344893 0.623770
vt 0.333154 0.621254
vt 0.322298 0.609196
vt 0.308496 0.594494
vt 0.321192 0.607769
vt 0.327912 0.602367
vt 0.322481 0.587283
vt 0.311581 0.589884
vt 0.343382 0.606256
vt 0.332319 0.593022
vt 0.339121 0.611223
vt 0.348207 0.618112
vt 0.352868 0.617630
vt 0.358082 0.628785
vt 0.363164 0.628531
vt 0.361320 0.635614
vt 0.355705 0.620331
vt 0.367812 0.626257
vt 0.364531 0.630889
vt 0.358645 0.616841
vt 0.370433 0.624735
vt 0.357361 0.614009
vt 0.383287 0.711484
vt 0.394281 0.704617
vt 0.397277 0.716813
vt 0.400946 0.711362
vt 0.396403 0.697700
vt 0.403255 0.720657
vt 0.375405 0.709708
vt 0.382139 0.716395
vt 0.386301 0.704077
vt 0.385725 0.685831
vt 0.389725 0.686481
vt 0.395877 0.682115
vt 0.396278 0.681733
vt 0.384529 0.670905
vt 0.377533 0.667374
vt 0.374200 0.660971
vt 0.370328 0.660854
vt 0.366913 0.653581
vt 0.366117 0.649975
vt 0.364076 0.640177
vt 0.374016 0.658703
vt 0.370113 0.663517
vt 0.378477 0.670329
vt 0.377722 0.661716
vt 0.385744 0.659044
vt 0.389492 0.670555
vt 0.377212 0.658275
vt 0.377672 0.651595
vt 0.376359 0.652348
vt 0.382684 0.647900
vt 0.378312 0.641339
vt 0.362914 0.642316
vt 0.374802 0.646836
vt 0.373689 0.650213
vt 0.368153 0.641089
vt 0.368541 0.632908
vt 0.370858 0.631306
vt 0.260688 0.888831
vt 0.253221 0.871847
vt 0.251341 0.889247
vt 0.267849 0.882074
vt 0.261840 0.874900
vt 0.278652 0.881475
vt 0.268149 0.885449
vt 0.272732 0.885539
vt 0.265457 0.886175
vt 0.268710 0.873625
vt 0.264501 0.865585
vt 0.276241 0.868112
vt 0.257282 0.857646
vt 0.277631 0.854693
vt 0.285419 0.865076
vt 0.285124 0.872928
vt 0.276982 0.848232
vt 0.281336 0.838547
vt 0.287503 0.832247
vt 0.287283 0.825432
vt 0.381570 0.773366
vt 0.379085 0.776145
vt 0.349054 0.778489
vt 0.371513 0.787706
vt 0.382009 0.781988
vt 0.379784 0.800577
vt 0.382281 0.787864
vt 0.382973 0.793355
vt 0.379023 0.802010
vt 0.383619 0.805349
vt 0.381085 0.781442
vt 0.385907 0.768864
vt 0.384780 0.767598
vt 0.388050 0.766622
vt 0.384944 0.780415
vt 0.378395 0.786839
vt 0.383969 0.774987
vt 0.377961 0.793342
vt 0.383664 0.792243
vt 0.385938 0.788783
vt 0.389531 0.776549
vt 0.390106 0.757095
vt 0.372733 0.749256
vt 0.392210 0.761732
vt 0.393067 0.764278
vt 0.394464 0.758339
vt 0.392065 0.753319
vt 0.390270 0.746631
vt 0.395268 0.734581
vt 0.401379 0.740416
vt 0.397329 0.755932
vt 0.399494 0.753306
vt 0.396897 0.749906
vt 0.402876 0.739462
vt 0.405478 0.737717
vt 0.396430 0.739045
vt 0.404837 0.756114
vt 0.405273 0.744251
vt 0.402781 0.758283
vt 0.401124 0.747136
vt 0.403921 0.750453
vt 0.405165 0.766099
vt 0.402485 0.730286
vt 0.399761 0.729108
vt 0.392427 0.724493
vt 0.393705 0.724184
vt 0.393271 0.718324
vt 0.305053 0.593542
vt 0.297983 0.590472
vt 0.299789 0.598457
vt 0.286749 0.582138
vt 0.300484 0.587263
vt 0.288941 0.577955
vt 0.284104 0.587174
vt 0.304007 0.603416
vt 0.308993 0.601808
vt 0.308558 0.612108
vt 0.313136 0.615969
vt 0.320022 0.618698
vt 0.307334 0.627391
vt 0.306194 0.621942
vt 0.305093 0.615377
vt 0.298713 0.625129
vt 0.300549 0.630839
vt 0.296534 0.625231
vt 0.294179 0.627509
vt 0.294655 0.621414
vt 0.289096 0.622131
vt 0.289071 0.622643
vt 0.289768 0.626601
vt 0.282229 0.628018
vt 0.278074 0.633057
vt 0.282565 0.633169
vt 0.288048 0.635935
vt 0.286572 0.635980
vt 0.278635 0.627985
vt 0.261260 0.631245
vt 0.270866 0.626338
vt 0.255213 0.646645
vt 0.239140 0.653903
vt 0.222634 0.657973
vt 0.230791 0.644606
vt 0.216292 0.657706
vt 0.238928 0.651789
vt 0.228541 0.652763
vt 0.238581 0.647268
vt 0.242288 0.641979
vt 0.230380 0.637521
vt 0.216031 0.642678
vt 0.225817 0.636889
vt 0.217545 0.643327
vt 0.237927 0.635328
vt 0.224967 0.627761
vt 0.227585 0.637407
vt 0.213478 0.635227
vt 0.216571 0.610853
vt 0.212550 0.627385
vt 0.238382 0.614164
vt 0.228761 0.612340
vt 0.215861 0.613319
vt 0.206813 0.617949
vt 0.209368 0.603292
vt 0.198647 0.614943
vt 0.190744 0.610246
vt 0.214576 0.607396
vt 0.215457 0.596332
vt 0.206028 0.596242
vt 0.121272 0.833332
vt 0.118081 0.833726
vt 0.117680 0.837935
vt 0.117383 0.827635
vt 0.115660 0.827935
vt 0.112998 0.832290
vt 0.115448 0.829205
vt 0.133141 0.839528
vt 0.120214 0.848975
vt 0.130842 0.851161
vt 0.237587 0.953042
vt 0.242008 0.949677
vt 0.235076 0.951547
vt 0.238374 0.948347
vt 0.243598 0.938682
vt 0.246593 0.943432
vt 0.108727 0.761329
vt 0.116324 0.745148
vt 0.101559 0.755550
vt 0.106585 0.747593
vt 0.105749 0.753286
vt 0.103926 0.742910
vt 0.110650 0.739651
vt 0.105323 0.726074
vt 0.124402 0.738201
vt 0.117231 0.739069
vt 0.110328 0.737838
vt 0.113973 0.719169
vt 0.102630 0.727208
vt 0.107091 0.719915
vt 0.106211 0.720892
vt 0.102933 0.717095
vt 0.100587 0.717504
vt 0.103061 0.699560
vt 0.099646 0.697599
vt 0.098557 0.703526
vt 0.103086 0.696208
vt 0.096678 0.694519
vt 0.090253 0.705695
vt 0.099503 0.687426
vt 0.102273 0.685066
vt 0.108687 0.680317
vt 0.106032 0.673487
vt 0.112815 0.666031
vt 0.105496 0.684852
vt 0.108611 0.691275
vt 0.115562 0.693338
vt 0.109487 0.705459
vt 0.106918 0.715842
vt 0.110205 0.719740
vt 0.115983 0.723482
vt 0.124082 0.729075
vt 0.119150 0.730901
vt 0.125015 0.717945
vt 0.130446 0.727464
vt 0.122817 0.728035
vt 0.262895 0.897313
vt 0.261964 0.900820
vt 0.268353 0.892496
vt 0.273203 0.900784
vt 0.276234 0.893131
vt 0.279113 0.883540
vt 0.281933 0.883250
vt 0.290446 0.874955
vt 0.285310 0.873502
vt 0.290936 0.891421
vt 0.296548 0.876135
vt 0.299626 0.888879
vt 0.293587 0.867203
vt 0.290628 0.865084
vt 0.282919 0.851219
vt 0.290154 0.852120
vt 0.291229 0.852307
vt 0.285702 0.842649
vt 0.291765 0.841851
vt 0.292879 0.838526
vt 0.293237 0.830979
vt 0.300050 0.845905
vt 0.301013 0.839179
vt 0.308012 0.822605
vt 0.302795 0.834381
vt 0.311212 0.826045
vt 0.308804 0.835062
vt 0.307345 0.842219
vt 0.307913 0.840509
vt 0.309043 0.830978
vt 0.311999 0.846852
vt 0.313998 0.839773
vt 0.316038 0.828651
vt 0.311088 0.815119
vt 0.321154 0.816068
vt 0.328230 0.826506
vt 0.320760 0.835569
vt 0.330787 0.841256
vt 0.334435 0.849982
vt 0.336380 0.832684
vt 0.330832 0.823624
vt 0.335262 0.829300
vt 0.330680 0.814528
vt 0.336583 0.809789
vt 0.334960 0.802957
vt 0.332179 0.799281
vt 0.338097 0.789462
vt 0.339761 0.781050
vt 0.346816 0.795307
vt 0.336486 0.789530
vt 0.339628 0.794523
vt 0.342249 0.801268
vt 0.342102 0.798035
vt 0.353580 0.800953
vt 0.346718 0.802559
vt 0.348293 0.806515
vt 0.345484 0.812919
vt 0.340993 0.815674
vt 0.115679 0.654896
vt 0.108390 0.659335
vt 0.097286 0.681062
vt 0.098415 0.663832
vt 0.103476 0.665269
vt 0.099101 0.657867
vt 0.119803 0.652427
vt 0.121808 0.651208
vt 0.113553 0.640782
vt 0.089631 0.677884
vt 0.092330 0.686499
vt 0.101145 0.659942
vt 0.091961 0.677402
vt 0.095019 0.658025
vt 0.088561 0.676768
vt 0.104119 0.645918
vt 0.107462 0.645630
vt 0.109095 0.636203
vt 0.102600 0.644458
vt 0.119035 0.643010
vt 0.123532 0.636573
vt 0.121825 0.630342
vt 0.125193 0.625021
vt 0.131992 0.619122
vt 0.124387 0.614300
vt 0.127078 0.611404
vt 0.151613 0.580256
vt 0.149905 0.575426
vt 0.123542 0.611396
vt 0.143107 0.582064
vt 0.135105 0.615427
vt 0.140726 0.587022
vt 0.153919 0.599113
vt 0.257530 0.639086
vt 0.256315 0.620039
vt 0.246864 0.635569
vt 0.257133 0.635794
vt 0.262933 0.620313
vt 0.273194 0.622664
vt 0.285844 0.589170
vt 0.288503 0.579154
vt 0.278006 0.575173
vt 0.274966 0.578811
vt 0.292572 0.572469
vt 0.307388 0.576552
vt 0.295710 0.574185
vt 0.310665 0.577333
vt 0.304089 0.579869
vt 0.314407 0.583856
vt 0.299981 0.589296
vt 0.340188 0.598551
vt 0.330080 0.587055
vt 0.340442 0.606175
vt 0.349404 0.609964
vt 0.360028 0.617530
vt 0.373141 0.627919
vt 0.375852 0.635536
vt 0.384094 0.639794
vt 0.374609 0.635920
vt 0.389933 0.646690
vt 0.386768 0.644400
vt 0.401296 0.677724
vt 0.404546 0.702509
vt 0.406486 0.708839
vt 0.400480 0.707108
vt 0.176064 0.953980
vt 0.185034 0.954821
vt 0.197762 0.952654
vt 0.199057 0.956703
vt 0.200365 0.964847
vt 0.192272 0.959473
vt 0.205627 0.965478
vt 0.213649 0.960531
vt 0.214215 0.966701
vt 0.209861 0.960358
vt 0.204606 0.959681
vt 0.219005 0.965832
vt 0.226989 0.971988
vt 0.240483 0.960255
vt 0.232253 0.969567
vt 0.241683 0.963789
vt 0.240905 0.957805
vt 0.210507 0.968264
vt 0.198510 0.964749
vt 0.206288 0.963191
vt 0.211056 0.963188
vt 0.234170 0.965246
vt 0.233525 0.962119
vt 0.233585 0.961110
vt 0.244099 0.955770
vt 0.244388 0.922547
vt 0.297730 0.870601
vt 0.298068 0.854549
vt 0.305088 0.851332
vt 0.302301 0.856405
vt 0.299402 0.863731
vt 0.306544 0.862364
vt 0.304237 0.870096
vt 0.305617 0.871206
vt 0.300303 0.877569
vt 0.315440 0.876212
vt 0.313595 0.871837
vt 0.323963 0.863301
vt 0.313978 0.879199
vt 0.325206 0.862017
vt 0.323566 0.856640
vt 0.316635 0.856789
vt 0.311290 0.854041
vt 0.318012 0.848427
vt 0.320653 0.851076
vt 0.318583 0.845055
vt 0.338965 0.856616
vt 0.345706 0.851013
vt 0.338526 0.858699
vt 0.348667 0.846949
vt 0.344961 0.836289
vt 0.334695 0.829473
vt 0.342195 0.823233
vt 0.349026 0.817713
vt 0.346725 0.816592
vt 0.350560 0.810304
vt 0.349365 0.808296
vt 0.360468 0.807994
vt 0.355038 0.782284
vt 0.368378 0.794684
vt 0.366674 0.807942
vt 0.359551 0.807119
vt 0.373636 0.803349
vt 0.370170 0.805699
vt 0.176206 0.651423
vt 0.170544 0.652470
vt 0.209475 0.662750
vt 0.188446 0.618359
vt 0.188383 0.629231
vt 0.195531 0.623345
vt 0.192997 0.619439
vt 0.203948 0.630270
vt 0.194701 0.630521
vt 0.201532 0.642051
vt 0.203995 0.638143
vt 0.190655 0.663177
vt 0.195297 0.666058
vt 0.302795 0.880550
vt 0.302308 0.888299
vt 0.318869 0.884876
vt 0.329459 0.870761
vt 0.350724 0.856607
vt 0.347029 0.864936
vt 0.341044 0.865908
vt 0.341303 0.872113
vt 0.353036 0.869861
vt 0.350460 0.882467
vt 0.344071 0.879698
vt 0.342186 0.889287
vt 0.350062 0.893997
vt 0.358454 0.876320
vt 0.358256 0.859962
vt 0.347784 0.854203
vt 0.354629 0.847469
vt 0.352286 0.838649
vt 0.343120 0.834640
vt 0.351527 0.826529
vt 0.354870 0.817835
vt 0.359180 0.814964
vt 0.367931 0.814886
vt 0.375486 0.810925
vt 0.374081 0.802468
vt 0.374519 0.824051
vt 0.365237 0.829782
vt 0.371337 0.827674
vt 0.357796 0.830522
vt 0.362059 0.831708
vt 0.359715 0.840462
vt 0.366872 0.836893
vt 0.359624 0.851740
vt 0.367678 0.850260
vt 0.364663 0.853915
vt 0.366093 0.830344
vt 0.369003 0.832863
vt 0.372390 0.835843
vt 0.365459 0.860001
vt 0.370151 0.855204
vt 0.366334 0.830223
vt 0.369097 0.843123
vt 0.352536 0.846279
vt 0.365292 0.855646
vt 0.383411 0.803336
vt 0.374671 0.815179
vt 0.369326 0.817367
vt 0.370981 0.823387
vt 0.248560 0.898320
vt 0.273145 0.880947
vt 0.271791 0.896816
vt 0.373965 0.824761
vt 0.367144 0.833130
vt 0.373320 0.813731
vt 0.377400 0.823054
vt 0.383652 0.815648
vt 0.381331 0.823095
vt 0.388321 0.809129
vt 0.389532 0.807062
vt 0.375171 0.802040
vt 0.392331 0.797089
vt 0.379406 0.811182
vt 0.380607 0.805217
vt 0.383470 0.801656
vt 0.389647 0.790550
vt 0.389010 0.777417
vt 0.388738 0.765253
vt 0.389745 0.778031
vt 0.392331 0.776961
vt 0.385932 0.794329
vt 0.378691 0.797218
vt 0.384693 0.787439
vt 0.394440 0.791200
vt 0.389655 0.781591
vt 0.385940 0.773253
vt 0.390322 0.761336
vt 0.392476 0.768422
vt 0.393632 0.759801
vt 0.402709 0.754703
vt 0.402125 0.764800
vt 0.397883 0.772605
vt 0.398470 0.779554
vt 0.397182 0.786869
vt 0.402166 0.768111
vt 0.401364 0.750823
vt 0.396382 0.765958
vt 0.386151 0.786394
vt 0.381783 0.798705
vt 0.379184 0.818452
vt 0.398363 0.755824
vt 0.395098 0.744639
vt 0.401972 0.739251
vt 0.408430 0.726449
vt 0.404166 0.725610
vt 0.403814 0.713131
vt 0.405169 0.711487
vt 0.406732 0.724025
vt 0.365503 0.866517
vt 0.355828 0.876921
vt 0.357056 0.861208
vt 0.353179 0.885730
vt 0.352477 0.894366
vt 0.337198 0.892053
vt 0.344769 0.897194
vt 0.342356 0.908483
vt 0.331844 0.914978
vt 0.335872 0.900857
vt 0.326084 0.903923
vt 0.322445 0.911919
vt 0.268208 0.906242
vt 0.297561 0.914830
vt 0.310759 0.921399
vt 0.304708 0.909713
vt 0.304124 0.926272
vt 0.291086 0.928150
vt 0.303798 0.931502
vt 0.335524 0.886979
vt 0.339636 0.876399
vt 0.332198 0.877223
vt 0.324009 0.892760
vt 0.328388 0.883609
vt 0.325376 0.893058
vt 0.313440 0.894958
vt 0.267044 0.967522
vt 0.263255 0.957683
vt 0.258294 0.965341
vt 0.260235 0.972294
vt 0.269809 0.972108
vt 0.272335 0.962038
vt 0.262328 0.958120
vt 0.279522 0.962094
vt 0.272624 0.958184
vt 0.268233 0.954668
vt 0.276842 0.950458
vt 0.282862 0.956051
vt 0.290603 0.948111
vt 0.257551 0.953722
vt 0.266944 0.950490
vt 0.254769 0.940792
vt 0.261018 0.914202
vt 0.267291 0.911437
vt 0.255658 0.907262
vt 0.266669 0.924839
vt 0.268370 0.916978
vt 0.254899 0.920361
vt 0.266300 0.926086
vt 0.257325 0.930473
vt 0.267048 0.934305
vt 0.265217 0.943332
vt 0.254841 0.939556
vt 0.289242 0.948892
vt 0.289707 0.943716
vt 0.277671 0.941673
vt 0.296949 0.917206
vt 0.305116 0.909443
vt 0.294389 0.930675
vt 0.275818 0.938711
vt 0.275460 0.934559
vt 0.274735 0.926402
vt 0.279062 0.924371
vt 0.278056 0.918595
vt 0.281338 0.914217
vt 0.279233 0.898764
vt 0.289588 0.904783
vt 0.296416 0.896944
vt 0.280816 0.916534
vt 0.293154 0.915859
vt 0.291485 0.920590
vt 0.297045 0.926576
vt 0.301398 0.916898
vt 0.301568 0.906546
vt 0.289107 0.900808
vt 0.315480 0.905698
vt 0.307255 0.900963
vt 0.318759 0.904088
vt 0.292723 0.895085
vt 0.294612 0.887710
vt 0.316741 0.906721
vt 0.312535 0.909727
vt 0.317059 0.917348
vt 0.319298 0.924308
vt 0.312335 0.928426
vt 0.305041 0.933396
vt 0.311159 0.925106
vt 0.297063 0.934468
vt 0.284170 0.952353
vt 0.276761 0.959662
vt 0.289170 0.957361
vt 0.283137 0.964939
vt 0.297169 0.950933
vt 0.290631 0.938443
vt 0.300958 0.943187
vt 0.309362 0.937288
vt 0.323584 0.922103
vt 0.317626 0.932334
vt 0.325781 0.927062
vt 0.309304 0.944324
vt 0.315032 0.940775
vt 0.320887 0.936381
vt 0.327815 0.932041
vt 0.324043 0.931655
vt 0.314039 0.940508
vt 0.333097 0.920195
vt 0.331960 0.918622
vt 0.335844 0.923555
vt 0.336404 0.930563
vt 0.330594 0.931657
vt 0.344442 0.912635
vt 0.344153 0.916465
vt 0.346236 0.918133
vt 0.341167 0.923502
vt 0.344558 0.916302
vt 0.342138 0.928031
vt 0.344244 0.924742
vt 0.349751 0.918177
vt 0.351123 0.909525
vt 0.349266 0.903953
vt 0.343458 0.894785
vt 0.345556 0.897897
vt 0.365000 0.841528
vt 0.367451 0.837844
vt 0.354801 0.846428
vt 0.364358 0.839762
vt 0.355381 0.843167
vt 0.366961 0.837028
vt 0.373460 0.834399
vt 0.361622 0.829286
vt 0.352293 0.832311
vt 0.353530 0.842971
vt 0.364205 0.825868
vt 0.362706 0.843777
vt 0.364530 0.833239
vt 0.375162 0.830765
vt 0.366149 0.815364
vt 0.369766 0.798413
vt 0.376620 0.785472
vt 0.389970 0.746933
vt 0.403113 0.686028
vt 0.404683 0.685903
vt 0.394442 0.649060
vt 0.391848 0.650719
vt 0.196153 0.645017
vt 0.186796 0.656871
vt 0.194229 0.643588
vt 0.184433 0.639458
vt 0.177114 0.649214
vt 0.188638 0.630658
vt 0.179985 0.639059
vt 0.174419 0.635538
vt 0.182629 0.622569
vt 0.176648 0.621958
vt 0.168760 0.635443
vt 0.170459 0.636607
vt 0.180471 0.614440
vt 0.180881 0.611693
vt 0.182071 0.612187
vt 0.172813 0.606183
vt 0.170579 0.613850
vt 0.171891 0.616939
vt 0.174806 0.623155
vt 0.162606 0.633955
vt 0.162507 0.625202
vt 0.160119 0.625468
vt 0.169312 0.615674
vt 0.157024 0.621660
vt 0.150728 0.624263
vt 0.146308 0.631411
vt 0.156784 0.641524
vt 0.145550 0.638018
vt 0.161824 0.649842
vt 0.166054 0.644404
vt 0.164691 0.655689
vt 0.159215 0.660285
vt 0.153411 0.649499
vt 0.148210 0.642553
vt 0.124675 0.884617
vt 0.129385 0.875762
vt 0.126809 0.898679
vt 0.144835 0.924667
vt 0.153002 0.933397
vt 0.156263 0.942238
vt 0.165852 0.936070
vt 0.161249 0.946410
vt 0.180178 0.945325
vt 0.301941 0.614617
vt 0.291201 0.618326
vt 0.286839 0.617423
vt 0.286442 0.612502
vt 0.294156 0.605393
vt 0.296473 0.613977
vt 0.287205 0.608219
vt 0.279539 0.618761
vt 0.274108 0.615602
vt 0.270883 0.630636
vt 0.273084 0.610110
vt 0.263277 0.620128
vt 0.264445 0.616353
vt 0.251998 0.619216
vt 0.260503 0.614047
vt 0.228276 0.607937
vt 0.100498 0.726866
vt 0.099587 0.746160
vt 0.095775 0.730805
vt 0.099297 0.755365
vt 0.092125 0.750528
vt 0.091343 0.738209
vt 0.091914 0.751393
vt 0.084983 0.754864
vt 0.087751 0.727988
vt 0.087633 0.723488
vt 0.091096 0.734929
vt 0.088339 0.721209
vt 0.090929 0.717083
vt 0.080893 0.704592
vt 0.084295 0.716537
vt 0.084114 0.693483
vt 0.082802 0.689465
vt 0.083696 0.687501
vt 0.089033 0.673699
vt 0.093295 0.659053
vt 0.105045 0.640931
vt 0.116405 0.629974
vt 0.115357 0.628921
vt 0.079679 0.706145
vt 0.081116 0.700651
vt 0.075711 0.709956
vt 0.080224 0.718072
vt 0.075693 0.727208
vt 0.082690 0.734420
vt 0.081900 0.738192
vt 0.103380 0.757857
vt 0.095095 0.766485
vt 0.089721 0.771681
vt 0.085756 0.756802
vt 0.085039 0.774208
vt 0.082846 0.745803
vt 0.078905 0.740794
vt 0.087672 0.737830
vt 0.082188 0.768675
vt 0.080875 0.748124
vt 0.082149 0.760696
vt 0.091284 0.783089
vt 0.076953 0.764060
vt 0.082650 0.782127
vt 0.081645 0.783960
vt 0.079693 0.768132
vt 0.086558 0.747201
vt 0.090259 0.743640
vt 0.096375 0.755726
vt 0.088474 0.735092
vt 0.086297 0.736060
vt 0.089240 0.726262
vt 0.094291 0.719931
vt 0.094527 0.718075
vt 0.083483 0.740354
vt 0.084512 0.730541
vt 0.078498 0.744742
vt 0.081343 0.764324
vt 0.094597 0.781993
vt 0.097296 0.778559
vt 0.103170 0.789079
vt 0.097318 0.790239
vt 0.397131 0.737688
vt 0.393637 0.758375
vt 0.382556 0.753250
vt 0.395527 0.765863
vt 0.384539 0.761147
vt 0.388062 0.778624
vt 0.373731 0.755943
vt 0.377980 0.749100
vt 0.374717 0.775967
vt 0.376007 0.781905
vt 0.373328 0.769787
vt 0.371473 0.775934
vt 0.366738 0.774016
vt 0.364667 0.780122
vt 0.374835 0.799424
vt 0.367660 0.783677
vt 0.365222 0.797601
vt 0.366885 0.820450
vt 0.352826 0.816461
vt 0.363941 0.848258
vt 0.361250 0.849157
vt 0.355326 0.868757
vt 0.354826 0.876015
vt 0.354422 0.880719
vt 0.356375 0.898247
vt 0.350965 0.900911
vt 0.346793 0.910172
vt 0.345064 0.902021
vt 0.353217 0.912297
vt 0.355684 0.907251
vt 0.353299 0.901644
vt 0.358092 0.898653
vt 0.358817 0.893227
vt 0.363892 0.892364
vt 0.356731 0.890015
vt 0.347223 0.906416
vt 0.347850 0.891680
vt 0.361156 0.902240
vt 0.361041 0.905069
vt 0.354525 0.915871
vt 0.358912 0.902501
vt 0.348497 0.915542
vt 0.345380 0.917831
vt 0.338308 0.922697
vt 0.343067 0.918993
vt 0.335165 0.928001
vt 0.334966 0.930333
vt 0.333891 0.937761
vt 0.347440 0.921929
vt 0.331587 0.937971
vt 0.326322 0.940406
vt 0.317626 0.944411
vt 0.307617 0.954004
vt 0.295074 0.962280
vt 0.292087 0.958576
vt 0.286263 0.967904
vt 0.301441 0.954388
vt 0.289576 0.953085
vt 0.297293 0.944063
vt 0.271400 0.972336
vt 0.271123 0.967057
vt 0.281308 0.964089
vt 0.262038 0.968489
vt 0.254369 0.961745
vt 0.265629 0.958842
vt 0.251445 0.961998
vt 0.328302 0.824246
vt 0.347786 0.828348
vt 0.345036 0.841683
vt 0.280478 0.898559
vt 0.288662 0.889598
vt 0.297911 0.890808
vt 0.290186 0.877554
vt 0.302690 0.882284
vt 0.127385 0.613448
vt 0.120998 0.626124
vt 0.127493 0.610574
vt 0.147292 0.584478
vt 0.151529 0.576061
vt 0.135654 0.622112
vt 0.137287 0.622983
vt 0.137287 0.617138
vt 0.128377 0.623451
vt 0.125113 0.629649
vt 0.137659 0.657780
vt 0.138858 0.656578
vt 0.136034 0.650793
vt 0.126140 0.657948
vt 0.120432 0.650634
vt 0.127778 0.648298
vt 0.124395 0.648593
vt 0.127636 0.645124
vt 0.139978 0.640166
vt 0.131256 0.642457
vt 0.124023 0.643262
vt 0.131106 0.637204
vt 0.140300 0.634825
vt 0.142378 0.626304
vt 0.150977 0.624885
vt 0.133799 0.628105
vt 0.122532 0.637746
vt 0.131311 0.630204
vt 0.135772 0.633703
vt 0.132234 0.618465
vt 0.140069 0.624124
vt 0.148553 0.619480
vt 0.140811 0.619890
vt 0.154984 0.594498
vt 0.148139 0.596838
vt 0.142325 0.604066
vt 0.153496 0.614066
vt 0.161038 0.598069
vt 0.155833 0.619645
vt 0.172252 0.604545
vt 0.168330 0.601253
vt 0.160274 0.584249
vt 0.167997 0.589769
vt 0.169778 0.593967
vt 0.167477 0.599594
vt 0.177131 0.603330
vt 0.184075 0.610824
vt 0.178676 0.596879
vt 0.201954 0.589093
vt 0.202851 0.592068
vt 0.180484 0.596822
vt 0.181224 0.592041
vt 0.182080 0.591833
vt 0.180052 0.585976
vt 0.167793 0.577528
vt 0.176864 0.575479
vt 0.161893 0.581210
vt 0.179714 0.574736
vt 0.168295 0.571183
vt 0.168524 0.582326
vt 0.172612 0.572361
vt 0.182660 0.559929
vt 0.170815 0.566378
vt 0.184582 0.557342
vt 0.179462 0.568451
vt 0.192081 0.551091
vt 0.192978 0.552073
vt 0.202723 0.552295
vt 0.199187 0.552720
vt 0.207156 0.548380
vt 0.208750 0.549508
vt 0.216368 0.553533
vt 0.224519 0.552916
vt 0.202581 0.588369
vt 0.202247 0.588590
vt 0.198867 0.580935
vt 0.196069 0.574359
vt 0.194971 0.575369
vt 0.195832 0.556421
vt 0.207261 0.556075
vt 0.220247 0.560987
vt 0.202978 0.568469
vt 0.196093 0.567392
vt 0.209471 0.571159
vt 0.217909 0.577842
vt 0.180207 0.554935
vt 0.214115 0.593445
vt 0.215389 0.588771
vt 0.225163 0.601282
vt 0.236274 0.603194
vt 0.238022 0.608085
vt 0.221921 0.590846
vt 0.239184 0.600513
vt 0.251674 0.611199
vt 0.300148 0.594412
vt 0.299485 0.600664
vt 0.288327 0.593386
vt 0.289333 0.598620
vt 0.281356 0.600117
vt 0.270267 0.602266
vt 0.263392 0.602631
vt 0.262847 0.597583
vt 0.270330 0.594966
vt 0.278573 0.594747
vt 0.277741 0.577506
vt 0.273881 0.580309
vt 0.276314 0.586637
vt 0.268359 0.588036
vt 0.258398 0.601410
vt 0.260077 0.591730
vt 0.249078 0.597070
vt 0.264355 0.584713
vt 0.253429 0.588380
vt 0.255996 0.578329
vt 0.266951 0.579239
vt 0.256717 0.579288
vt 0.262338 0.592144
vt 0.309344 0.595869
vt 0.321669 0.582726
vt 0.341189 0.595455
vt 0.338276 0.593888
vt 0.342668 0.590712
vt 0.330601 0.580155
vt 0.356365 0.610929
vt 0.354652 0.602071
vt 0.350998 0.615877
vt 0.350915 0.604216
vt 0.398098 0.657444
vt 0.406512 0.678885
vt 0.405303 0.684444
vt 0.398155 0.661908
vt 0.403079 0.677489
vt 0.395302 0.661501
vt 0.403009 0.672312
vt 0.396336 0.661651
vt 0.393939 0.665102
vt 0.402984 0.674991
vt 0.391925 0.670748
vt 0.402709 0.685455
vt 0.405879 0.685776
vt 0.407156 0.698897
vt 0.403960 0.701939
vt 0.402552 0.708170
vt 0.400883 0.697029
vt 0.398914 0.707488
vt 0.393036 0.720503
vt 0.384406 0.698551
vt 0.369066 0.718610
vt 0.369339 0.698267
vt 0.363390 0.699977
vt 0.366164 0.738336
vt 0.361940 0.718321
vt 0.373792 0.737710
vt 0.347405 0.872665
vt 0.342201 0.881600
vt 0.341058 0.891085
vt 0.311174 0.878933
vt 0.290526 0.866687
vt 0.267812 0.858651
vt 0.261282 0.838021
vt 0.269830 0.845255
vt 0.255038 0.868974
vt 0.274892 0.875045
vt 0.280150 0.850206
vt 0.358863 0.851253
vt 0.351326 0.860351
vt 0.341386 0.852657
vt 0.342684 0.856774
vt 0.348074 0.841169
vt 0.355978 0.797586
vt 0.348284 0.802269
vt 0.347171 0.813463
vt 0.342684 0.808637
vt 0.337737 0.836478
vt 0.332215 0.832658
vt 0.336259 0.810956
vt 0.318720 0.827329
vt 0.325764 0.806328
vt 0.321936 0.797889
vt 0.324617 0.854098
vt 0.316714 0.845463
vt 0.315888 0.850729
vt 0.328048 0.832320
vt 0.305186 0.844116
vt 0.301432 0.850901
vt 0.300435 0.845764
vt 0.306288 0.859111
vt 0.294588 0.850983
vt 0.323663 0.864120
vt 0.309716 0.860356
vt 0.337462 0.860986
vt 0.340977 0.861835
vt 0.352747 0.863524
vt 0.337220 0.868397
vt 0.327817 0.852978
vt 0.339910 0.863685
vt 0.330917 0.869480
vt 0.322226 0.867755
vt 0.321568 0.869592
vt 0.311667 0.863375
vt 0.311735 0.862613
vt 0.192176 0.547058
vt 0.211049 0.541904
vt 0.214358 0.545867
vt 0.219512 0.544921
vt 0.226286 0.551270
vt 0.228676 0.561665
vt 0.227821 0.561624
vt 0.218916 0.557357
vt 0.222253 0.557333
vt 0.226585 0.572121
vt 0.168613 0.561104
vt 0.165790 0.565007
vt 0.166832 0.559228
vt 0.160237 0.569719
vt 0.160773 0.565548
vt 0.157773 0.577002
vt 0.144348 0.594810
vt 0.134701 0.609565
vt 0.136988 0.599527
vt 0.154388 0.572337
vt 0.250939 0.582021
vt 0.255616 0.583037
vt 0.252127 0.589581
vt 0.255991 0.570613
vt 0.263167 0.562990
vt 0.278625 0.561924
vt 0.273230 0.577219
vt 0.278539 0.568319
vt 0.281669 0.568612
vt 0.285352 0.565928
vt 0.278108 0.555952
vt 0.261397 0.559151
vt 0.259056 0.566142
vt 0.249948 0.570806
vt 0.250945 0.573470
vt 0.251128 0.568114
vt 0.253862 0.555858
vt 0.264671 0.546513
vt 0.251935 0.556070
vt 0.261167 0.541084
vt 0.245349 0.554682
vt 0.263264 0.546837
vt 0.282971 0.543509
vt 0.282613 0.547947
vt 0.283941 0.547293
vt 0.286684 0.558297
vt 0.295987 0.563752
vt 0.297268 0.556058
vt 0.296958 0.557090
vt 0.300002 0.553721
vt 0.316012 0.566427
vt 0.313177 0.564601
vt 0.308816 0.567602
vt 0.318946 0.576600
vt 0.327679 0.580784
vt 0.335553 0.587337
vt 0.331348 0.581791
vt 0.325263 0.579137
vt 0.316540 0.575146
vt 0.316693 0.571362
vt 0.321993 0.571977
vt 0.326471 0.574301
vt 0.320841 0.578799
vt 0.317739 0.561252
vt 0.321433 0.563300
vt 0.325138 0.573695
vt 0.324027 0.569284
vt 0.315539 0.562290
vt 0.323863 0.566179
vt 0.328548 0.576485
vt 0.330061 0.579953
vt 0.340114 0.589545
vt 0.343506 0.586826
vt 0.335594 0.572866
vt 0.325729 0.577999
vt 0.347481 0.582010
vt 0.354203 0.597252
vt 0.354249 0.600319
vt 0.357081 0.595905
vt 0.353900 0.590158
vt 0.346931 0.582978
vt 0.353704 0.596955
vt 0.341417 0.583279
vt 0.345914 0.598714
vt 0.365963 0.613221
vt 0.360297 0.601022
vt 0.362218 0.620716
vt 0.360507 0.613850
vt 0.355919 0.606358
vt 0.357534 0.619703
vt 0.364634 0.617721
vt 0.372418 0.621217
vt 0.371207 0.621374
vt 0.372593 0.628466
vt 0.379077 0.636745
vt 0.387158 0.636602
vt 0.391353 0.644259
vt 0.382282 0.633701
vt 0.386054 0.635585
vt 0.131153 0.841728
vt 0.137877 0.852762
vt 0.143350 0.862803
vt 0.142114 0.848304
vt 0.148242 0.865501
vt 0.157511 0.857501
vt 0.161649 0.869359
vt 0.152643 0.875554
vt 0.169471 0.872372
vt 0.169027 0.859896
vt 0.177878 0.862611
vt 0.170563 0.849783
vt 0.174991 0.859854
vt 0.182964 0.852597
vt 0.171462 0.869498
vt 0.161940 0.865223
vt 0.169121 0.859122
vt 0.179322 0.856333
vt 0.163324 0.859717
vt 0.155308 0.854091
vt 0.148954 0.859168
vt 0.134794 0.864619
vt 0.126161 0.853227
vt 0.130982 0.856383
vt 0.143428 0.849560
vt 0.152686 0.854427
vt 0.135633 0.845406
vt 0.134435 0.851422
vt 0.127804 0.836436
vt 0.118625 0.850818
vt 0.115576 0.849310
vt 0.110855 0.842136
vt 0.120727 0.838811
vt 0.122578 0.842781
vt 0.126396 0.831961
vt 0.137206 0.827313
vt 0.140950 0.822633
vt 0.116468 0.829400
vt 0.113003 0.834885
vt 0.104954 0.828168
vt 0.106468 0.822066
vt 0.102318 0.806851
vt 0.104415 0.795139
vt 0.106792 0.806735
vt 0.110137 0.804705
vt 0.109779 0.814517
vt 0.129667 0.819972
vt 0.120628 0.817592
vt 0.325179 0.568882
vt 0.317441 0.561785
vt 0.325270 0.561683
vt 0.331139 0.570447
vt 0.316001 0.557730
vt 0.324328 0.561330
vt 0.312614 0.556938
vt 0.299515 0.555620
vt 0.285372 0.560349
vt 0.298547 0.553020
vt 0.307848 0.559527
vt 0.335588 0.574764
vt 0.334105 0.573236
vt 0.337089 0.579995
vt 0.343364 0.584331
vt 0.338090 0.601621
vt 0.324660 0.586272
vt 0.352957 0.626837
vt 0.371719 0.631339
vt 0.257660 0.644653
vt 0.245155 0.675995
vt 0.243318 0.690104
vt 0.238641 0.695708
vt 0.243110 0.697058
vt 0.233118 0.696546
vt 0.235864 0.697455
vt 0.230146 0.564497
vt 0.248035 0.573685
vt 0.246957 0.564085
vt 0.244831 0.570496
vt 0.212197 0.585065
vt 0.221881 0.581221
vt 0.226160 0.576078
vt 0.221315 0.590450
vt 0.231867 0.578741
vt 0.230773 0.574415
vt 0.235402 0.575997
vt 0.234575 0.571497
vt 0.234335 0.565954
vt 0.227546 0.555267
vt 0.233421 0.566078
vt 0.234023 0.559057
vt 0.225987 0.549229
vt 0.219706 0.550107
vt 0.216357 0.547979
vt 0.214841 0.543127
vt 0.222102 0.551664
vt 0.243411 0.566557
vt 0.244366 0.546338
vt 0.261001 0.535079
vt 0.299575 0.550241
vt 0.305410 0.551459
vt 0.316681 0.557451
vt 0.312925 0.552844
vt 0.303143 0.548536
vt 0.296753 0.554330
vt 0.282074 0.539485
vt 0.279765 0.541388
vt 0.297076 0.545472
vt 0.299218 0.545604
vt 0.303390 0.547589
vt 0.253726 0.535752
vt 0.243683 0.547809
vt 0.242203 0.564166
vt 0.269161 0.535233
vt 0.271660 0.535468
vt 0.284912 0.538411
vt 0.284917 0.538597
vt 0.282343 0.539261
vt 0.259936 0.536091
vt 0.271690 0.534779
vt 0.298876 0.580721
vt 0.286694 0.562307
vt 0.279649 0.552185
vt 0.286008 0.547047
vt 0.287177 0.537467
vt 0.272519 0.537385
vt 0.271548 0.534705
vt 0.261604 0.540532
vt 0.258607 0.539064
vt 0.244560 0.565981
vt 0.247356 0.549728
vt 0.250834 0.549025
vt 0.250079 0.546534
vt 0.262739 0.540585
vt 0.263187 0.549054
vt 0.251213 0.550996
vt 0.256171 0.554849
vt 0.249640 0.566375
vt 0.075107 0.741679
vt 0.078820 0.736609
vt 0.083584 0.718851
vt 0.244344 0.623646
vt 0.243423 0.630475
vt 0.239598 0.629119
vt 0.244879 0.658391
vt 0.242102 0.658996
vt 0.243383 0.665735
vt 0.245058 0.666804
vt 0.245173 0.690574
vt 0.245276 0.703828
vt 0.244568 0.710173
vt 0.243469 0.714302
vt 0.246221 0.700126
vt 0.247431 0.725606
vt 0.248255 0.736881
vt 0.247087 0.754062
vt 0.246885 0.764921
vt 0.246272 0.779097
vt 0.237568 0.786415
vt 0.245655 0.791985
vt 0.247111 0.812752
vt 0.248295 0.836732
vt 0.245929 0.860994
vt 0.247816 0.852630
vt 0.247659 0.868302
vt 0.246661 0.882518
vt 0.242605 0.890733
vt 0.244207 0.903190
vt 0.245891 0.901025
vt 0.246178 0.909546
vt 0.281808 0.832240
vt 0.300207 0.829160
vt 0.303003 0.813453
vt 0.337361 0.790526
vt 0.321285 0.766681
vt 0.356295 0.778449
vt 0.355898 0.757658
vt 0.371088 0.752749
vt 0.362327 0.737029
vt 0.338174 0.739196
vt 0.337491 0.768448
vt 0.319300 0.750683
vt 0.309006 0.730389
vt 0.335346 0.718565
vt 0.357427 0.717973
vt 0.355372 0.687625
vt 0.329193 0.695573
vt 0.299440 0.705215
vt 0.317947 0.673722
vt 0.296507 0.675896
vt 0.335199 0.660372
vt 0.370841 0.667975
vt 0.369475 0.685372
vt 0.384187 0.645212
vt 0.361479 0.636022
vt 0.337370 0.627271
vt 0.369417 0.650126
vt 0.318995 0.609017
vt 0.273334 0.559965
vt 0.255040 0.576132
vt 0.206471 0.539415
vt 0.190880 0.543247
vt 0.178329 0.553675
vt 0.183156 0.552416
vt 0.174049 0.554981
vt 0.203077 0.544245
vt 0.192262 0.547639
vt 0.214112 0.545512
vt 0.239976 0.573462
vt 0.238749 0.582791
vt 0.238937 0.585112
vt 0.234251 0.590351
vt 0.239756 0.567984
vt 0.238712 0.565841
vt 0.222975 0.552633
vt 0.221117 0.551365
vt 0.212299 0.548219
vt 0.193804 0.549827
vt 0.185464 0.553802
vt 0.163429 0.559645
vt 0.165440 0.562555
vt 0.163843 0.565336
vt 0.155391 0.570590
vt 0.152924 0.572742
vt 0.160439 0.584483
vt 0.161613 0.568270
vt 0.159199 0.565933
vt 0.171194 0.566838
vt 0.173153 0.556883
vt 0.172714 0.558564
vt 0.196616 0.549829
vt 0.182003 0.549680
vt 0.211119 0.552851
vt 0.183720 0.553276
vt 0.167456 0.563791
vt 0.175925 0.560583
vt 0.186705 0.559156
vt 0.202290 0.555909
vt 0.202252 0.565824
vt 0.190322 0.566701
vt 0.210344 0.560692
vt 0.231006 0.560671
vt 0.213074 0.564803
vt 0.230615 0.569636
vt 0.209874 0.572381
vt 0.198202 0.579800
vt 0.176422 0.568630
vt 0.170257 0.577511
vt 0.187706 0.573483
vt 0.211684 0.598408
vt 0.241833 0.589199
vt 0.234469 0.611177
vt 0.203939 0.626265
vt 0.187940 0.604224
vt 0.206481 0.656254
vt 0.230138 0.637504
vt 0.224281 0.659011
vt 0.220406 0.681478
vt 0.207748 0.719571
vt 0.192487 0.669941
vt 0.164817 0.680627
vt 0.189809 0.716315
vt 0.159663 0.717085
vt 0.129609 0.694352
vt 0.131255 0.720565
vt 0.144559 0.668195
vt 0.134043 0.654032
vt 0.123868 0.674921
vt 0.116210 0.663330
vt 0.127781 0.640000
vt 0.105580 0.654944
vt 0.109744 0.643517
vt 0.097346 0.657224
vt 0.091774 0.672464
vt 0.084164 0.689737
vt 0.084439 0.702892
vt 0.086808 0.701337
vt 0.092093 0.671015
vt 0.100876 0.654936
vt 0.090655 0.671101
vt 0.096297 0.678086
vt 0.107994 0.684259
vt 0.119044 0.701800
vt 0.098539 0.693256
vt 0.089080 0.705580
vt 0.084889 0.695222
vt 0.103291 0.706614
vt 0.102700 0.729015
vt 0.113872 0.742168
vt 0.111925 0.727962
vt 0.120346 0.733299
vt 0.125336 0.731494
vt 0.101758 0.756184
vt 0.098139 0.763797
vt 0.098031 0.770341
vt 0.135488 0.816664
vt 0.143909 0.816461
vt 0.147625 0.813184
vt 0.146532 0.816940
vt 0.161567 0.845854
vt 0.142522 0.846967
vt 0.153776 0.831624
vt 0.175437 0.844415
vt 0.187102 0.843152
vt 0.186627 0.833598
vt 0.154899 0.845242
vt 0.340232 0.643185
vt 0.295530 0.610442
vt 0.286307 0.597895
vt 0.279890 0.572890
vt 0.260948 0.591653
vt 0.264617 0.617948
vt 0.281344 0.627053
vt 0.256114 0.622906
vt 0.277159 0.684116
vt 0.283850 0.658466
vt 0.284759 0.803199
vt 0.282807 0.772007
vt 0.284331 0.752746
vt 0.282687 0.713778
vt 0.135187 0.739580
vt 0.116126 0.744346
vt 0.105327 0.755788
vt 0.105633 0.761434
vt 0.101604 0.771258
vt 0.104779 0.791177
vt 0.109090 0.804157
vt 0.121818 0.814835
vt 0.130084 0.816934
vt 0.145224 0.806308
vt 0.159518 0.814920
vt 0.183098 0.824134
vt 0.181013 0.824314
vt 0.184563 0.820594
vt 0.182683 0.837295
vt 0.187699 0.836353
vt 0.186604 0.825500
vt 0.188927 0.826061
vt 0.175611 0.829593
vt 0.154006 0.833847
vt 0.189764 0.810971
vt 0.181680 0.807875
vt 0.195215 0.816458
vt 0.159238 0.808070
vt 0.176741 0.813627
vt 0.159294 0.795927
vt 0.176814 0.806776
vt 0.123659 0.807072
vt 0.142361 0.797190
vt 0.112409 0.788165
vt 0.127346 0.783268
vt 0.153363 0.781341
vt 0.177401 0.777562
vt 0.177205 0.796996
vt 0.167670 0.754290
vt 0.146866 0.761554
vt 0.125468 0.768822
vt 0.110480 0.770845
vt 0.114795 0.762582
vt 0.124756 0.755141
vt 0.140137 0.747333
vt 0.166470 0.736980
vt 0.120885 0.749228
vt 0.242565 0.957607
vt 0.243811 0.962094
vt 0.325091 0.891194
vt 0.323568 0.897418
vt 0.336754 0.903828
vt 0.323134 0.908475
vt 0.322944 0.918663
vt 0.325058 0.932350
vt 0.325698 0.939403
vt 0.323313 0.935449
vt 0.323799 0.947209
vt 0.314450 0.945222
vt 0.310974 0.952697
vt 0.308217 0.947946
vt 0.315229 0.936611
vt 0.316625 0.931589
vt 0.316298 0.923398
vt 0.307455 0.921323
vt 0.300496 0.921488
vt 0.297382 0.948064
vt 0.298499 0.924045
vt 0.284651 0.958973
vt 0.275382 0.952648
vt 0.284517 0.950140
vt 0.274958 0.955155
vt 0.262680 0.961607
vt 0.284346 0.948299
vt 0.238773 0.957522
vt 0.203255 0.952051
vt 0.196884 0.948566
vt 0.196409 0.951939
vt 0.183034 0.936831
vt 0.164937 0.913488
vt 0.157686 0.916150
vt 0.147544 0.911146
vt 0.132913 0.912631
vt 0.133850 0.899238
vt 0.134292 0.890933
vt 0.131439 0.861174
vt 0.120846 0.865467
vt 0.144764 0.861977
vt 0.142695 0.876398
vt 0.145161 0.892176
vt 0.147367 0.896807
vt 0.149879 0.897205
vt 0.145700 0.901996
vt 0.155966 0.906670
vt 0.156872 0.896441
vt 0.157992 0.899205
vt 0.164634 0.897842
vt 0.164418 0.905820
vt 0.178910 0.919381
vt 0.171360 0.907784
vt 0.187550 0.930986
vt 0.195404 0.928301
vt 0.185767 0.921391
vt 0.194396 0.925153
vt 0.198662 0.936127
vt 0.192251 0.909891
vt 0.197271 0.914545
vt 0.186488 0.911846
vt 0.180026 0.899400
vt 0.187589 0.896916
vt 0.184099 0.892855
vt 0.177064 0.895596
vt 0.171464 0.886454
vt 0.182794 0.887295
vt 0.171557 0.901466
vt 0.166959 0.898298
vt 0.160665 0.891590
vt 0.150158 0.881973
vt 0.164701 0.875703
vt 0.200409 0.742923
vt 0.186686 0.759504
vt 0.190384 0.739993
vt 0.199124 0.781394
vt 0.211481 0.779419
vt 0.185513 0.781782
vt 0.188631 0.811356
vt 0.281726 0.581265
vt 0.331982 0.593519
vt 0.348069 0.594799
vt 0.358472 0.608674
vt 0.300002 0.570490
vt 0.331496 0.580173
vt 0.335179 0.589106
vt 0.335208 0.585344
vt 0.340858 0.587064
vt 0.342753 0.588569
vt 0.328783 0.593077
vt 0.329246 0.581029
vt 0.301444 0.569464
vt 0.296702 0.568884
vt 0.289931 0.567106
vt 0.269180 0.574497
vt 0.269901 0.575989
vt 0.292882 0.566000
vt 0.264870 0.570449
vt 0.257736 0.571109
vt 0.319998 0.582241
vt 0.326647 0.583624
vt 0.341630 0.595900
vt 0.349956 0.597188
vt 0.346728 0.600530
vt 0.368830 0.619809
vt 0.366316 0.623789
vt 0.382316 0.635069
vt 0.378906 0.642987
vt 0.379417 0.635099
vt 0.363246 0.618739
vt 0.364567 0.616771
vt 0.380540 0.648455
vt 0.385264 0.648577
vt 0.375973 0.622331
vt 0.383134 0.635028
vt 0.351983 0.595381
vt 0.364473 0.607787
vt 0.370156 0.629560
vt 0.264522 0.641641
vt 0.279994 0.641980
vt 0.273681 0.640303
vt 0.272353 0.663899
vt 0.371883 0.663657
vt 0.373576 0.651817
vt 0.379262 0.638792
vt 0.378425 0.654699
vt 0.371607 0.672749
vt 0.371833 0.668265
vt 0.371111 0.670733
vt 0.370669 0.674120
vt 0.355204 0.663191
vt 0.367770 0.676007
vt 0.334897 0.691695
vt 0.307343 0.716142
vt 0.326477 0.708954
vt 0.331827 0.696926
vt 0.339248 0.689447
vt 0.326106 0.675897
vt 0.315547 0.707285
vt 0.316808 0.681790
vt 0.303605 0.696718
vt 0.309241 0.713731
vt 0.293770 0.710564
vt 0.353693 0.684985
vt 0.352666 0.684381
vt 0.343763 0.668724
vt 0.356472 0.684023
vt 0.365284 0.681022
vt 0.350755 0.687228
vt 0.334620 0.698515
vt 0.325965 0.699293
vt 0.315678 0.706666
vt 0.299325 0.702614
vt 0.296160 0.709179
vt 0.274758 0.700564
vt 0.257183 0.960497
vt 0.263544 0.960040
vt 0.274145 0.952003
vt 0.286288 0.932561
vt 0.294043 0.933675
vt 0.283268 0.940215
vt 0.292796 0.944965
vt 0.317159 0.909468
vt 0.317676 0.896497
vt 0.318435 0.892211
vt 0.339783 0.861227
vt 0.350257 0.843974
vt 0.245767 0.874254
vt 0.245160 0.897490
vt 0.347270 0.844912
vt 0.244929 0.849947
vt 0.333392 0.864172
vt 0.333835 0.884968
vt 0.321832 0.873831
vt 0.314707 0.891680
vt 0.323550 0.891583
vt 0.311211 0.899088
vt 0.310203 0.913087
vt 0.302127 0.913492
vt 0.294900 0.899665
vt 0.296150 0.906142
vt 0.288715 0.904105
vt 0.278921 0.909568
vt 0.283467 0.913665
vt 0.290731 0.911355
vt 0.295963 0.917965
vt 0.286596 0.927309
vt 0.285298 0.922049
vt 0.279925 0.936864
vt 0.276122 0.920437
vt 0.273783 0.932009
vt 0.269239 0.941427
vt 0.262263 0.949961
vt 0.257029 0.940008
vt 0.254220 0.951445
vt 0.264634 0.936307
vt 0.267006 0.928757
vt 0.249256 0.938088
vt 0.251983 0.933869
vt 0.264532 0.914999
vt 0.270784 0.905776
vt 0.249738 0.907214
vt 0.248228 0.914843
vt 0.255006 0.924293
vt 0.245774 0.924340
vt 0.245818 0.929525
vt 0.240053 0.950128
vt 0.241216 0.934529
vt 0.244510 0.951138
vt 0.219615 0.954654
vt 0.217317 0.934710
vt 0.235556 0.910263
vt 0.242277 0.897539
vt 0.241319 0.918649
vt 0.226335 0.920262
vt 0.214334 0.909587
vt 0.214020 0.902359
vt 0.207217 0.898483
vt 0.210132 0.914855
vt 0.207832 0.920873
vt 0.209594 0.934315
vt 0.207354 0.947191
vt 0.202796 0.930486
vt 0.202237 0.916626
vt 0.255973 0.585101
vt 0.256290 0.590151
vt 0.365813 0.661345
vt 0.359330 0.629158
vt 0.315158 0.592397
vt 0.281036 0.583347
vt 0.282217 0.571146
vt 0.286086 0.604757
vt 0.256324 0.604615
vt 0.257824 0.620079
vt 0.252004 0.611788
vt 0.259773 0.577158
vt 0.241665 0.590593
vt 0.241434 0.583889
vt 0.250498 0.579940
vt 0.240071 0.600396
vt 0.237337 0.595532
vt 0.238773 0.597511
vt 0.224079 0.595212
vt 0.222899 0.597716
vt 0.235911 0.606064
vt 0.228558 0.606504
vt 0.238800 0.612629
vt 0.223249 0.617992
vt 0.220042 0.603405
vt 0.214215 0.619764
vt 0.233382 0.630529
vt 0.225273 0.636274
vt 0.238343 0.637101
vt 0.232877 0.656389
vt 0.204789 0.600926
vt 0.219733 0.588854
vt 0.195504 0.619629
vt 0.204221 0.634722
vt 0.220950 0.583934
vt 0.204537 0.573029
vt 0.220468 0.584655
vt 0.202122 0.578681
vt 0.195199 0.585526
vt 0.190613 0.586479
vt 0.201003 0.600692
vt 0.190222 0.580958
vt 0.182654 0.580245
vt 0.176493 0.571887
vt 0.181842 0.572107
vt 0.199436 0.574141
vt 0.183680 0.580057
vt 0.165190 0.575687
vt 0.173241 0.574329
vt 0.172534 0.584624
vt 0.152574 0.580332
vt 0.151764 0.578692
vt 0.139414 0.589588
vt 0.135194 0.593128
vt 0.152556 0.590346
vt 0.178111 0.574735
vt 0.171464 0.589663
vt 0.161754 0.583606
vt 0.164920 0.581867
vt 0.132544 0.588740
vt 0.149250 0.582230
vt 0.129655 0.592669
vt 0.149933 0.586086
vt 0.125497 0.613844
vt 0.113011 0.632834
vt 0.113988 0.660169
vt 0.129372 0.687942
vt 0.158501 0.713503
vt 0.207370 0.716849
vt 0.143302 0.588065
vt 0.131745 0.593601
vt 0.140425 0.593551
vt 0.119664 0.607756
vt 0.143834 0.606185
vt 0.118077 0.603385
vt 0.119131 0.601871
vt 0.122665 0.613052
vt 0.116304 0.630709
vt 0.103742 0.658965
vt 0.104726 0.665229
vt 0.115813 0.610787
vt 0.098069 0.656097
vt 0.108405 0.628349
vt 0.099725 0.675419
vt 0.115289 0.664780
vt 0.100598 0.681930
vt 0.095539 0.666940
vt 0.092956 0.649327
vt 0.109866 0.613965
vt 0.101684 0.627101
vt 0.101610 0.631980
vt 0.091061 0.655342
vt 0.100884 0.679066
vt 0.094612 0.658293
vt 0.098862 0.685375
vt 0.110220 0.678774
vt 0.092081 0.650255
vt 0.101905 0.679501
vt 0.101983 0.641390
vt 0.111567 0.672159
vt 0.116392 0.637122
vt 0.103207 0.629427
vt 0.106343 0.627523
vt 0.118272 0.606222
vt 0.129799 0.602738
vt 0.117133 0.617196
vt 0.120982 0.633799
vt 0.110547 0.648698
vt 0.138424 0.616373
vt 0.154196 0.644997
vt 0.153677 0.618443
vt 0.146277 0.601454
vt 0.150387 0.596821
vt 0.157606 0.608528
vt 0.175638 0.592500
vt 0.190007 0.608514
vt 0.246711 0.620520
vt 0.253465 0.628715
vt 0.146664 0.695112
vt 0.123731 0.689031
vt 0.117699 0.693640
vt 0.123200 0.697843
vt 0.138573 0.699467
vt 0.151150 0.707433
vt 0.190353 0.711535
vt 0.205910 0.684243
vt 0.210974 0.706565
vt 0.164082 0.699565
vt 0.147959 0.686918
vt 0.121763 0.687580
vt 0.117893 0.683866
vt 0.139590 0.693246
vt 0.142516 0.706374
vt 0.153344 0.714268
vt 0.140892 0.706102
vt 0.135844 0.701246
vt 0.132689 0.693604
vt 0.120896 0.695478
vt 0.103646 0.686217
vt 0.132127 0.695506
vt 0.122988 0.696111
vt 0.136222 0.702402
vt 0.144626 0.710626
vt 0.154433 0.718323
vt 0.162735 0.719548
vt 0.177703 0.724505
vt 0.154711 0.712531
vt 0.146103 0.709101
vt 0.136514 0.699697
vt 0.133721 0.689940
vt 0.101392 0.677555
vt 0.189246 0.735712
vt 0.260287 0.686652
vt 0.258560 0.677667
vt 0.228739 0.656329
vt 0.299002 0.690186
vt 0.283877 0.721237
vt 0.316728 0.680928
vt 0.337976 0.676522
vt 0.353188 0.660797
vt 0.351761 0.640609
vt 0.339073 0.610292
vt 0.307441 0.610337
vt 0.293295 0.653153
vt 0.338354 0.659413
vt 0.329002 0.627939
vt 0.273400 0.655347
vt 0.252658 0.647113
vt 0.270596 0.643837
vt 0.264828 0.622400
vt 0.234887 0.658314
vt 0.281921 0.685624
vt 0.255121 0.669048
vt 0.239409 0.672511
vt 0.212157 0.688842
vt 0.214458 0.703446
vt 0.214972 0.723067
vt 0.225799 0.712856
vt 0.234856 0.731460
vt 0.242031 0.709824
vt 0.251705 0.724797
vt 0.249302 0.699543
vt 0.259790 0.704634
vt 0.252964 0.685164
vt 0.246528 0.689530
vt 0.247184 0.680228
vt 0.235150 0.670341
vt 0.220635 0.672318
vt 0.222154 0.674641
vt 0.211847 0.684084
vt 0.217506 0.695351
vt 0.226692 0.697245
vt 0.238125 0.694790
vt 0.234211 0.693754
vt 0.236673 0.687658
vt 0.246440 0.677713
vt 0.232223 0.667675
vt 0.217662 0.669556
vt 0.207892 0.680054
vt 0.217698 0.688642
vt 0.223535 0.695051
vt 0.231510 0.680583
vt 0.218513 0.680342
vt 0.207209 0.675155
vt 0.226870 0.667013
vt 0.217182 0.667043
vt 0.241736 0.675831
vt 0.266117 0.719327
vt 0.268293 0.733622
vt 0.277805 0.738088
vt 0.280928 0.720167
vt 0.275666 0.745549
vt 0.262246 0.764135
vt 0.275334 0.739229
vt 0.262008 0.763690
vt 0.239239 0.763611
vt 0.237344 0.766805
vt 0.219471 0.768013
vt 0.219690 0.766540
vt 0.202600 0.752286
vt 0.204212 0.755084
vt 0.196323 0.743958
vt 0.173499 0.714133
vt 0.193448 0.730842
vt 0.201892 0.717152
vt 0.211261 0.731975
vt 0.255696 0.735711
vt 0.255947 0.748556
vt 0.234809 0.741853
vt 0.214364 0.746303
vt 0.218201 0.758248
vt 0.236385 0.752113
vt 0.237810 0.760464
vt 0.259612 0.755540
vt 0.222715 0.641019
vt 0.228238 0.652610
vt 0.208578 0.658523
vt 0.192640 0.644191
vt 0.201896 0.638503
vt 0.196115 0.660765
vt 0.186935 0.678404
vt 0.175868 0.663969
vt 0.243411 0.617768
vt 0.214444 0.600834
vt 0.219419 0.623262
vt 0.196712 0.578481
vt 0.243261 0.650145
vt 0.272596 0.660079
vt 0.280750 0.682382
vt 0.234130 0.734076
vt 0.251896 0.687790
vt 0.196104 0.891659
vt 0.201795 0.888299
vt 0.192122 0.878173
vt 0.200633 0.886448
vt 0.184284 0.874153
vt 0.179128 0.856816
vt 0.196821 0.869135
vt 0.190210 0.861438
vt 0.198119 0.859224
vt 0.201593 0.868209
vt 0.207639 0.866248
vt 0.218800 0.876438
vt 0.238798 0.899857
vt 0.239313 0.876307
vt 0.242569 0.877446
vt 0.243901 0.852916
vt 0.240784 0.853220
vt 0.224193 0.859110
vt 0.218563 0.840319
vt 0.241580 0.833294
vt 0.225438 0.830211
vt 0.204986 0.839492
vt 0.199915 0.832881
vt 0.209965 0.855229
vt 0.187462 0.837189
vt 0.244897 0.835540
vt 0.236736 0.807376
vt 0.241647 0.816515
vt 0.243877 0.591286
vt 0.243095 0.613807
vt 0.232726 0.708248
vt 0.236359 0.753730
vt 0.145365 0.844499
vt 0.152317 0.846590
vt 0.166016 0.843640
vt 0.182185 0.825515
vt 0.201235 0.819363
vt 0.223259 0.817841
vt 0.134346 0.822483
vt 0.134911 0.838203
vt 0.135636 0.826250
vt 0.138486 0.840880
vt 0.142258 0.833725
vt 0.147194 0.824805
vt 0.166335 0.821545
vt 0.185793 0.810153
vt 0.200666 0.810819
vt 0.206331 0.799438
vt 0.221776 0.785025
vt 0.238837 0.787897
vt 0.238263 0.779870
vt 0.240906 0.767092
vt 0.241418 0.805728
vt 0.237311 0.590656
vt 0.237949 0.568740
vt 0.236748 0.619746
vt 0.241989 0.609385
vt 0.239047 0.636742
vt 0.237557 0.667926
vt 0.241800 0.662593
vt 0.245826 0.745984
vt 0.244928 0.754286
vt 0.241071 0.720885
vt 0.237839 0.789712
vt 0.244765 0.791232
vt 0.244035 0.817171
vt 0.306957 0.857341
vt 0.317562 0.858624
vt 0.326162 0.854937
vt 0.337635 0.850190
vt 0.334072 0.835587
vt 0.359274 0.826001
vt 0.329516 0.820761
vt 0.326134 0.843430
vt 0.314742 0.850569
vt 0.307066 0.838713
vt 0.297308 0.839437
vt 0.307410 0.819838
vt 0.296078 0.817667
vt 0.282350 0.843558
vt 0.272258 0.835555
vt 0.260971 0.816756
vt 0.269410 0.818915
vt 0.254952 0.810759
vt 0.247732 0.833318
vt 0.284336 0.814870
vt 0.260386 0.801162
vt 0.293712 0.798295
vt 0.307999 0.806413
vt 0.323623 0.826246
vt 0.320891 0.812604
vt 0.327383 0.841344
vt 0.316713 0.833572
vt 0.360816 0.837504
vt 0.358393 0.841668
vt 0.353044 0.817031
vt 0.337328 0.814362
vt 0.328669 0.839177
vt 0.336006 0.856620
vt 0.321972 0.843791
vt 0.321964 0.829300
vt 0.323258 0.815907
vt 0.308237 0.808595
vt 0.302465 0.819934
vt 0.299571 0.837449
vt 0.294071 0.823909
vt 0.285403 0.806948
vt 0.289900 0.814986
vt 0.292110 0.819462
vt 0.289865 0.815982
vt 0.290533 0.807901
vt 0.276519 0.801025
vt 0.270147 0.791412
vt 0.258672 0.776890
vt 0.266466 0.793998
vt 0.277238 0.805257
vt 0.278270 0.788389
vt 0.266240 0.773302
vt 0.264183 0.749143
vt 0.256257 0.744873
vt 0.261925 0.721967
vt 0.266738 0.686476
vt 0.256530 0.641904
vt 0.254115 0.610228
vt 0.248304 0.611362
vt 0.248287 0.641209
vt 0.260756 0.690520
vt 0.259509 0.719369
vt 0.247336 0.738933
vt 0.244116 0.779975
vt 0.242782 0.605443
vt 0.243886 0.589129
vt 0.243146 0.584188
vt 0.251797 0.580240
vt 0.242565 0.577546
vt 0.244108 0.586006
vt 0.243781 0.588744
vt 0.243671 0.594328
vt 0.246723 0.617565
vt 0.245490 0.649150
vt 0.254580 0.648162
vt 0.252832 0.656973
vt 0.246736 0.878998
vt 0.244064 0.906422
vt 0.240932 0.914263
vt 0.248080 0.912513
vt 0.247343 0.921086
vt 0.248238 0.921445
vt 0.248749 0.942613
vt 0.243025 0.944486
vt 0.247810 0.931003
vt 0.246933 0.948835
vt 0.242468 0.947971
vt 0.244113 0.856085
vt 0.245630 0.892134
vt 0.240842 0.848714
vt 0.241162 0.929905
vt 0.238227 0.865375
vt 0.249314 0.700284
vt 0.251462 0.666158
vt 0.250040 0.694546
vt 0.252403 0.729589
vt 0.251494 0.729580
vt 0.249661 0.759195
vt 0.253019 0.788801
vt 0.250347 0.812365
vt 0.254104 0.820715
vt 0.255360 0.828940
vt 0.249749 0.833801
vt 0.257546 0.825082
vt 0.253381 0.821916
vt 0.251232 0.817058
vt 0.249704 0.826468
vt 0.249697 0.833627
vt 0.251724 0.842028
vt 0.252973 0.871971
vt 0.244704 0.912559
vt 0.247910 0.926083
vt 0.252281 0.940710
vt 0.250183 0.951876
vt 0.253717 0.956723
vt 0.250727 0.943350
vt 0.256312 0.954030
vt 0.255457 0.952273
vt 0.255202 0.940623
vt 0.250711 0.939799
vt 0.253683 0.935650
vt 0.251799 0.931592
vt 0.249901 0.929278
vt 0.255102 0.934110
vt 0.251465 0.927532
vt 0.254377 0.923474
vt 0.254641 0.928442
vt 0.250904 0.917648
vt 0.254314 0.924129
vt 0.248765 0.869231
vt 0.250014 0.888701
vt 0.250905 0.869782
vt 0.249440 0.915169
vt 0.251518 0.898172
vt 0.251361 0.919231
vt 0.250587 0.912827
vt 0.250334 0.904115
vt 0.249141 0.901239
vt 0.251981 0.901579
vt 0.251350 0.887798
vt 0.257926 0.907933
vt 0.255981 0.896611
vt 0.250457 0.853226
vt 0.251408 0.849935
vt 0.249879 0.850600
vt 0.247004 0.813381
vt 0.249438 0.794867
vt 0.249111 0.747794
vt 0.247310 0.908552
vt 0.254521 0.919954
vt 0.252638 0.926982
vt 0.251112 0.927688
vt 0.250410 0.945701
vt 0.250471 0.907515
vt 0.246673 0.898354
vt 0.241958 0.871660
vt 0.253695 0.883449
vt 0.249244 0.854702
vt 0.244069 0.796045
vt 0.245972 0.806867
vt 0.167931 0.681924
vt 0.167539 0.664982
vt 0.274823 0.638068
vt 0.119643 0.658320
vt 0.116917 0.846948
vt 0.134416 0.620497
s 1
usemtl Material.001
f 1/1/1 4/2/2 3/3/3
f 3/3/3 6/4/4 1/1/1
f 8/5/5 6/4/4 5/6/6
f 8/5/5 10/7/7 7/8/8
f 9/9/9 45/10/10 10/7/7
f 44/11/11 77/12/12 45/10/10
f 77/12/12 79/13/13 80/14/14
f 79/13/13 81/15/15 80/14/14
f 81/15/15 194/16/16 199/17/17
f 198/18/18 199/17/17 194/16/16
f 2/19/19 11/20/20 4/2/2
f 11/20/20 13/21/21 14/22/22
f 13/21/21 30/23/23 14/22/22
f 31/24/24 112/25/25 30/23/23
f 110/26/26 112/25/25 109/27/27
f 118/28/28 111/29/29 110/26/26
f 114/30/30 118/28/28 110/26/26
f 109/27/27 114/30/30 110/26/26
f 113/31/31 31/24/24 108/32/32
f 31/24/24 107/33/33 108/32/32
f 12/34/34 107/33/33 13/21/21
f 12/34/34 105/35/35 106/36/36
f 1/1/1 105/35/35 2/19/19
f 6/4/4 104/37/37 1/1/1
f 7/8/8 76/38/38 6/4/4
f 68/39/39 76/38/38 69/40/40
f 75/41/41 103/42/42 76/38/38
f 75/41/41 98/43/43 102/44/44
f 67/45/45 75/41/41 68/39/39
f 70/46/46 74/47/47 67/45/45
f 99/48/48 74/47/47 73/49/49
f 101/50/50 99/48/48 100/51/51
f 66/52/52 70/46/46 67/45/45
f 64/53/53 67/45/45 68/39/39
f 64/53/53 69/40/40 61/54/54
f 10/7/7 69/40/40 7/8/8
f 45/10/10 61/54/54 10/7/7
f 61/54/54 63/55/55 64/53/53
f 63/55/55 66/52/52 64/53/53
f 65/56/56 71/57/57 66/52/52
f 65/56/56 89/58/58 72/59/59
f 97/60/60 89/58/58 96/61/61
f 89/58/58 95/62/62 96/61/61
f 95/62/62 206/63/63 208/64/64
f 207/65/65 208/64/64 206/63/63
f 205/66/66 206/63/63 94/67/67
f 93/68/68 94/67/67 206/63/63
f 89/58/58 90/69/69 93/68/68
f 90/69/69 91/70/70 94/67/67
f 91/70/70 205/66/66 94/67/67
f 91/70/70 200/71/71 201/72/72
f 201/72/72 203/73/73 204/74/74
f 199/17/17 203/73/73 200/71/71
f 84/75/75 199/17/17 200/71/71
f 84/75/75 80/14/14 81/15/15
f 91/70/70 83/76/76 84/75/75
f 87/77/77 83/76/76 88/78/78
f 80/14/14 92/79/79 77/12/12
f 65/56/56 87/77/77 88/78/78
f 62/80/80 87/77/77 63/55/55
f 62/80/80 85/81/81 86/82/82
f 77/12/12 85/81/81 45/10/10
f 92/79/79 86/82/82 85/81/81
f 192/83/83 194/16/16 82/84/84
f 79/13/13 192/83/83 82/84/84
f 78/85/85 191/86/86 79/13/13
f 43/87/87 78/85/85 44/11/11
f 15/88/88 44/11/11 9/9/9
f 8/5/5 15/88/88 9/9/9
f 5/6/6 16/89/89 8/5/5
f 3/3/3 19/90/90 5/6/6
f 194/16/16 196/91/91 198/18/18
f 193/92/92 195/93/93 196/91/91
f 197/94/94 186/95/95 185/96/96
f 185/96/96 187/97/97 184/98/98
f 186/95/95 192/83/83 187/97/97
f 187/97/97 191/86/86 188/99/99
f 184/98/98 188/99/99 183/100/100
f 182/101/101 188/99/99 189/102/102
f 188/99/99 190/103/103 189/102/102
f 41/104/104 190/103/103 43/87/87
f 42/105/105 189/102/102 41/104/104
f 18/106/106 43/87/87 15/88/88
f 15/88/88 17/107/107 18/106/106
f 16/89/89 20/108/108 17/107/107
f 19/90/90 22/109/109 20/108/108
f 4/2/2 21/110/110 3/3/3
f 11/20/20 23/111/111 4/2/2
f 14/22/22 25/112/112 11/20/20
f 30/23/23 26/113/113 14/22/22
f 30/23/23 115/114/114 29/115/115
f 111/29/29 115/114/114 112/25/25
f 116/116/116 117/117/117 119/118/118
f 116/116/116 122/119/119 115/114/114
f 122/119/119 29/115/115 115/114/114
f 26/113/113 121/120/120 28/121/121
f 26/113/113 27/122/122 25/112/112
f 24/123/123 25/112/112 27/122/122
f 21/110/110 24/123/123 22/109/109
f 40/124/124 41/104/104 18/106/106
f 18/106/106 39/125/125 40/124/124
f 20/108/108 39/125/125 17/107/107
f 20/108/108 37/126/126 38/127/127
f 35/128/128 37/126/126 22/109/109
f 35/128/128 47/129/129 36/130/130
f 60/131/131 47/129/129 46/132/132
f 59/133/133 129/134/134 130/135/135
f 130/135/135 131/136/136 132/137/137
f 57/138/138 59/133/133 58/139/139
f 47/129/129 56/140/140 36/130/130
f 36/130/130 55/141/141 37/126/126
f 55/141/141 38/127/127 37/126/126
f 38/127/127 52/142/142 39/125/125
f 40/124/124 52/142/142 53/143/143
f 40/124/124 51/144/144 42/105/105
f 42/105/105 180/145/145 182/101/101
f 181/146/146 182/101/101 180/145/145
f 22/109/109 34/147/147 35/128/128
f 24/123/123 32/148/148 34/147/147
f 28/121/121 32/148/148 27/122/122
f 28/121/121 124/149/149 33/150/150
f 125/151/151 121/120/120 122/119/119
f 126/152/152 122/119/119 123/153/153
f 123/153/153 148/154/154 126/152/152
f 152/155/155 148/154/154 147/156/156
f 152/155/155 153/157/157 151/158/158
f 33/150/150 49/159/159 32/148/148
f 143/160/160 49/159/159 50/161/161
f 32/148/148 48/162/162 34/147/147
f 34/147/147 46/132/132 35/128/128
f 127/163/163 46/132/132 48/162/162
f 127/163/163 129/134/134 60/131/131
f 128/164/164 131/136/136 129/134/134
f 135/165/165 133/166/166 128/164/164
f 136/167/167 128/164/164 127/163/163
f 136/167/167 138/168/168 139/169/169
f 127/163/163 137/170/170 138/168/168
f 49/159/159 137/170/170 48/162/162
f 143/160/160 158/171/171 142/172/172
f 142/172/172 159/173/173 137/170/170
f 138/168/168 159/173/173 160/174/174
f 139/169/169 160/174/174 161/175/175
f 136/167/167 140/176/176 135/165/165
f 135/165/165 141/177/177 134/178/178
f 165/179/179 134/178/178 141/177/177
f 163/180/180 165/179/179 141/177/177
f 141/177/177 162/181/181 163/180/180
f 140/176/176 161/175/175 162/181/181
f 170/182/182 159/173/173 158/171/171
f 170/182/182 161/175/175 160/174/174
f 161/175/175 168/183/183 162/181/181
f 162/181/181 167/184/184 163/180/180
f 174/185/185 168/183/183 173/186/186
f 169/187/187 173/186/186 168/183/183
f 170/182/182 172/188/188 169/187/187
f 171/189/189 158/171/171 157/190/190
f 143/160/160 156/191/191 157/190/190
f 145/192/192 156/191/191 144/193/193
f 146/194/194 155/195/195 145/192/192
f 177/196/196 149/197/197 150/198/198
f 155/195/195 175/199/199 156/191/191
f 175/199/199 157/190/190 156/191/191
f 172/188/188 175/199/199 176/200/200
f 176/200/200 177/196/196 178/201/201
f 177/196/196 179/202/202 178/201/201
f 153/157/157 214/203/203 151/158/158
f 179/202/202 214/203/203 215/204/204
f 150/198/198 213/205/205 214/203/203
f 214/203/203 148/154/154 151/158/158
f 213/205/205 126/152/152 148/154/154
f 146/194/194 213/205/205 149/197/197
f 126/152/152 211/206/206 125/151/151
f 146/194/194 211/206/206 212/207/207
f 125/151/151 210/208/208 124/149/149
f 144/193/193 211/206/206 145/192/192
f 50/161/161 124/149/149 210/208/208
f 50/161/161 144/193/193 143/160/160
f 256/209/209 195/93/93 197/94/94
f 258/210/210 255/211/211 256/209/209
f 255/211/211 196/91/91 195/93/93
f 246/212/212 257/213/213 254/214/214
f 198/18/18 246/212/212 247/215/215
f 246/212/212 253/216/216 247/215/215
f 202/217/217 247/215/215 248/218/218
f 247/215/215 252/219/219 248/218/218
f 253/216/216 259/220/220 252/219/219
f 257/213/213 259/220/220 254/214/214
f 260/221/221 261/222/222 259/220/220
f 259/220/220 251/223/223 252/219/219
f 249/224/224 262/225/225 250/226/226
f 248/218/218 251/223/223 249/224/224
f 203/73/73 248/218/218 249/224/224
f 204/74/74 249/224/224 250/226/226
f 204/74/74 264/227/227 267/228/228
f 265/229/229 250/226/226 262/225/225
f 266/230/230 262/225/225 263/231/231
f 266/230/230 380/232/232 381/233/233
f 261/222/222 262/225/225 251/223/223
f 261/222/222 380/232/232 263/231/231
f 383/234/234 380/232/232 379/235/235
f 265/229/229 270/236/236 264/227/227
f 264/227/227 269/237/237 267/228/228
f 267/228/228 268/238/238 205/66/66
f 267/228/228 201/72/72 204/74/74
f 207/65/65 268/238/238 271/239/239
f 269/237/237 271/239/239 268/238/238
f 270/236/236 276/240/240 269/237/237
f 273/241/241 277/242/242 270/236/236
f 274/243/243 277/242/242 278/244/244
f 276/240/240 272/245/245 271/239/239
f 207/65/65 272/245/245 209/246/246
f 277/242/242 281/247/247 278/244/244
f 280/248/248 283/249/249 281/247/247
f 284/250/250 285/251/251 288/252/252
f 289/253/253 284/250/250 288/252/252
f 287/254/254 290/255/255 291/256/256
f 287/254/254 283/249/249 284/250/250
f 281/247/247 286/257/257 282/258/258
f 278/244/244 282/258/258 279/259/259
f 272/245/245 275/260/260 209/246/246
f 209/246/246 300/261/261 208/64/64
f 299/262/262 300/261/261 301/263/263
f 299/262/262 95/62/62 208/64/64
f 298/264/264 96/61/61 95/62/62
f 96/61/61 296/265/265 97/60/60
f 72/59/59 294/266/266 71/57/57
f 294/266/266 70/46/46 71/57/57
f 73/49/49 295/267/267 99/48/48
f 296/265/265 294/266/266 97/60/60
f 296/265/265 314/268/268 295/267/267
f 99/48/48 314/268/268 100/51/51
f 314/268/268 315/269/269 316/270/270
f 322/271/271 314/268/268 316/270/270
f 101/50/50 322/271/271 323/272/272
f 320/273/273 322/271/271 316/270/270
f 315/269/269 320/273/273 316/270/270
f 315/269/269 317/274/274 318/275/275
f 298/264/264 317/274/274 297/276/276
f 298/264/264 305/277/277 306/278/278
f 299/262/262 304/279/279 305/277/277
f 301/263/263 308/280/280 304/279/279
f 303/281/281 309/282/282 301/263/263
f 300/261/261 303/281/281 301/263/263
f 279/259/259 300/261/261 275/260/260
f 274/243/243 279/259/259 275/260/260
f 342/283/283 279/259/259 282/258/258
f 343/284/284 282/258/258 292/285/285
f 286/257/257 292/285/285 282/258/258
f 293/286/286 343/284/284 292/285/285
f 347/287/287 344/288/288 293/286/286
f 346/289/289 347/287/287 348/290/290
f 350/291/291 346/289/289 348/290/290
f 340/292/292 346/289/289 339/293/293
f 340/292/292 344/288/288 345/294/294
f 341/295/295 343/284/284 344/288/288
f 302/296/296 341/295/295 303/281/281
f 341/295/295 310/297/297 303/281/281
f 306/278/278 307/298/298 311/299/299
f 311/299/299 317/274/274 306/278/278
f 317/274/274 319/300/300 318/275/275
f 319/300/300 320/273/273 318/275/275
f 352/301/301 320/273/273 321/302/302
f 322/271/271 353/303/303 323/272/272
f 323/272/272 98/43/43 101/50/50
f 103/42/42 323/272/272 353/303/303
f 353/303/303 357/304/304 103/42/42
f 364/305/305 357/304/304 354/306/306
f 364/305/305 365/307/307 363/308/308
f 363/308/308 358/309/309 357/304/304
f 76/38/38 357/304/304 358/309/309
f 104/37/37 358/309/309 359/310/310
f 105/35/35 359/310/310 360/311/311
f 360/311/311 362/312/312 361/313/313
f 359/310/310 365/307/307 362/312/312
f 364/305/305 368/314/314 366/315/315
f 367/316/316 354/306/306 355/317/317
f 355/317/317 353/303/303 351/318/318
f 352/301/301 355/317/317 351/318/318
f 369/319/319 355/317/317 356/320/320
f 371/321/321 369/319/319 356/320/320
f 368/314/314 369/319/319 370/322/322
f 368/314/314 373/323/323 374/324/324
f 372/325/325 370/322/322 371/321/321
f 352/301/301 377/326/326 378/327/327
f 321/302/302 375/328/328 377/326/326
f 376/329/329 319/300/300 313/330/330
f 313/330/330 330/331/331 376/329/329
f 311/299/299 312/332/332 313/330/330
f 331/333/333 312/332/332 307/298/298
f 331/333/333 333/334/334 330/331/331
f 333/334/334 335/335/335 330/331/331
f 333/334/334 329/336/336 334/337/337
f 332/338/338 326/339/339 329/336/336
f 307/298/298 326/339/339 331/333/333
f 308/280/280 305/277/277 304/279/279
f 308/280/280 325/340/340 326/339/339
f 326/339/339 328/341/341 329/336/336
f 328/341/341 334/337/337 329/336/336
f 335/335/335 336/342/342 337/343/343
f 325/340/340 327/344/344 328/341/341
f 327/344/344 339/293/293 338/345/345
f 340/292/292 324/346/346 310/297/297
f 310/297/297 325/340/340 309/282/282
f 339/293/293 349/347/347 338/345/345
f 291/256/256 292/285/285 287/254/254
f 163/180/180 239/348/348 166/349/349
f 240/350/350 239/348/348 241/351/351
f 242/352/352 239/348/348 238/353/353
f 167/184/184 238/353/353 239/348/348
f 174/185/185 231/354/354 238/353/353
f 232/355/355 228/356/356 227/357/357
f 231/354/354 237/358/358 238/353/353
f 237/358/358 242/352/352 238/353/353
f 236/359/359 243/360/360 237/358/358
f 232/355/355 236/359/359 237/358/358
f 233/361/361 235/362/362 236/359/359
f 244/363/363 235/362/362 245/364/364
f 234/365/365 229/366/366 230/367/367
f 233/361/361 227/357/357 229/366/366
f 225/368/368 228/356/356 226/369/369
f 173/186/186 228/356/356 174/185/185
f 172/188/188 226/369/369 173/186/186
f 178/201/201 226/369/369 176/200/200
f 178/201/201 217/370/370 225/368/368
f 217/370/370 224/371/371 225/368/368
f 224/371/371 227/357/357 225/368/368
f 222/372/372 224/371/371 220/373/373
f 223/374/374 229/366/366 224/371/371
f 216/375/375 220/373/373 217/370/370
f 215/204/204 217/370/370 179/202/202
f 374/324/324 530/376/376 368/314/314
f 530/376/376 533/377/377 529/378/378
f 531/379/379 534/380/380 533/377/377
f 534/380/380 536/381/381 523/382/382
f 453/383/383 455/384/384 454/385/385
f 452/386/386 454/385/385 451/387/387
f 530/376/376 366/315/315 368/314/314
f 366/315/315 528/388/388 365/307/307
f 529/378/378 532/389/389 528/388/388
f 526/390/390 528/388/388 532/389/389
f 365/307/307 527/391/391 362/312/312
f 527/391/391 361/313/313 362/312/312
f 526/390/390 532/389/389 525/392/392
f 532/389/389 533/377/377 525/392/392
f 525/392/392 534/380/380 524/393/393
f 511/394/394 512/395/395 513/396/396
f 526/390/390 512/395/395 361/313/313
f 511/394/394 360/311/311 361/313/313
f 106/36/36 360/311/311 504/397/397
f 106/36/36 505/398/398 107/33/33
f 108/32/32 505/398/398 506/399/399
f 113/31/31 506/399/399 507/400/400
f 113/31/31 508/401/401 114/30/30
f 508/401/401 120/402/402 114/30/30
f 119/118/118 391/403/403 116/116/116
f 116/116/116 147/156/156 123/153/153
f 392/404/404 393/405/405 391/403/403
f 152/155/155 391/403/403 393/405/405
f 154/406/406 393/405/405 395/407/407
f 395/407/407 218/408/408 154/406/406
f 525/392/392 515/409/409 512/395/395
f 519/410/410 534/380/380 523/382/382
f 519/410/410 515/409/409 524/393/393
f 522/411/411 516/412/412 515/409/409
f 513/396/396 515/409/409 516/412/412
f 514/413/413 516/412/412 517/414/414
f 510/415/415 513/396/396 514/413/413
f 511/394/394 505/398/398 504/397/397
f 510/415/415 506/399/399 505/398/398
f 507/400/400 514/413/413 509/416/416
f 507/400/400 450/417/417 508/401/401
f 390/418/418 407/419/419 396/420/420
f 390/418/418 405/421/421 406/422/422
f 389/423/423 404/424/424 405/421/421
f 384/425/425 404/424/424 388/426/426
f 384/425/425 397/427/427 403/428/428
f 386/429/429 397/427/427 385/430/430
f 398/431/431 399/432/432 400/433/433
f 400/433/433 401/434/434 402/435/435
f 402/435/435 410/436/436 414/437/437
f 415/438/438 410/436/436 413/439/439
f 439/440/440 415/438/438 413/439/439
f 439/440/440 445/441/441 499/442/442
f 445/441/441 498/443/443 499/442/442
f 446/444/444 444/445/445 443/446/446
f 413/439/439 444/445/445 445/441/441
f 410/436/436 412/447/447 413/439/439
f 409/448/448 410/436/436 401/434/434
f 399/432/432 409/448/448 401/434/434
f 387/449/449 399/432/432 386/429/429
f 387/449/449 441/450/450 408/451/451
f 408/451/451 442/452/452 409/448/448
f 409/448/448 443/446/446 411/453/453
f 412/447/447 443/446/446 444/445/445
f 447/454/454 443/446/446 442/452/452
f 441/450/450 447/454/454 442/452/452
f 440/455/455 448/456/456 441/450/450
f 522/411/411 518/457/457 517/414/414
f 523/382/382 522/411/411 519/410/410
f 452/386/386 448/456/456 449/458/458
f 448/456/456 494/459/459 447/454/454
f 494/459/459 495/460/460 496/461/461
f 451/387/387 457/462/462 495/460/460
f 458/463/463 454/385/385 455/384/384
f 456/464/464 501/465/465 455/384/384
f 502/466/466 501/465/465 503/467/467
f 466/468/468 500/469/469 501/465/465
f 455/384/384 500/469/469 458/463/463
f 458/463/463 463/470/470 459/471/471
f 465/472/472 463/470/470 466/468/468
f 462/473/473 463/470/470 464/474/474
f 457/462/462 459/471/471 460/475/475
f 460/475/475 495/460/460 457/462/462
f 497/476/476 460/475/475 461/477/477
f 459/471/471 461/477/477 460/475/475
f 496/461/461 498/443/443 494/459/459
f 462/473/473 467/478/478 468/479/479
f 467/478/478 469/480/480 468/479/479
f 470/481/481 472/482/482 469/480/480
f 471/483/483 473/484/484 472/482/482
f 474/485/485 475/486/486 473/484/484
f 478/487/487 475/486/486 476/488/488
f 478/487/487 479/489/489 477/490/490
f 479/489/489 481/491/491 482/492/492
f 484/493/493 482/492/492 481/491/491
f 484/493/493 486/494/494 483/495/495
f 485/496/496 487/497/497 486/494/494
f 487/497/497 489/498/498 490/499/499
f 492/500/500 490/499/499 489/498/498
f 438/501/501 430/502/502 415/438/438
f 430/502/502 414/437/437 415/438/438
f 414/437/437 417/503/503 402/435/435
f 402/435/435 416/504/504 400/433/433
f 400/433/433 418/505/505 398/431/431
f 397/427/427 418/505/505 419/506/506
f 403/428/428 419/506/506 420/507/507
f 404/424/424 420/507/507 421/508/508
f 405/421/421 421/508/508 422/509/509
f 406/422/422 422/509/509 423/510/510
f 406/422/422 434/511/511 407/419/419
f 422/509/509 434/511/511 423/510/510
f 421/508/508 433/512/512 422/509/509
f 420/507/507 432/513/513 421/508/508
f 420/507/507 425/514/514 431/515/515
f 426/516/516 419/506/506 418/505/505
f 427/517/517 418/505/505 416/504/504
f 428/518/518 416/504/504 417/503/503
f 428/518/518 429/519/519 424/520/520
f 430/502/502 424/520/520 429/519/519
f 435/521/521 437/522/522 436/523/523
f 446/444/444 494/459/459 498/443/443
f 426/516/516 573/524/524 425/514/514
f 425/514/514 575/525/525 431/515/515
f 432/513/513 575/525/525 579/526/526
f 433/512/512 579/526/526 580/527/527
f 433/512/512 613/528/528 434/511/511
f 407/419/419 613/528/528 614/529/529
f 396/420/420 614/529/529 615/530/530
f 245/364/364 620/531/531 621/532/532
f 615/530/530 611/533/533 612/534/534
f 614/529/529 608/535/535 611/533/533
f 588/536/536 613/528/528 580/527/527
f 579/526/526 588/536/536 580/527/527
f 581/537/537 575/525/525 576/538/538
f 574/539/539 575/525/525 573/524/524
f 574/539/539 569/540/540 570/541/541
f 427/517/517 569/540/540 426/516/516
f 568/542/542 428/518/518 424/520/520
f 424/520/520 567/543/543 568/542/542
f 435/521/521 566/544/544 567/543/543
f 436/523/523 552/545/545 566/544/544
f 436/523/523 548/546/546 550/547/547
f 437/522/522 549/548/548 548/546/546
f 542/549/549 549/548/548 438/501/501
f 439/440/440 542/549/549 438/501/501
f 499/442/442 541/550/550 439/440/440
f 499/442/442 537/551/551 538/552/552
f 537/551/551 497/476/476 461/477/477
f 461/477/477 468/479/479 537/551/551
f 539/553/553 468/479/479 469/480/480
f 538/552/552 539/553/553 540/554/554
f 472/482/482 539/553/553 469/480/480
f 544/555/555 472/482/482 473/484/484
f 475/486/486 544/555/555 473/484/484
f 479/489/489 544/555/555 477/490/490
f 540/554/554 543/556/556 538/552/552
f 541/550/550 543/556/556 545/557/557
f 482/492/492 543/556/556 479/489/489
f 483/495/495 545/557/557 482/492/492
f 542/549/549 545/557/557 546/558/558
f 547/559/559 483/495/495 486/494/494
f 487/497/497 547/559/559 486/494/494
f 490/499/499 551/560/560 487/497/497
f 491/561/561 493/562/562 490/499/499
f 560/563/563 553/564/564 491/561/561
f 492/500/500 560/563/563 491/561/561
f 558/565/565 559/566/566 562/567/567
f 553/564/564 556/568/568 493/562/562
f 556/568/568 562/567/567 557/569/569
f 555/570/570 556/568/568 557/569/569
f 555/570/570 552/545/545 493/562/562
f 550/547/547 493/562/562 552/545/545
f 551/560/560 548/546/546 547/559/559
f 548/546/546 546/558/558 547/559/559
f 552/545/545 565/571/571 566/544/544
f 585/572/572 566/544/544 565/571/571
f 584/573/573 567/543/543 566/544/544
f 567/543/543 571/574/574 568/542/542
f 568/542/542 570/541/541 569/540/540
f 571/574/574 572/575/575 570/541/541
f 583/576/576 587/577/577 572/575/575
f 578/578/578 570/541/541 572/575/575
f 577/579/579 572/575/575 587/577/577
f 578/578/578 576/538/538 574/539/539
f 582/580/580 576/538/538 577/579/579
f 589/581/581 581/537/537 582/580/580
f 609/582/582 588/536/536 589/581/581
f 609/582/582 611/533/533 608/535/535
f 612/534/534 610/583/583 606/584/584
f 602/585/585 610/583/583 601/586/586
f 602/585/585 605/587/587 606/584/584
f 604/588/588 605/587/587 603/589/589
f 604/588/588 624/590/590 607/591/591
f 607/591/591 623/592/592 622/593/593
f 626/594/594 623/592/592 624/590/590
f 598/595/595 627/596/596 604/588/588
f 598/595/595 603/589/589 599/597/597
f 599/597/597 602/585/585 601/586/586
f 601/586/586 609/582/582 589/581/581
f 589/581/581 600/598/598 601/586/586
f 599/597/597 600/598/598 593/599/599
f 582/580/580 593/599/599 600/598/598
f 577/579/579 590/600/600 582/580/580
f 586/601/601 590/600/600 587/577/577
f 590/600/600 592/602/602 593/599/599
f 592/602/602 599/597/597 593/599/599
f 595/603/603 592/602/602 591/604/604
f 596/605/605 594/606/606 595/603/603
f 630/607/607 594/606/606 597/608/608
f 629/609/609 592/602/602 594/606/606
f 628/610/610 629/609/609 630/607/607
f 535/611/611 644/612/612 536/381/381
f 778/613/613 531/379/379 374/324/324
f 779/614/614 374/324/324 373/323/323
f 643/615/615 778/613/613 779/614/614
f 639/616/616 646/617/617 647/618/618
f 647/618/618 649/619/619 639/616/616
f 642/620/620 640/621/621 502/466/466
f 502/466/466 636/622/622 466/468/468
f 639/616/616 640/621/621 641/623/623
f 636/622/622 637/624/624 635/625/625
f 635/625/625 466/468/468 636/622/622
f 634/626/626 637/624/624 650/627/627
f 637/624/624 649/619/619 650/627/627
f 631/628/628 650/627/627 651/629/629
f 634/626/626 465/472/472 466/468/468
f 631/628/628 632/630/630 465/472/472
f 633/631/631 651/629/629 638/632/632
f 633/631/631 652/633/633 632/630/630
f 465/472/472 467/478/478 464/474/474
f 467/478/478 652/633/633 470/481/481
f 471/483/483 652/633/633 653/634/634
f 638/632/632 653/634/634 652/633/633
f 659/635/635 656/636/636 638/632/632
f 654/637/637 656/636/636 657/638/638
f 471/483/483 654/637/637 474/485/485
f 476/488/488 654/637/637 655/639/639
f 654/637/637 658/640/640 655/639/639
f 476/488/488 660/641/641 478/487/487
f 478/487/487 661/642/642 480/643/643
f 481/491/491 661/642/642 662/644/644
f 662/644/644 660/641/641 663/645/645
f 484/493/493 662/644/644 664/646/646
f 666/647/647 662/644/644 663/645/645
f 666/647/647 667/648/648 664/646/646
f 667/648/648 669/649/649 664/646/646
f 668/650/650 671/651/651 667/648/648
f 671/651/651 673/652/652 669/649/649
f 677/653/653 673/652/652 674/654/654
f 673/652/652 678/655/655 675/656/656
f 670/657/657 673/652/652 675/656/656
f 665/658/658 669/649/649 670/657/657
f 489/498/498 664/646/646 665/658/658
f 484/493/493 488/659/659 485/496/496
f 330/331/331 817/660/660 376/329/329
f 376/329/329 820/661/661 773/662/662
f 375/328/328 773/662/662 774/663/663
f 774/663/663 377/326/326 375/328/328
f 378/327/327 356/320/320 352/301/301
f 372/325/325 378/327/327 777/664/664
f 373/323/323 777/664/664 779/614/614
f 779/614/614 645/665/665 643/615/615
f 780/666/666 777/664/664 776/667/667
f 781/668/668 647/618/618 646/617/617
f 648/669/669 788/670/670 789/671/671
f 378/327/327 776/667/667 777/664/664
f 774/663/663 775/672/672 776/667/667
f 775/672/672 782/673/673 776/667/667
f 828/674/674 775/672/672 773/662/662
f 783/675/675 843/676/676 785/677/677
f 828/674/674 842/678/678 783/675/675
f 844/679/679 842/678/678 841/680/680
f 844/679/679 825/681/681 837/682/682
f 841/680/680 824/683/683 825/681/681
f 773/662/662 824/683/683 828/674/674
f 821/684/684 817/660/660 818/685/685
f 821/684/684 824/683/683 820/661/661
f 822/686/686 825/681/681 824/683/683
f 825/681/681 836/687/687 837/682/682
f 836/687/687 839/688/688 837/682/682
f 827/689/689 836/687/687 826/690/690
f 840/691/691 827/689/689 835/692/692
f 823/693/693 835/692/692 827/689/689
f 827/689/689 822/686/686 823/693/693
f 823/693/693 819/694/694 770/695/695
f 819/694/694 821/684/684 818/685/685
f 335/335/335 818/685/685 330/331/331
f 337/343/343 819/694/694 335/335/335
f 834/696/696 770/695/695 772/697/697
f 769/698/698 772/697/697 770/695/695
f 337/343/343 769/698/698 770/695/695
f 336/342/342 767/699/699 769/698/698
f 771/700/700 833/701/701 772/697/697
f 771/700/700 830/702/702 832/703/703
f 771/700/700 767/699/699 768/704/704
f 768/704/704 765/705/705 766/706/706
f 327/344/344 767/699/699 328/341/341
f 768/704/704 829/707/707 830/702/702
f 830/702/702 763/708/708 831/709/709
f 829/707/707 764/710/710 763/708/708
f 762/711/711 764/710/710 756/712/712
f 350/291/291 764/710/710 766/706/706
f 766/706/706 349/347/347 350/291/291
f 327/344/344 349/347/347 765/705/705
f 348/290/290 756/712/712 350/291/291
f 756/712/712 760/713/713 762/711/711
f 761/714/714 757/715/715 758/716/716
f 347/287/287 757/715/715 348/290/290
f 759/717/717 347/287/287 293/286/286
f 197/94/94 742/718/718 743/719/719
f 744/720/720 185/96/96 184/98/98
f 745/721/721 742/718/718 744/720/720
f 744/720/720 739/722/722 738/723/723
f 745/721/721 738/723/723 741/724/724
f 738/723/723 740/725/725 741/724/724
f 731/726/726 737/727/727 738/723/723
f 181/146/146 738/723/723 739/722/722
f 739/722/722 183/100/100 181/146/146
f 731/726/726 180/145/145 51/144/144
f 51/144/144 729/728/728 731/726/726
f 722/729/729 53/143/143 52/142/142
f 54/730/730 722/729/729 52/142/142
f 55/141/141 721/731/731 54/730/730
f 56/140/140 720/732/732 721/731/731
f 728/733/733 720/732/732 718/734/734
f 721/731/731 729/728/728 722/729/729
f 732/735/735 729/728/728 730/736/736
f 730/736/736 728/733/733 725/737/737
f 733/738/738 725/737/737 726/739/739
f 727/740/740 734/741/741 726/739/739
f 724/742/742 726/739/739 723/743/743
f 723/743/743 725/737/737 719/744/744
f 718/734/734 725/737/737 728/733/733
f 57/138/138 718/734/734 720/732/732
f 712/745/745 718/734/734 58/139/139
f 59/133/133 712/745/745 58/139/139
f 713/746/746 130/135/135 132/137/137
f 723/743/743 712/745/745 714/747/747
f 724/742/742 714/747/747 716/748/748
f 716/748/748 727/740/740 724/742/742
f 747/749/749 716/748/748 717/750/750
f 715/751/751 716/748/748 714/747/747
f 713/746/746 714/747/747 712/745/745
f 715/751/751 752/752/752 753/753/753
f 717/750/750 753/753/753 754/754/754
f 717/750/750 755/755/755 747/749/749
f 713/746/746 750/756/756 752/752/752
f 748/757/757 750/756/756 132/137/137
f 131/136/136 748/757/757 132/137/137
f 133/166/166 164/758/758 748/757/757
f 749/759/759 164/758/758 751/760/760
f 630/607/607 695/761/761 696/762/762
f 597/608/608 694/763/763 695/761/761
f 694/763/763 697/764/764 698/765/765
f 697/764/764 700/766/766 698/765/765
f 699/767/767 702/768/768 700/766/766
f 701/769/769 705/770/770 702/768/768
f 564/771/771 792/772/772 705/770/770
f 791/773/773 794/774/774 792/772/772
f 794/774/774 802/775/775 803/776/776
f 802/775/775 864/777/777 803/776/776
f 863/778/778 864/777/777 862/779/779
f 864/777/777 868/780/780 803/776/776
f 869/781/781 865/782/782 870/783/783
f 866/784/784 862/779/779 856/785/785
f 860/786/786 866/784/784 856/785/785
f 856/785/785 857/787/787 860/786/786
f 802/775/775 856/785/785 862/779/779
f 800/788/788 802/775/775 793/789/789
f 795/790/790 800/788/788 793/789/789
f 795/790/790 791/773/773 790/791/791
f 564/771/771 790/791/791 791/773/773
f 563/792/792 701/769/769 703/793/793
f 703/793/793 699/767/767 692/794/794
f 699/767/767 691/795/795 692/794/794
f 691/795/795 693/796/796 690/797/797
f 596/605/605 693/796/796 597/608/608
f 596/605/605 689/798/798 690/797/797
f 689/798/798 591/604/604 586/601/601
f 584/573/573 586/601/601 583/576/576
f 690/797/797 584/573/573 585/572/572
f 585/572/572 691/795/795 690/797/797
f 585/572/572 703/793/793 692/794/794
f 554/799/799 585/572/572 565/571/571
f 554/799/799 557/569/569 704/800/800
f 563/792/792 704/800/800 557/569/569
f 563/792/792 706/801/801 790/791/791
f 795/790/790 796/802/802 797/803/803
f 797/803/803 799/804/804 795/790/790
f 801/805/805 799/804/804 798/806/806
f 801/805/805 855/807/807 856/785/785
f 796/802/802 706/801/801 707/808/808
f 707/808/808 557/569/569 562/567/567
f 685/809/809 707/808/808 562/567/567
f 708/810/810 796/802/802 707/808/808
f 797/803/803 711/811/811 798/806/806
f 806/812/812 855/807/807 798/806/806
f 857/787/787 858/813/813 860/786/786
f 861/814/814 858/813/813 859/815/815
f 854/816/816 858/813/813 853/817/817
f 851/818/818 853/817/817 845/819/819
f 845/819/819 849/820/820 851/818/818
f 850/821/821 846/822/822 847/823/823
f 815/824/824 846/822/822 811/825/825
f 811/825/825 845/819/819 808/826/826
f 845/819/819 852/827/827 808/826/826
f 806/812/812 853/817/817 857/787/787
f 807/828/828 852/827/827 806/812/812
f 804/829/829 806/812/812 798/806/806
f 709/830/830 798/806/806 711/811/811
f 708/810/810 709/830/830 711/811/811
f 805/831/831 807/828/828 804/829/829
f 710/832/832 804/829/829 709/830/830
f 688/833/833 709/830/830 685/809/809
f 684/834/834 685/809/809 562/567/567
f 559/566/566 684/834/834 562/567/567
f 560/563/563 683/835/835 559/566/566
f 679/836/836 683/835/835 561/837/837
f 561/837/837 670/657/657 679/836/836
f 665/658/658 492/500/500 489/498/498
f 680/838/838 670/657/657 675/656/656
f 812/839/839 675/656/656 678/655/655
f 727/740/740 873/840/840 735/841/841
f 746/842/842 871/843/843 873/840/840
f 816/844/844 813/845/845 812/839/839
f 815/824/824 816/844/844 848/846/846
f 811/825/825 814/847/847 815/824/824
f 808/826/826 810/848/848 811/825/825
f 710/832/832 810/848/848 805/831/831
f 809/849/849 688/833/833 687/850/850
f 686/851/851 688/833/833 685/809/809
f 686/851/851 679/836/836 681/852/852
f 680/838/838 681/852/852 679/836/836
f 682/853/853 812/839/839 813/845/845
f 682/853/853 809/849/849 687/850/850
f 687/850/850 681/852/852 682/853/853
f 809/849/849 814/847/847 810/848/848
f 872/854/854 747/749/749 755/755/755
f 878/855/855 755/755/755 754/754/754
f 879/856/856 754/754/754 753/753/753
f 753/753/753 880/857/857 879/856/856
f 749/759/759 752/752/752 750/756/756
f 751/760/760 880/857/857 749/759/759
f 881/858/858 883/859/859 884/860/860
f 164/758/758 883/859/859 751/760/760
f 164/758/758 907/861/861 882/862/862
f 165/179/179 240/350/350 164/758/758
f 909/863/863 907/861/861 240/350/350
f 241/351/351 909/863/863 240/350/350
f 911/864/864 241/351/351 242/352/352
f 883/859/859 907/861/861 908/865/865
f 906/866/866 884/860/860 883/859/859
f 905/867/867 903/868/868 884/860/860
f 903/868/868 881/858/858 884/860/860
f 880/857/857 885/869/869 879/856/856
f 878/855/855 885/869/869 886/870/870
f 903/868/868 886/870/870 885/869/869
f 902/871/871 903/868/868 904/872/872
f 896/873/873 902/871/871 904/872/872
f 894/874/874 897/875/875 895/876/876
f 899/877/877 901/878/878 900/879/879
f 886/870/870 900/879/879 887/880/880
f 878/855/855 887/880/880 872/854/854
f 877/881/881 887/880/880 888/882/882
f 877/881/881 871/843/843 872/854/854
f 876/883/883 873/840/840 871/843/843
f 873/840/840 875/884/884 735/841/841
f 874/885/885 1140/886/886 875/884/884
f 876/883/883 889/887/887 874/885/885
f 889/887/887 890/888/888 1136/889/889
f 888/882/882 890/888/888 877/881/881
f 891/890/890 892/891/891 893/892/892
f 898/893/893 888/882/882 887/880/880
f 898/893/893 900/879/879 901/878/878
f 893/892/892 1127/894/894 891/890/890
f 890/888/888 1127/894/894 1136/889/889
f 889/887/887 1137/895/895 1138/896/896
f 1137/895/895 1127/894/894 1129/897/897
f 1127/894/894 1128/898/898 1129/897/897
f 1131/899/899 1129/897/897 1128/898/898
f 1135/900/900 1137/895/895 1129/897/897
f 1139/901/901 1135/900/900 1132/902/902
f 1130/903/903 1135/900/900 1129/897/897
f 1134/904/904 1132/902/902 1130/903/903
f 1088/905/905 835/692/692 834/696/696
f 1089/906/906 834/696/696 772/697/697
f 1088/905/905 1092/907/907 840/691/691
f 840/691/691 1091/908/908 838/909/909
f 839/688/688 1091/908/908 1110/910/910
f 1110/910/910 1113/911/911 839/688/688
f 1113/911/911 837/682/682 839/688/688
f 844/679/679 1112/912/912 843/676/676
f 1115/913/913 1110/910/910 1111/914/914
f 1109/915/915 1110/910/910 1091/908/908
f 1091/908/908 1108/916/916 1109/915/915
f 1090/917/917 1092/907/907 1089/906/906
f 1103/918/918 1108/916/916 1090/917/917
f 1103/918/918 1111/914/914 1109/915/915
f 1116/919/919 1117/920/920 1111/914/914
f 1116/919/919 1120/921/921 1121/922/922
f 1102/923/923 1120/921/921 1103/918/918
f 1090/917/917 1102/923/923 1103/918/918
f 1102/923/923 1104/924/924 1105/925/925
f 1096/926/926 1101/927/927 1095/928/928
f 1087/929/929 1101/927/927 1090/917/917
f 1087/929/929 1089/906/906 772/697/697
f 833/701/701 1087/929/929 772/697/697
f 833/701/701 1085/930/930 1086/931/931
f 832/703/703 1083/932/932 1085/930/930
f 830/702/702 918/933/933 1083/932/932
f 1084/934/934 918/933/933 919/935/935
f 1084/934/934 1093/936/936 1083/932/932
f 1093/936/936 1085/930/930 1083/932/932
f 1086/931/931 1095/928/928 1087/929/929
f 1094/937/937 1095/928/928 1093/936/936
f 1073/938/938 1084/934/934 919/935/935
f 1097/939/939 1094/937/937 1073/938/938
f 1097/939/939 1100/940/940 1096/926/926
f 1100/940/940 1104/924/924 1096/926/926
f 1098/941/941 1073/938/938 1072/942/942
f 919/935/935 1072/942/942 1073/938/938
f 920/943/943 918/933/933 916/944/944
f 763/708/708 918/933/933 831/709/709
f 915/945/945 916/944/944 763/708/708
f 762/711/711 915/945/945 763/708/708
f 762/711/711 913/946/946 914/947/947
f 760/713/713 912/948/948 913/946/946
f 1027/949/949 761/714/714 758/716/716
f 1019/950/950 1027/949/949 758/716/716
f 759/717/717 1019/950/950 758/716/716
f 1014/951/951 1018/952/952 759/717/717
f 293/286/286 1014/951/951 759/717/717
f 1013/953/953 1014/951/951 1012/954/954
f 291/256/256 1012/954/954 293/286/286
f 290/255/255 1013/953/953 291/256/256
f 1017/955/955 1013/953/953 1015/956/956
f 1016/957/957 1020/958/958 1014/951/951
f 1021/959/959 1017/955/955 1015/956/956
f 1021/959/959 1023/960/960 1025/961/961
f 1024/962/962 1015/956/956 1022/963/963
f 289/253/253 1015/956/956 290/255/255
f 1024/962/962 1037/964/964 1023/960/960
f 1038/965/965 1058/966/966 1037/964/964
f 1037/964/964 1025/961/961 1023/960/960
f 1037/964/964 1057/967/967 1036/968/968
f 1058/966/966 1061/969/969 1057/967/967
f 1036/968/968 1060/970/970 1041/971/971
f 1060/970/970 1061/969/969 1062/972/972
f 1041/971/971 1062/972/972 1053/973/973
f 1041/971/971 1034/974/974 1036/968/968
f 1025/961/961 1034/974/974 1026/975/975
f 1019/950/950 1025/961/961 1026/975/975
f 1019/950/950 1020/958/958 1021/959/959
f 1026/975/975 1033/976/976 1027/949/949
f 1034/974/974 1035/977/977 1033/976/976
f 1028/978/978 1035/977/977 1032/979/979
f 1033/976/976 912/948/948 1027/949/949
f 1041/971/971 1052/980/980 1039/981/981
f 1052/980/980 1042/982/982 1039/981/981
f 1052/980/980 1054/983/983 1051/984/984
f 1042/982/982 1035/977/977 1039/981/981
f 1032/979/979 1040/985/985 1030/986/986
f 1040/985/985 1050/987/987 1030/986/986
f 1050/987/987 1051/984/984 1043/988/988
f 1051/984/984 1055/989/989 1043/988/988
f 1032/979/979 1029/990/990 1028/978/978
f 932/991/991 1028/978/978 1029/990/990
f 932/991/991 913/946/946 912/948/948
f 929/992/992 914/947/947 913/946/946
f 927/993/993 915/945/945 914/947/947
f 1106/994/994 1120/921/921 1105/925/925
f 1121/922/922 1123/995/995 1122/996/996
f 1107/997/997 1123/995/995 1106/994/994
f 1081/998/998 1106/994/994 1099/999/999
f 1106/994/994 1100/940/940 1099/999/999
f 1077/1000/1000 1099/999/999 1075/1001/1001
f 1077/1000/1000 1080/1002/1002 1081/998/998
f 1075/1001/1001 1076/1003/1003 1077/1000/1000
f 1071/1004/1004 1074/1005/1005 938/1006/1006
f 938/1006/1006 1072/942/942 920/943/943
f 1074/1005/1005 1098/941/941 1072/942/942
f 1098/941/941 1099/999/999 1100/940/940
f 1076/1003/1003 1078/1007/1007 1080/1002/1002
f 1079/1008/1008 1049/1009/1009 1048/1010/1010
f 1045/1011/1011 1048/1010/1010 1049/1009/1009
f 1049/1009/1009 1071/1004/1004 1045/1011/1011
f 922/1012/1012 1071/1004/1004 938/1006/1006
f 920/943/943 922/1012/1012 938/1006/1006
f 921/1013/1013 916/944/944 917/1014/1014
f 1070/1015/1015 1046/1016/1016 1047/1017/1017
f 1047/1017/1017 1066/1018/1018 1070/1015/1015
f 1067/1019/1019 1065/1020/1020 1064/1021/1021
f 1068/1022/1022 1064/1021/1021 1063/1023/1023
f 1063/1023/1023 1930/1024/1024 1068/1022/1022
f 936/1025/1025 1063/1023/1023 935/1026/1026
f 936/1025/1025 931/1027/1027 934/1028/1028
f 930/1029/1029 934/1028/1028 931/1027/1027
f 929/992/992 933/1030/1030 930/1029/1029
f 937/1031/1031 1045/1011/1011 922/1012/1012
f 922/1012/1012 923/1032/1032 937/1031/1031
f 924/1033/1033 921/1013/1013 917/1014/1014
f 917/1014/1014 928/1034/1034 924/1033/1033
f 927/993/993 930/1029/1029 928/1034/1034
f 928/1034/1034 931/1027/1027 924/1033/1033
f 925/1035/1035 931/1027/1027 935/1026/1026
f 935/1026/1026 1064/1021/1021 925/1035/1035
f 925/1035/1035 1065/1020/1020 926/1036/1036
f 924/1033/1033 926/1036/1036 923/1032/1032
f 926/1036/1036 937/1031/1031 923/1032/1032
f 1065/1020/1020 1044/1037/1037 926/1036/1036
f 1047/1017/1017 937/1031/1031 1044/1037/1037
f 936/1025/1025 1055/989/989 1056/1038/1038
f 1043/988/988 934/1028/1028 933/1030/1030
f 933/1030/1030 1031/1039/1039 1043/988/988
f 1029/990/990 1031/1039/1039 932/991/991
f 1031/1039/1039 1050/987/987 1043/988/988
f 381/233/233 382/1040/1040 962/1041/1041
f 940/1042/1042 962/1041/1041 382/1040/1040
f 382/1040/1040 939/1043/1043 940/1042/1042
f 2003/1044/1044 258/210/210 1485/1045/1045
f 2002/1046/1046 1485/1045/1045 2004/1047/1047
f 960/1048/1048 941/1049/1049 944/1050/1050
f 941/1049/1049 943/1051/1051 944/1050/1050
f 944/1050/1050 945/1052/1052 946/1053/1053
f 946/1053/1053 948/1054/1054 950/1055/1055
f 949/1056/1056 950/1055/1055 948/1054/1054
f 947/1057/1057 948/1054/1054 945/1052/1052
f 947/1057/1057 952/1058/1058 949/1056/1056
f 954/1059/1059 952/1058/1058 951/1060/1060
f 954/1059/1059 964/1061/1061 965/1062/1062
f 966/1063/1063 951/1060/1060 963/1064/1064
f 1010/1065/1065 963/1064/1064 1011/1066/1066
f 1009/1067/1067 966/1063/1063 1010/1065/1065
f 964/1061/1061 967/1068/1068 965/1062/1062
f 967/1068/1068 979/1069/1069 965/1062/1062
f 965/1062/1062 981/1070/1070 968/1071/1071
f 954/1059/1059 968/1071/1071 953/1072/1072
f 955/1073/1073 968/1071/1071 969/1074/1074
f 950/1055/1055 953/1072/1072 955/1073/1073
f 955/1073/1073 957/1075/1075 950/1055/1055
f 946/1053/1053 957/1075/1075 958/1076/1076
f 946/1053/1053 960/1048/1048 944/1050/1050
f 959/1077/1077 972/1078/1078 973/1079/1079
f 958/1076/1076 972/1078/1078 960/1048/1048
f 971/1080/1080 957/1075/1075 956/1081/1081
f 974/1082/1082 956/1081/1081 970/1083/1083
f 972/1078/1078 974/1082/1082 975/1084/1084
f 973/1079/1079 975/1084/1084 976/1085/1085
f 978/1086/1086 976/1085/1085 975/1084/1084
f 978/1086/1086 974/1082/1082 970/1083/1083
f 978/1086/1086 996/1087/1087 977/1088/1088
f 985/1089/1089 978/1086/1086 970/1083/1083
f 956/1081/1081 969/1074/1074 970/1083/1083
f 970/1083/1083 982/1090/1090 983/1091/1091
f 969/1074/1074 981/1070/1070 982/1090/1090
f 983/1091/1091 985/1089/1089 970/1083/1083
f 985/1089/1089 987/1092/1092 984/1093/1093
f 987/1092/1092 996/1087/1087 984/1093/1093
f 995/1094/1094 997/1095/1095 987/1092/1092
f 992/1096/1096 995/1094/1094 987/1092/1092
f 986/1097/1097 992/1096/1096 987/1092/1092
f 986/1097/1097 990/1098/1098 991/1099/1099
f 983/1091/1091 989/1100/1100 990/1098/1098
f 981/1070/1070 989/1100/1100 982/1090/1090
f 980/1101/1101 981/1070/1070 979/1069/1069
f 1007/1102/1102 967/1068/1068 1008/1103/1103
f 1007/1102/1102 988/1104/1104 980/1101/1101
f 988/1104/1104 1005/1105/1105 989/1100/1100
f 1005/1105/1105 990/1098/1098 989/1100/1100
f 990/1098/1098 1001/1106/1106 991/1099/1099
f 991/1099/1099 994/1107/1107 992/1096/1096
f 991/1099/1099 1002/1108/1108 993/1109/1109
f 993/1109/1109 1003/1110/1110 1000/1111/1111
f 1000/1111/1111 994/1107/1107 993/1109/1109
f 999/1112/1112 995/1094/1094 994/1107/1107
f 794/774/774 1194/1113/1113 792/772/772
f 705/770/770 1194/1113/1113 1196/1114/1114
f 705/770/770 1205/1115/1115 702/768/768
f 702/768/768 1206/1116/1116 700/766/766
f 700/766/766 1207/1117/1117 698/765/765
f 694/763/763 1207/1117/1117 1208/1118/1118
f 1208/1118/1118 1209/1119/1119 694/763/763
f 1209/1119/1119 695/761/761 694/763/763
f 627/596/596 630/607/607 1214/1120/1120
f 626/594/594 627/596/596 1214/1120/1120
f 616/1121/1121 606/584/584 605/587/587
f 622/593/593 605/587/587 607/591/591
f 619/1122/1122 622/593/593 623/592/592
f 623/592/592 1239/1123/1123 1241/1124/1124
f 626/594/594 1213/1125/1125 625/1126/1126
f 696/762/762 1214/1120/1120 630/607/607
f 1209/1119/1119 1213/1125/1125 696/762/762
f 625/1126/1126 1238/1127/1127 1239/1123/1123
f 1240/1128/1128 1238/1127/1127 1236/1129/1129
f 1211/1130/1130 1238/1127/1127 1213/1125/1125
f 1237/1131/1131 1211/1130/1130 1212/1132/1132
f 1212/1132/1132 1209/1119/1119 1210/1133/1133
f 1212/1132/1132 1233/1134/1134 1237/1131/1131
f 1210/1133/1133 1232/1135/1135 1233/1134/1134
f 1232/1135/1135 1207/1117/1117 1206/1116/1116
f 1234/1136/1136 1206/1116/1116 1205/1115/1115
f 1232/1135/1135 1235/1137/1137 1233/1134/1134
f 1204/1138/1138 1234/1136/1136 1203/1139/1139
f 1205/1115/1115 1203/1139/1139 1234/1136/1136
f 1197/1140/1140 1205/1115/1115 1196/1114/1114
f 1202/1141/1141 1203/1139/1139 1197/1140/1140
f 1197/1140/1140 1200/1142/1142 1202/1141/1141
f 1195/1143/1143 1196/1114/1114 1194/1113/1113
f 1198/1144/1144 1200/1142/1142 1195/1143/1143
f 1223/1145/1145 1198/1144/1144 1199/1146/1146
f 1192/1147/1147 1198/1144/1144 1195/1143/1143
f 1192/1147/1147 1193/1148/1148 1189/1149/1149
f 803/776/776 1189/1149/1149 1193/1148/1148
f 1193/1148/1148 1194/1113/1113 803/776/776
f 1189/1149/1149 1190/1150/1150 1192/1147/1147
f 868/780/780 1188/1151/1151 1189/1149/1149
f 1186/1152/1152 1188/1151/1151 869/781/781
f 1190/1150/1150 1191/1153/1153 1192/1147/1147
f 1191/1153/1153 1199/1146/1146 1192/1147/1147
f 1222/1154/1154 1223/1145/1145 1199/1146/1146
f 1226/1155/1155 1230/1156/1156 1222/1154/1154
f 1224/1157/1157 1226/1155/1155 1222/1154/1154
f 1224/1157/1157 1229/1158/1158 1227/1159/1159
f 1224/1157/1157 1225/1160/1160 1228/1161/1161
f 1221/1162/1162 1222/1154/1154 1191/1153/1153
f 1221/1162/1162 1186/1152/1152 1187/1163/1163
f 1225/1160/1160 1187/1163/1163 1216/1164/1164
f 1216/1164/1164 1185/1165/1165 1184/1166/1166
f 1185/1165/1165 1186/1152/1152 869/781/781
f 1156/1167/1167 1185/1165/1165 869/781/781
f 1184/1166/1166 1215/1168/1168 1216/1164/1164
f 1183/1169/1169 1215/1168/1168 1182/1170/1170
f 1217/1171/1171 1219/1172/1172 1220/1173/1173
f 849/820/820 1142/1174/1174 851/818/818
f 1170/1175/1175 1171/1176/1176 1172/1177/1177
f 1172/1177/1177 1173/1178/1178 1170/1175/1175
f 1171/1176/1176 1179/1179/1179 1172/1177/1177
f 1146/1180/1180 1142/1174/1174 1141/1181/1181
f 1143/1182/1182 1145/1183/1183 1144/1184/1184
f 1170/1175/1175 1145/1183/1183 1146/1180/1180
f 1169/1185/1185 1173/1178/1178 1175/1186/1186
f 859/815/815 1143/1182/1182 1144/1184/1184
f 851/818/818 1143/1182/1182 854/816/816
f 861/814/814 1144/1184/1184 1147/1187/1187
f 1145/1183/1183 1147/1187/1187 1144/1184/1184
f 861/814/814 867/1188/1188 860/786/786
f 866/784/784 1151/1189/1189 1152/1190/1190
f 863/778/778 1152/1190/1190 1153/1191/1191
f 1153/1191/1191 865/782/782 863/778/778
f 870/783/783 1156/1167/1167 869/781/781
f 870/783/783 1154/1192/1192 1155/1193/1193
f 1154/1192/1192 1152/1190/1190 1151/1189/1189
f 1150/1194/1194 1154/1192/1192 1151/1189/1189
f 867/1188/1188 1150/1194/1194 1151/1189/1189
f 1149/1195/1195 1147/1187/1187 1148/1196/1196
f 1164/1197/1197 1149/1195/1195 1148/1196/1196
f 1148/1196/1196 1165/1198/1198 1164/1197/1197
f 1145/1183/1183 1166/1199/1199 1148/1196/1196
f 1160/1200/1200 1150/1194/1194 1149/1195/1195
f 1164/1197/1197 1162/1201/1201 1160/1200/1200
f 1163/1202/1202 1165/1198/1198 1167/1203/1203
f 1163/1202/1202 1168/1204/1204 1159/1205/1205
f 1161/1206/1206 1163/1202/1202 1159/1205/1205
f 1160/1200/1200 1161/1206/1206 1157/1207/1207
f 1161/1206/1206 1158/1208/1208 1157/1207/1207
f 1154/1192/1192 1158/1208/1208 1155/1193/1193
f 1156/1167/1167 1158/1208/1208 1159/1205/1205
f 1156/1167/1167 1182/1170/1170 1184/1166/1166
f 1180/1209/1209 1182/1170/1170 1159/1205/1205
f 1183/1169/1169 1218/1210/1210 1219/1172/1172
f 1168/1204/1204 1180/1209/1209 1159/1205/1205
f 1372/1211/1211 787/1212/1212 1365/1213/1213
f 1372/1211/1211 1373/1214/1214 1368/1215/1215
f 1374/1216/1216 1375/1217/1217 1377/1218/1218
f 1375/1217/1217 1376/1219/1219 1377/1218/1218
f 1369/1220/1220 1373/1214/1214 1374/1216/1216
f 1367/1221/1221 1369/1220/1220 1370/1222/1222
f 787/1212/1212 1367/1221/1221 786/1223/1223
f 1367/1221/1221 788/670/670 786/1223/1223
f 789/671/671 1370/1222/1222 1371/1224/1224
f 1370/1222/1222 1379/1225/1225 1371/1224/1224
f 1370/1222/1222 1374/1216/1216 1378/1226/1226
f 789/671/671 1380/1227/1227 648/669/669
f 649/619/619 1380/1227/1227 1381/1228/1228
f 1383/1229/1229 649/619/619 1381/1228/1228
f 650/627/627 1382/1230/1230 651/629/629
f 1382/1230/1230 638/632/632 651/629/629
f 1243/1231/1231 812/839/839 678/655/655
f 1244/1232/1232 678/655/655 676/1233/1233
f 1244/1232/1232 1328/1234/1234 1329/1235/1235
f 1331/1236/1236 1333/1237/1237 1329/1235/1235
f 1351/1238/1238 1332/1239/1239 1352/1240/1240
f 1246/1241/1241 1329/1235/1235 1333/1237/1237
f 1244/1232/1232 1245/1242/1242 1243/1231/1231
f 816/844/844 1245/1242/1242 848/846/846
f 1248/1243/1243 848/846/846 1245/1242/1242
f 1335/1244/1244 1248/1243/1243 1249/1245/1245
f 1246/1241/1241 1248/1243/1243 1245/1242/1242
f 1246/1241/1241 1336/1246/1246 1249/1245/1245
f 1351/1238/1238 1336/1246/1246 1333/1237/1237
f 1334/1247/1247 1336/1246/1246 1337/1248/1248
f 1339/1249/1249 1334/1247/1247 1337/1248/1248
f 1350/1250/1250 1338/1251/1251 1339/1249/1249
f 1334/1247/1247 1340/1252/1252 1247/1253/1253
f 1338/1251/1251 1346/1254/1254 1340/1252/1252
f 1346/1254/1254 1349/1255/1255 1345/1256/1256
f 1349/1255/1255 1341/1257/1257 1345/1256/1256
f 1340/1252/1252 1345/1256/1256 1341/1257/1257
f 1250/1258/1258 1340/1252/1252 1341/1257/1257
f 847/823/823 848/846/846 1247/1253/1253
f 850/821/821 1247/1253/1253 1250/1258/1258
f 1253/1259/1259 1250/1258/1258 1251/1260/1260
f 1250/1258/1258 1342/1261/1261 1251/1260/1260
f 1344/1262/1262 1251/1260/1260 1342/1261/1261
f 1354/1263/1263 1343/1264/1264 1344/1262/1262
f 1354/1263/1263 1356/1265/1265 1353/1266/1266
f 1356/1265/1265 1357/1267/1267 1358/1268/1268
f 1358/1268/1268 1359/1269/1269 1360/1270/1270
f 1361/1271/1271 1359/1269/1269 1362/1272/1272
f 1251/1260/1260 1254/1273/1273 1177/1274/1274
f 1171/1176/1176 1254/1273/1273 1178/1275/1275
f 1177/1274/1274 1253/1259/1259 1251/1260/1260
f 1171/1176/1176 1176/1276/1276 1177/1274/1274
f 1141/1181/1181 1171/1176/1176 1146/1180/1180
f 849/820/820 1252/1277/1277 1141/1181/1181
f 850/821/821 1176/1276/1276 849/820/820
f 1322/1278/1278 1226/1155/1155 1227/1159/1159
f 1322/1278/1278 1323/1279/1279 1321/1280/1280
f 1325/1281/1281 1326/1282/1282 1327/1283/1283
f 1324/1284/1284 1323/1279/1279 1325/1281/1281
f 1226/1155/1155 1320/1285/1285 1231/1286/1286
f 1320/1285/1285 1318/1287/1287 1231/1286/1286
f 1318/1287/1287 1230/1156/1156 1231/1286/1286
f 1223/1145/1145 1312/1288/1288 1201/1289/1289
f 1312/1288/1288 1200/1142/1142 1201/1289/1289
f 1311/1290/1290 1312/1288/1288 1313/1291/1291
f 1313/1291/1291 1318/1287/1287 1319/1292/1292
f 1311/1290/1290 1314/1293/1293 1310/1294/1294
f 1311/1290/1290 1204/1138/1138 1202/1141/1141
f 1204/1138/1138 1309/1295/1295 1306/1296/1296
f 1309/1295/1295 1314/1293/1293 1315/1297/1297
f 1308/1298/1298 1315/1297/1297 1316/1299/1299
f 1306/1296/1296 1308/1298/1298 1304/1300/1300
f 1308/1298/1298 1305/1301/1301 1304/1300/1300
f 1307/1302/1302 1316/1299/1299 1317/1303/1303
f 1303/1304/1304 1304/1300/1300 1305/1301/1301
f 1204/1138/1138 1304/1300/1300 1235/1137/1137
f 1302/1305/1305 1305/1301/1301 1301/1306/1306
f 1235/1137/1137 1302/1305/1305 1233/1134/1134
f 1302/1305/1305 1237/1131/1131 1233/1134/1134
f 1301/1306/1306 1236/1129/1129 1237/1131/1131
f 1299/1307/1307 1236/1129/1129 1300/1308/1308
f 1298/1309/1309 1239/1123/1123 1240/1128/1128
f 1296/1310/1310 621/532/532 620/531/531
f 621/532/532 1269/1311/1311 245/364/364
f 1269/1311/1311 1270/1312/1312 1271/1313/1313
f 1295/1314/1314 1268/1315/1315 621/532/532
f 1294/1316/1316 1270/1312/1312 1268/1315/1315
f 1293/1317/1317 1273/1318/1318 1270/1312/1312
f 1270/1312/1312 1272/1319/1319 1271/1313/1313
f 1272/1319/1319 1274/1320/1320 1275/1321/1321
f 1292/1322/1322 1274/1320/1320 1273/1318/1318
f 1292/1322/1322 1279/1323/1323 1276/1324/1324
f 1275/1321/1321 1276/1324/1324 1277/1325/1325
f 1279/1323/1323 1277/1325/1325 1276/1324/1324
f 1281/1326/1326 1278/1327/1327 1279/1323/1323
f 1279/1323/1323 1289/1328/1328 1281/1326/1326
f 1281/1326/1326 1290/1329/1329 1286/1330/1330
f 1280/1331/1331 1282/1332/1332 1283/1333/1333
f 1282/1332/1332 1285/1334/1334 1283/1333/1333
f 1282/1332/1332 1286/1330/1330 1287/1335/1335
f 1282/1332/1332 1288/1336/1336 1284/1337/1337
f 273/241/241 1259/1338/1338 280/248/248
f 285/251/251 1259/1338/1338 1260/1339/1339
f 288/252/252 1260/1339/1339 1263/1340/1340
f 1258/1341/1341 265/229/229 266/230/230
f 1261/1342/1342 266/230/230 381/233/233
f 1258/1341/1341 1260/1339/1339 1259/1338/1338
f 1260/1339/1339 1262/1343/1343 1263/1340/1340
f 1262/1343/1343 381/233/233 962/1041/1041
f 1263/1340/1340 962/1041/1041 961/1344/1344
f 961/1344/1344 1266/1345/1345 1263/1340/1340
f 258/210/210 260/221/221 257/213/213
f 1264/1346/1346 1266/1345/1345 1265/1347/1347
f 289/253/253 1263/1340/1340 1264/1346/1346
f 1022/963/963 1264/1346/1346 1265/1347/1347
f 1022/963/963 1038/965/965 1024/962/962
f 1257/1348/1348 1078/1007/1007 1256/1349/1349
f 1080/1002/1002 1082/1350/1350 1081/998/998
f 1257/1348/1348 1125/1351/1351 1082/1350/1350
f 1081/998/998 1125/1351/1351 1107/997/997
f 1124/1352/1352 1125/1351/1351 1255/1353/1353
f 256/209/209 1485/1045/1045 258/210/210
f 197/94/94 1482/1354/1354 256/209/209
f 1468/1355/1355 1482/1354/1354 743/719/719
f 1482/1354/1354 1484/1356/1356 1485/1045/1045
f 1470/1357/1357 1483/1358/1358 1468/1355/1355
f 1471/1359/1359 1468/1355/1355 1472/1360/1360
f 1467/1361/1361 1471/1359/1359 1472/1360/1360
f 745/721/721 1481/1362/1362 743/719/719
f 1468/1355/1355 1481/1362/1362 1475/1363/1363
f 1468/1355/1355 1474/1364/1364 1472/1360/1360
f 1463/1365/1365 1467/1361/1361 1472/1360/1360
f 1469/1366/1366 1466/1367/1367 1456/1368/1368
f 1469/1366/1366 1470/1357/1357 1471/1359/1359
f 1456/1368/1368 1465/1369/1369 1457/1370/1370
f 1457/1370/1370 1462/1371/1371 1455/1372/1372
f 1455/1372/1372 1456/1368/1368 1457/1370/1370
f 1453/1373/1373 1456/1368/1368 1446/1374/1374
f 1453/1373/1373 1450/1375/1375 1452/1376/1376
f 1447/1377/1377 1448/1378/1378 1446/1374/1374
f 1447/1377/1377 1444/1379/1379 1445/1380/1380
f 1445/1380/1380 1132/902/902 1133/1381/1381
f 1139/901/901 1444/1379/1379 1454/1382/1382
f 1139/901/901 1459/1383/1383 1138/896/896
f 1138/896/896 1460/1384/1384 889/887/887
f 1140/886/886 1460/1384/1384 1461/1385/1385
f 1459/1383/1383 1461/1385/1385 1460/1384/1384
f 1462/1371/1371 1454/1382/1382 1455/1372/1372
f 1446/1374/1374 1454/1382/1382 1444/1379/1379
f 1462/1371/1371 1464/1386/1386 1461/1385/1385
f 1464/1386/1386 1466/1367/1367 1463/1365/1365
f 1464/1386/1386 1140/886/886 1461/1385/1385
f 1140/886/886 1473/1387/1387 875/884/884
f 1474/1364/1364 1463/1365/1365 1472/1360/1360
f 1473/1387/1387 1479/1388/1388 875/884/884
f 735/841/841 1479/1388/1388 734/741/741
f 1478/1389/1389 1479/1388/1388 1480/1390/1390
f 1480/1390/1390 1481/1362/1362 1478/1389/1389
f 1480/1390/1390 1474/1364/1364 1475/1363/1363
f 740/725/725 1481/1362/1362 741/724/724
f 1478/1389/1389 1477/1391/1391 734/741/741
f 726/739/739 1477/1391/1391 733/738/738
f 1477/1391/1391 736/1392/1392 733/738/738
f 737/727/727 736/1392/1392 1476/1393/1393
f 740/725/725 1476/1393/1393 1478/1389/1389
f 730/736/736 736/1392/1392 732/735/735
f 1421/1394/1394 1365/1213/1213 1366/1395/1395
f 1372/1211/1211 1420/1396/1396 1376/1219/1219
f 1422/1397/1397 1420/1396/1396 1421/1394/1394
f 1420/1396/1396 1377/1218/1218 1376/1219/1219
f 1417/1398/1398 1386/1399/1399 1377/1218/1218
f 1377/1218/1218 1384/1400/1400 1374/1216/1216
f 1378/1226/1226 1384/1400/1400 1385/1401/1401
f 1384/1400/1400 1387/1402/1402 1385/1401/1401
f 1387/1402/1402 1415/1403/1403 1416/1404/1404
f 1419/1405/1405 1416/1404/1404 1415/1403/1403
f 1391/1406/1406 1385/1401/1401 1387/1402/1402
f 1378/1226/1226 1388/1407/1407 1379/1225/1225
f 1389/1408/1408 1371/1224/1224 1379/1225/1225
f 1390/1409/1409 1379/1225/1225 1388/1407/1407
f 1388/1407/1407 1392/1410/1410 1390/1409/1409
f 1390/1409/1409 1393/1411/1411 1389/1408/1408
f 1380/1227/1227 1393/1411/1411 1381/1228/1228
f 1383/1229/1229 1393/1411/1411 1394/1412/1412
f 1383/1229/1229 1395/1413/1413 1396/1414/1414
f 1392/1410/1410 1394/1412/1412 1390/1409/1409
f 1408/1415/1415 1395/1413/1413 1392/1410/1410
f 1405/1416/1416 1396/1414/1414 1395/1413/1413
f 1396/1414/1414 1382/1230/1230 1383/1229/1229
f 659/635/635 1397/1417/1417 657/638/638
f 1397/1417/1417 1403/1418/1418 1399/1419/1419
f 1402/1420/1420 1403/1418/1418 1405/1416/1416
f 1405/1416/1416 1407/1421/1421 1402/1420/1420
f 1402/1420/1420 1406/1422/1422 1401/1423/1423
f 1409/1424/1424 1406/1422/1422 1407/1421/1421
f 1401/1423/1423 1410/1425/1425 1404/1426/1426
f 1398/1427/1427 1404/1426/1426 1400/1428/1428
f 1399/1419/1419 1401/1423/1423 1398/1427/1427
f 1399/1419/1419 657/638/638 1397/1417/1417
f 657/638/638 1400/1428/1428 658/640/640
f 1404/1426/1426 1435/1429/1429 1400/1428/1428
f 1410/1425/1425 1437/1430/1430 1404/1426/1426
f 1441/1431/1431 1435/1429/1429 1437/1430/1430
f 1443/1432/1432 1440/1433/1433 1441/1431/1431
f 1436/1434/1434 1440/1433/1433 1439/1435/1435
f 1400/1428/1428 1436/1434/1434 1411/1436/1436
f 658/640/640 1411/1436/1436 1412/1437/1437
f 1431/1438/1438 658/640/640 1412/1437/1437
f 1423/1439/1439 655/639/639 658/640/640
f 660/641/641 1425/1440/1440 663/645/645
f 663/645/645 1424/1441/1441 666/647/647
f 668/650/650 1424/1441/1441 1428/1442/1442
f 1426/1443/1443 1428/1442/1442 1424/1441/1441
f 1425/1440/1440 1426/1443/1443 1424/1441/1441
f 1423/1439/1439 1427/1444/1444 1425/1440/1440
f 1431/1438/1438 1430/1445/1445 1427/1444/1444
f 1427/1444/1444 1429/1446/1446 1426/1443/1443
f 1434/1447/1447 1429/1446/1446 1433/1448/1448
f 1429/1446/1446 1432/1449/1449 1433/1448/1448
f 1414/1450/1450 1430/1445/1445 1412/1437/1437
f 1412/1437/1437 1413/1451/1451 1414/1450/1450
f 1134/904/904 1556/1452/1452 1133/1381/1381
f 1133/1381/1381 1558/1453/1453 1445/1380/1380
f 1445/1380/1380 1449/1454/1454 1447/1377/1377
f 1448/1378/1378 1450/1375/1375 1446/1374/1374
f 1570/1455/1455 1448/1378/1378 1572/1456/1456
f 1449/1454/1454 1572/1456/1456 1448/1378/1378
f 1572/1456/1456 1568/1457/1457 1570/1455/1455
f 1559/1458/1458 1556/1452/1452 1557/1459/1459
f 1559/1458/1458 1561/1460/1460 1558/1453/1453
f 1561/1460/1460 1568/1457/1457 1558/1453/1453
f 1570/1455/1455 1451/1461/1461 1573/1462/1462
f 1451/1461/1461 1569/1463/1463 1571/1464/1464
f 1571/1464/1464 1577/1465/1465 1578/1466/1466
f 1569/1463/1463 1566/1467/1467 1567/1468/1468
f 1567/1468/1468 1577/1465/1465 1569/1463/1463
f 1567/1468/1468 1574/1469/1469 1575/1470/1470
f 1562/1471/1471 1566/1467/1467 1561/1460/1460
f 1560/1472/1472 1562/1471/1471 1561/1460/1460
f 1563/1473/1473 1564/1474/1474 1562/1471/1471
f 1564/1474/1474 1574/1469/1469 1562/1471/1471
f 1565/1475/1475 1580/1476/1476 1564/1474/1474
f 1579/1477/1477 1581/1478/1478 1582/1479/1479
f 1585/1480/1480 1564/1474/1474 1580/1476/1476
f 1579/1477/1477 1583/1481/1481 1580/1476/1476
f 1583/1481/1481 1585/1480/1480 1580/1476/1476
f 1584/1482/1482 1586/1483/1483 1587/1484/1484
f 1240/1128/1128 1536/1485/1485 1298/1309/1309
f 1589/1486/1486 1538/1487/1487 1537/1488/1488
f 1537/1488/1488 1590/1489/1489 1589/1486/1486
f 1300/1308/1308 1590/1489/1489 1299/1307/1307
f 1301/1306/1306 1591/1490/1490 1300/1308/1308
f 1600/1491/1491 1321/1280/1280 1324/1284/1284
f 1326/1282/1282 1535/1492/1492 1327/1283/1283
f 1598/1493/1493 1535/1492/1492 1597/1494/1494
f 1535/1492/1492 1596/1495/1495 1597/1494/1494
f 1595/1496/1496 1593/1497/1497 1594/1498/1498
f 1594/1498/1498 1592/1499/1499 1533/1500/1500
f 1534/1501/1501 1593/1497/1497 1535/1492/1492
f 1228/1161/1161 1531/1502/1502 1532/1503/1503
f 1530/1504/1504 1225/1160/1160 1529/1505/1505
f 1529/1505/1505 1216/1164/1164 1215/1168/1168
f 1219/1172/1172 1528/1506/1506 1220/1173/1173
f 1218/1210/1210 1527/1507/1507 1219/1172/1172
f 1181/1508/1508 1218/1210/1210 1180/1209/1209
f 1167/1203/1203 1181/1508/1508 1168/1204/1204
f 1524/1509/1509 1526/1510/1510 1167/1203/1203
f 1167/1203/1203 1523/1511/1511 1524/1509/1509
f 1522/1512/1512 1524/1509/1509 1523/1511/1511
f 1166/1199/1199 1523/1511/1511 1165/1198/1198
f 1175/1186/1186 1523/1511/1511 1169/1185/1185
f 1521/1513/1513 1173/1178/1178 1174/1514/1514
f 1174/1514/1514 1179/1179/1179 1519/1515/1515
f 1519/1515/1515 1178/1275/1275 1520/1516/1516
f 1635/1517/1517 1066/1018/1018 1067/1019/1019
f 1634/1518/1518 1631/1519/1519 1066/1018/1018
f 1631/1519/1519 1632/1520/1520 1624/1521/1521
f 1631/1519/1519 1614/1522/1522 1066/1018/1018
f 1632/1520/1520 1625/1523/1523 1624/1521/1521
f 1625/1523/1523 1628/1524/1524 1623/1525/1525
f 1630/1526/1526 1628/1524/1524 1629/1527/1527
f 1623/1525/1525 1627/1528/1528 1622/1529/1529
f 1626/1530/1530 1622/1529/1529 1627/1528/1528
f 1619/1531/1531 1621/1532/1532 1620/1533/1533
f 1623/1525/1525 1619/1531/1531 1616/1534/1534
f 1616/1534/1534 1625/1523/1523 1623/1525/1525
f 1624/1521/1521 1613/1535/1535 1614/1522/1522
f 1614/1522/1522 1070/1015/1015 1066/1018/1018
f 1070/1015/1015 1612/1536/1536 1048/1010/1010
f 1613/1535/1535 1615/1537/1537 1612/1536/1536
f 1607/1538/1538 1615/1537/1537 1617/1539/1539
f 1612/1536/1536 1079/1008/1008 1048/1010/1010
f 1619/1531/1531 1615/1537/1537 1616/1534/1534
f 1256/1349/1349 1606/1540/1540 1608/1541/1541
f 1079/1008/1008 1606/1540/1540 1078/1007/1007
f 1256/1349/1349 1255/1353/1353 1257/1348/1348
f 1118/1542/1542 1121/922/922 1122/996/996
f 1391/1406/1406 1416/1404/1404 1486/1543/1543
f 1391/1406/1406 1494/1544/1544 1392/1410/1410
f 1408/1415/1415 1494/1544/1544 1495/1545/1545
f 1493/1546/1546 1494/1544/1544 1488/1547/1547
f 1488/1547/1547 1492/1548/1548 1493/1546/1546
f 1489/1549/1549 1391/1406/1406 1486/1543/1543
f 1487/1550/1550 1489/1549/1549 1486/1543/1543
f 1418/1551/1551 1486/1543/1543 1416/1404/1404
f 1487/1550/1550 1506/1552/1552 1490/1553/1553
f 1505/1554/1554 1506/1552/1552 1507/1555/1555
f 1490/1553/1553 1500/1556/1556 1499/1557/1557
f 1499/1557/1557 1491/1558/1558 1490/1553/1553
f 1490/1553/1553 1492/1548/1548 1489/1549/1549
f 1498/1559/1559 1492/1548/1548 1491/1558/1558
f 1498/1559/1559 1495/1545/1545 1493/1546/1546
f 1495/1545/1545 1407/1421/1421 1408/1415/1415
f 1409/1424/1424 1438/1560/1560 1410/1425/1425
f 1438/1560/1560 1491/1558/1558 1496/1561/1561
f 1438/1560/1560 1497/1562/1562 1437/1430/1430
f 1497/1562/1562 1441/1431/1431 1437/1430/1430
f 1443/1432/1432 1496/1561/1561 1499/1557/1557
f 1443/1432/1432 1500/1556/1556 1501/1563/1563
f 1505/1554/1554 1501/1563/1563 1500/1556/1556
f 1503/1564/1564 1501/1563/1563 1504/1565/1565
f 1443/1432/1432 1502/1566/1566 1442/1567/1567
f 1439/1435/1435 1442/1567/1567 1508/1568/1568
f 1439/1435/1435 1509/1569/1569 1436/1434/1434
f 1413/1451/1451 1436/1434/1434 1509/1569/1569
f 1413/1451/1451 1510/1570/1570 1414/1450/1450
f 1511/1571/1571 1509/1569/1569 1508/1568/1568
f 1511/1571/1571 1512/1572/1572 1510/1570/1570
f 1414/1450/1450 1512/1572/1572 1432/1449/1449
f 1433/1448/1448 1512/1572/1572 1513/1573/1573
f 1433/1448/1448 1514/1574/1574 1434/1447/1447
f 672/1575/1575 1428/1442/1442 1434/1447/1447
f 672/1575/1575 674/654/654 671/651/651
f 677/653/653 1434/1447/1447 1514/1574/1574
f 1515/1576/1576 676/1233/1233 677/653/653
f 1515/1576/1576 1514/1574/1574 1330/1577/1577
f 1330/1577/1577 1513/1573/1573 1517/1578/1578
f 1516/1579/1579 1517/1578/1578 1518/1580/1580
f 1516/1579/1579 1515/1576/1576 1330/1577/1577
f 1516/1579/1579 1329/1235/1235 1328/1234/1234
f 1518/1580/1580 1331/1236/1236 1516/1579/1579
f 1335/1244/1244 1334/1247/1247 1247/1253/1253
f 1254/1273/1273 1353/1266/1266 1178/1275/1275
f 906/866/866 1543/1581/1581 1555/1582/1582
f 1272/1319/1319 1540/1583/1583 1271/1313/1313
f 1552/1584/1584 1553/1585/1585 1550/1586/1586
f 1550/1586/1586 1551/1587/1587 1552/1584/1584
f 1551/1587/1587 1283/1333/1333 1285/1334/1334
f 1280/1331/1331 1549/1588/1588 1278/1327/1327
f 1549/1588/1588 1277/1325/1325 1278/1327/1327
f 1547/1589/1589 1549/1588/1588 1550/1586/1586
f 1547/1589/1589 1548/1590/1590 1545/1591/1591
f 1545/1591/1591 1275/1321/1321 1277/1325/1325
f 1548/1590/1590 1272/1319/1319 1275/1321/1321
f 244/363/363 1269/1311/1311 1271/1313/1313
f 244/363/363 1540/1583/1583 243/360/360
f 243/360/360 911/864/864 242/352/352
f 911/864/864 1541/1592/1592 910/1593/1593
f 909/863/863 1541/1592/1592 908/865/865
f 908/865/865 1543/1581/1581 883/859/859
f 1419/1405/1405 1677/1594/1594 1418/1551/1551
f 1677/1594/1594 1487/1550/1550 1418/1551/1551
f 1507/1555/1555 1678/1595/1595 1676/1596/1596
f 1507/1555/1555 1675/1597/1597 1505/1554/1554
f 1675/1597/1597 1504/1565/1565 1505/1554/1554
f 1504/1565/1565 1636/1598/1598 1503/1564/1564
f 1664/1599/1599 1674/1600/1600 1665/1601/1601
f 1665/1601/1601 1666/1602/1602 1664/1599/1599
f 1671/1603/1603 1666/1602/1602 1667/1604/1604
f 1671/1603/1603 1672/1605/1605 1673/1606/1606
f 1670/1607/1607 1668/1608/1608 1666/1602/1602
f 1664/1599/1599 1668/1608/1608 1652/1609/1609
f 1636/1598/1598 1652/1609/1609 1637/1610/1610
f 1503/1564/1564 1637/1610/1610 1502/1566/1566
f 1502/1566/1566 1638/1611/1611 1442/1567/1567
f 1442/1567/1567 1639/1612/1612 1508/1568/1568
f 1639/1612/1612 1640/1613/1613 1508/1568/1568
f 1511/1571/1571 1640/1613/1613 1642/1614/1614
f 1513/1573/1573 1642/1614/1614 1643/1615/1615
f 1517/1578/1578 1643/1615/1615 1644/1616/1616
f 1518/1580/1580 1644/1616/1616 1645/1617/1617
f 1332/1239/1239 1645/1617/1617 1352/1240/1240
f 1337/1248/1248 1352/1240/1240 1689/1618/1618
f 1645/1617/1617 1649/1619/1619 1352/1240/1240
f 1645/1617/1617 1646/1620/1620 1648/1621/1621
f 1641/1622/1622 1644/1616/1616 1643/1615/1615
f 1641/1622/1622 1642/1614/1614 1640/1613/1613
f 1647/1623/1623 1641/1622/1622 1639/1612/1612
f 1647/1623/1623 1653/1624/1624 1654/1625/1625
f 1637/1610/1610 1639/1612/1612 1638/1611/1611
f 1652/1609/1609 1653/1624/1624 1639/1612/1612
f 1654/1625/1625 1655/1626/1626 1657/1627/1627
f 1655/1626/1626 1656/1628/1628 1657/1627/1627
f 1650/1629/1629 1654/1625/1625 1658/1630/1630
f 1658/1630/1630 1657/1627/1627 1659/1631/1631
f 1656/1628/1628 1668/1608/1608 1669/1632/1632
f 1669/1632/1632 1657/1627/1627 1656/1628/1628
f 1661/1633/1633 1659/1631/1631 1657/1627/1627
f 1651/1634/1634 1658/1630/1630 1659/1631/1631
f 1647/1623/1623 1648/1621/1621 1646/1620/1620
f 1648/1621/1621 1651/1634/1634 1649/1619/1619
f 1651/1634/1634 1660/1635/1635 1662/1636/1636
f 1663/1637/1637 1660/1635/1635 1661/1633/1633
f 1649/1619/1619 1689/1618/1618 1352/1240/1240
f 1339/1249/1249 1689/1618/1618 1690/1638/1638
f 1689/1618/1618 1694/1639/1639 1690/1638/1638
f 1691/1640/1640 1698/1641/1641 1694/1639/1639
f 2936/1642/1642 3234/1643/1643 2917/1644/1644
f 1719/1645/1645 1721/1646/1646 1713/1647/1647
f 1721/1646/1646 1722/1648/1648 1713/1647/1647
f 1715/1649/1649 1722/1648/1648 1723/1650/1650
f 1714/1651/1651 1715/1649/1649 1716/1652/1652
f 1702/1653/1653 1714/1651/1651 1711/1654/1654
f 1712/1655/1655 1713/1647/1647 1702/1653/1653
f 1698/1641/1641 1712/1655/1655 1696/1656/1656
f 1694/1639/1639 1696/1656/1656 1693/1657/1657
f 1690/1638/1638 1693/1657/1657 1680/1658/1658
f 1690/1638/1638 1350/1250/1250 1339/1249/1249
f 1349/1255/1255 1679/1659/1659 1348/1660/1660
f 1350/1250/1250 1679/1659/1659 1347/1661/1661
f 1679/1659/1659 1681/1662/1662 1348/1660/1660
f 1680/1658/1658 1692/1663/1663 1681/1662/1662
f 1696/1656/1656 1692/1663/1663 1693/1657/1657
f 1712/1655/1655 1695/1664/1664 1696/1656/1656
f 1711/1654/1654 1701/1665/1665 1702/1653/1653
f 1710/1666/1666 1714/1651/1651 1716/1652/1652
f 1695/1664/1664 1701/1665/1665 1700/1667/1667
f 1682/1668/1668 1692/1663/1663 1695/1664/1664
f 1348/1660/1660 1682/1668/1668 1683/1669/1669
f 1341/1257/1257 1683/1669/1669 1342/1261/1261
f 1686/1670/1670 1683/1669/1669 1682/1668/1668
f 1344/1262/1262 1683/1669/1669 1684/1671/1671
f 1344/1262/1262 1355/1672/1672 1354/1263/1263
f 1355/1672/1672 1685/1673/1673 1357/1267/1267
f 1685/1673/1673 1686/1670/1670 1687/1674/1674
f 1700/1667/1667 1687/1674/1674 1686/1670/1670
f 1682/1668/1668 1700/1667/1667 1686/1670/1670
f 1688/1675/1675 1701/1665/1665 1703/1676/1676
f 1688/1675/1675 1704/1677/1677 1362/1272/1272
f 1685/1673/1673 1688/1675/1675 1362/1272/1272
f 1357/1267/1267 1362/1272/1272 1359/1269/1269
f 1361/1271/1271 1704/1677/1677 1706/1678/1678
f 1703/1676/1676 1710/1666/1666 1704/1677/1677
f 1710/1666/1666 1707/1679/1679 1704/1677/1677
f 1709/1680/1680 1716/1652/1652 1717/1681/1681
f 1718/1682/1682 1716/1652/1652 1715/1649/1649
f 1706/1678/1678 1707/1679/1679 1708/1683/1683
f 1361/1271/1271 1705/1684/1684 1360/1270/1270
f 1360/1270/1270 1727/1685/1685 1358/1268/1268
f 1727/1685/1685 1728/1686/1686 1358/1268/1268
f 1729/1687/1687 1730/1688/1688 1728/1686/1686
f 1728/1686/1686 1356/1265/1265 1358/1268/1268
f 1726/1689/1689 1728/1686/1686 1730/1688/1688
f 1178/1275/1275 1726/1689/1689 1520/1516/1516
f 1725/1690/1690 1353/1266/1266 1356/1265/1265
f 1661/1633/1633 1816/1691/1691 1663/1637/1637
f 1663/1637/1637 1817/1692/1692 1818/1693/1693
f 1817/1692/1692 1815/1694/1694 1819/1695/1695
f 1670/1607/1607 1816/1691/1691 1669/1632/1632
f 1671/1603/1603 1815/1694/1694 1670/1607/1607
f 1673/1606/1606 1771/1696/1696 1772/1697/1697
f 1771/1696/1696 1809/1698/1698 1772/1697/1697
f 1811/1699/1699 1808/1700/1700 1807/1701/1701
f 1807/1701/1701 1810/1702/1702 1811/1699/1699
f 1741/1703/1703 1421/1394/1394 1366/1395/1395
f 1804/1704/1704 1812/1705/1705 1805/1706/1706
f 1813/1707/1707 1780/1708/1708 1814/1709/1709
f 1667/1604/1604 1770/1710/1710 1672/1605/1605
f 1665/1601/1601 1768/1711/1711 1667/1604/1604
f 1674/1600/1600 1767/1712/1712 1768/1711/1711
f 1767/1712/1712 1770/1710/1710 1768/1711/1711
f 1769/1713/1713 1766/1714/1714 1765/1715/1715
f 1675/1597/1597 1766/1714/1714 1767/1712/1712
f 1676/1596/1596 1765/1715/1715 1766/1714/1714
f 1678/1595/1595 1764/1716/1716 1676/1596/1596
f 1795/1717/1717 1784/1718/1718 1783/1719/1719
f 1795/1717/1717 1797/1720/1720 1800/1721/1721
f 1788/1722/1722 1785/1723/1723 1784/1718/1718
f 1794/1724/1724 1787/1725/1725 1788/1722/1722
f 1786/1726/1726 1787/1725/1725 1789/1727/1727
f 1789/1727/1727 1790/1728/1728 1791/1729/1729
f 1782/1730/1730 1786/1726/1726 1779/1731/1731
f 1745/1732/1732 1782/1730/1730 1779/1731/1731
f 1733/1733/1733 1740/1734/1734 1732/1735/1735
f 1366/1395/1395 1740/1734/1734 1741/1703/1703
f 1733/1733/1733 1738/1736/1736 1739/1737/1737
f 1735/1738/1738 1737/1739/1739 1738/1736/1736
f 1737/1739/1739 1742/1740/1740 1743/1741/1741
f 1742/1740/1740 1746/1742/1742 1743/1741/1741
f 1779/1731/1731 1744/1743/1743 1745/1732/1732
f 1789/1727/1727 1792/1744/1744 1786/1726/1726
f 1779/1731/1731 1792/1744/1744 1793/1745/1745
f 1781/1746/1746 1793/1745/1745 1780/1708/1708
f 1791/1729/1729 1793/1745/1745 1792/1744/1744
f 1775/1747/1747 1780/1708/1708 1804/1704/1704
f 1775/1747/1747 1805/1706/1706 1774/1748/1748
f 1781/1746/1746 1778/1749/1749 1777/1750/1750
f 1777/1750/1750 1779/1731/1731 1781/1746/1746
f 1746/1742/1742 1748/1751/1751 1743/1741/1741
f 1743/1741/1741 1747/1752/1752 1737/1739/1739
f 1737/1739/1739 1749/1753/1753 1738/1736/1736
f 1738/1736/1736 1750/1754/1754 1739/1737/1737
f 1739/1737/1737 1754/1755/1755 1740/1734/1734
f 1741/1703/1703 1757/1756/1756 1422/1397/1397
f 1417/1398/1398 1757/1756/1756 1415/1403/1403
f 1415/1403/1403 1755/1757/1757 1758/1758/1758
f 1757/1756/1756 1754/1755/1755 1755/1757/1757
f 1753/1759/1759 1755/1757/1757 1754/1755/1755
f 1750/1754/1754 1753/1759/1759 1754/1755/1755
f 1752/1760/1760 1753/1759/1759 1749/1753/1753
f 1749/1753/1753 1751/1761/1761 1752/1760/1760
f 1748/1751/1751 1751/1761/1761 1747/1752/1752
f 1748/1751/1751 1778/1749/1749 1776/1762/1762
f 1775/1747/1747 1776/1762/1762 1778/1749/1749
f 1751/1761/1761 1761/1763/1763 1752/1760/1760
f 1752/1760/1760 1760/1764/1764 1756/1765/1765
f 1761/1763/1763 1774/1748/1748 1760/1764/1764
f 1763/1766/1766 1764/1716/1716 1762/1767/1767
f 1763/1766/1766 1769/1713/1713 1765/1715/1715
f 1769/1713/1713 1806/1768/1768 1807/1701/1701
f 1769/1713/1713 1808/1700/1700 1771/1696/1696
f 1771/1696/1696 1770/1710/1710 1769/1713/1713
f 1758/1758/1758 1419/1405/1405 1415/1403/1403
f 1678/1595/1595 1820/1769/1769 1759/1770/1770
f 1820/1769/1769 1755/1757/1757 1756/1765/1765
f 1759/1770/1770 1762/1767/1767 1764/1716/1716
f 1760/1764/1764 1820/1769/1769 1756/1765/1765
f 1763/1766/1766 1760/1764/1764 1774/1748/1748
f 1773/1771/1771 1774/1748/1748 1805/1706/1706
f 1773/1771/1771 1821/1772/1772 1806/1768/1768
f 1812/1705/1705 1821/1772/1772 1805/1706/1706
f 1810/1702/1702 1821/1772/1772 1822/1773/1773
f 1835/1774/1774 1810/1702/1702 1822/1773/1773
f 1812/1705/1705 1835/1774/1774 1822/1773/1773
f 1813/1707/1707 1836/1775/1775 1812/1705/1705
f 1836/1775/1775 1838/1776/1776 1839/1777/1777
f 1814/1709/1709 1837/1778/1778 1838/1776/1776
f 1791/1729/1729 1837/1778/1778 1780/1708/1708
f 1845/1779/1779 1791/1729/1729 1790/1728/1728
f 1794/1724/1724 1845/1779/1779 1790/1728/1728
f 1794/1724/1724 1795/1717/1717 1803/1780/1780
f 1800/1721/1721 1803/1780/1780 1795/1717/1717
f 1846/1781/1781 1803/1780/1780 1801/1782/1782
f 1844/1783/1783 1845/1779/1779 1846/1781/1781
f 1842/1784/1784 1843/1785/1785 1837/1778/1778
f 1843/1785/1785 1838/1776/1776 1837/1778/1778
f 1841/1786/1786 1839/1777/1777 1838/1776/1776
f 1835/1774/1774 1839/1777/1777 1830/1787/1787
f 1830/1787/1787 1840/1788/1788 1834/1789/1789
f 1841/1786/1786 1847/1790/1790 1802/1791/1791
f 1802/1791/1791 1840/1788/1788 1841/1786/1786
f 1834/1789/1789 1796/1792/1792 1848/1793/1793
f 1853/1794/1794 1796/1792/1792 1852/1795/1795
f 1810/1702/1702 1827/1796/1796 1811/1699/1699
f 1834/1789/1789 1829/1797/1797 1830/1787/1787
f 1831/1798/1798 1848/1793/1793 1849/1799/1799
f 1849/1799/1799 1853/1794/1794 1854/1800/1800
f 1827/1796/1796 1829/1797/1797 1828/1801/1801
f 1809/1698/1698 1827/1796/1796 1828/1801/1801
f 1829/1797/1797 1832/1802/1802 1828/1801/1801
f 1831/1798/1798 1833/1803/1803 1832/1802/1802
f 1833/1803/1803 1850/1804/1804 1851/1805/1805
f 1854/1800/1800 1855/1806/1806 1849/1799/1799
f 1850/1804/1804 1855/1806/1806 1857/1807/1807
f 1851/1805/1805 1857/1807/1807 1858/1808/1808
f 1826/1809/1809 1832/1802/1802 1833/1803/1803
f 1828/1801/1801 1825/1810/1810 1809/1698/1698
f 1825/1810/1810 1772/1697/1697 1809/1698/1698
f 1823/1811/1811 1826/1809/1809 1824/1812/1812
f 1819/1695/1695 1823/1811/1811 1824/1812/1812
f 1823/1811/1811 1673/1606/1606 1772/1697/1697
f 1864/1813/1813 1721/1646/1646 1720/1814/1814
f 1867/1815/1815 1862/1816/1816 1864/1813/1813
f 1866/1817/1817 1863/1818/1818 1862/1816/1816
f 1724/1819/1819 1862/1816/1816 1863/1818/1818
f 1860/1820/1820 1863/1818/1818 1865/1821/1821
f 1869/1822/1822 1860/1820/1820 1865/1821/1821
f 1861/1823/1823 1868/1824/1824 1870/1825/1825
f 1859/1826/1826 1860/1820/1820 1861/1823/1823
f 1723/1650/1650 1724/1819/1819 1859/1826/1826
f 1718/1682/1682 1723/1650/1650 1859/1826/1826
f 1718/1682/1682 1861/1823/1823 1871/1827/1827
f 1718/1682/1682 1872/1828/1828 1717/1681/1681
f 1873/1829/1829 1717/1681/1681 1872/1828/1828
f 1705/1684/1684 1708/1683/1683 1874/1830/1830
f 1519/1515/1515 1875/1831/1831 1876/1832/1832
f 1876/1832/1832 1174/1514/1514 1519/1515/1515
f 1521/1513/1513 1522/1512/1512 1175/1186/1186
f 1878/1833/1833 1521/1513/1513 1876/1832/1832
f 1878/1833/1833 1875/1831/1831 1879/1834/1834
f 1541/1592/1592 1542/1835/1835 1880/1836/1836
f 1542/1835/1835 1546/1837/1837 1880/1836/1836
f 1880/1836/1836 908/865/865 1541/1592/1592
f 1880/1836/1836 1881/1838/1838 1544/1839/1839
f 1882/1840/1840 1546/1837/1837 1547/1589/1589
f 1550/1586/1586 1882/1840/1840 1547/1589/1589
f 1882/1840/1840 1883/1841/1841 1881/1838/1838
f 1544/1839/1839 1883/1841/1841 1543/1581/1581
f 1543/1581/1581 1884/1842/1842 1555/1582/1582
f 1884/1842/1842 1553/1585/1585 1554/1843/1843
f 1891/1844/1844 1884/1842/1842 1554/1843/1843
f 1891/1844/1844 1893/1845/1845 1890/1846/1846
f 1892/1847/1847 1554/1843/1843 1552/1584/1584
f 1551/1587/1587 1892/1847/1847 1552/1584/1584
f 1551/1587/1587 1906/1848/1848 1905/1849/1849
f 1906/1848/1848 1908/1850/1850 1904/1851/1851
f 1904/1851/1851 1905/1849/1849 1906/1848/1848
f 1905/1849/1849 1898/1852/1852 1892/1847/1847
f 1892/1847/1847 1894/1853/1853 1891/1844/1844
f 1894/1853/1853 1896/1854/1854 1893/1845/1845
f 1898/1852/1852 1902/1855/1855 1896/1854/1854
f 1901/1856/1856 1903/1857/1857 1904/1851/1851
f 1904/1851/1851 1909/1858/1858 1901/1856/1856
f 1910/1859/1859 1901/1856/1856 1909/1858/1858
f 1902/1855/1855 1899/1860/1860 1896/1854/1854
f 1895/1861/1861 1899/1860/1860 1900/1862/1862
f 1896/1854/1854 1888/1863/1863 1889/1864/1864
f 1889/1864/1864 1893/1845/1845 1896/1854/1854
f 1884/1842/1842 1889/1864/1864 1555/1582/1582
f 1889/1864/1864 1887/1865/1865 1555/1582/1582
f 1887/1865/1865 906/866/866 1555/1582/1582
f 905/867/867 1885/1866/1866 904/872/872
f 904/872/872 1886/1867/1867 896/873/873
f 1885/1866/1866 1888/1863/1863 1886/1867/1867
f 1886/1867/1867 1895/1861/1861 1897/1868/1868
f 896/873/873 1897/1868/1868 897/875/875
f 1933/1869/1869 1061/969/969 1934/1870/1870
f 1062/972/972 1932/1871/1871 1053/973/973
f 1932/1871/1871 1054/983/983 1053/973/973
f 1054/983/983 1927/1872/1872 1055/989/989
f 1056/1038/1038 1927/1872/1872 1928/1873/1873
f 1069/1874/1874 1928/1873/1873 1929/1875/1875
f 1063/1023/1023 1069/1874/1874 3398/1876/1876
f 1068/1022/1022 1635/1517/1517 1067/1019/1019
f 1931/1877/1877 1635/1517/1517 1930/1024/1024
f 1313/1291/1291 1920/1878/1878 1314/1293/1293
f 1920/1878/1878 1315/1297/1297 1314/1293/1293
f 1315/1297/1297 1918/1879/1879 1316/1299/1299
f 1316/1299/1299 1917/1880/1880 1317/1303/1303
f 1918/1879/1879 1922/1881/1881 1917/1880/1880
f 1320/1285/1285 1920/1878/1878 1319/1292/1292
f 1920/1878/1878 1923/1882/1882 1919/1883/1883
f 1922/1881/1881 1923/1882/1882 1924/1884/1884
f 1913/1885/1885 1922/1881/1881 1914/1886/1886
f 1317/1303/1303 1913/1885/1885 1307/1302/1302
f 1911/1887/1887 1913/1885/1885 1914/1886/1886
f 1922/1881/1881 1925/1888/1888 1914/1886/1886
f 1307/1302/1302 1591/1490/1490 1305/1301/1301
f 1591/1490/1490 1912/1889/1889 1590/1489/1489
f 1912/1889/1889 1914/1886/1886 1915/1890/1890
f 1925/1888/1888 1915/1890/1890 1914/1886/1886
f 1589/1486/1486 1912/1889/1889 1588/1891/1891
f 1912/1889/1889 1916/1892/1892 1588/1891/1891
f 1286/1330/1330 1539/1893/1893 1287/1335/1335
f 2004/1047/1047 1484/1356/1356 1470/1357/1357
f 1458/1894/1894 1470/1357/1357 1456/1368/1368
f 2006/1895/1895 2007/1896/1896 2005/1897/1897
f 2007/1896/1896 2013/1898/1898 2005/1897/1897
f 2013/1898/1898 2014/1899/1899 2015/1900/1900
f 2014/1899/1899 2025/1901/1901 2015/1900/1900
f 2027/1902/1902 2014/1899/1899 2008/1903/1903
f 2008/1903/1903 2012/1904/1904 2010/1905/1905
f 2010/1905/1905 2007/1896/1896 2011/1906/1906
f 2011/1906/1906 1458/1894/1894 1453/1373/1373
f 1453/1373/1373 2010/1905/1905 2011/1906/1906
f 1452/1376/1376 2008/1903/1903 1453/1373/1373
f 1452/1376/1376 2032/1907/1907 2009/1908/1908
f 1450/1375/1375 2033/1909/1909 1452/1376/1376
f 2034/1910/1910 1573/1462/1462 1451/1461/1461
f 1571/1464/1464 2034/1910/1910 1451/1461/1461
f 1578/1466/1466 2036/1911/1911 2034/1910/1910
f 1577/1465/1465 2059/1912/1912 1578/1466/1466
f 1575/1470/1470 2060/1913/1913 1577/1465/1465
f 1574/1469/1469 2061/1914/1914 1575/1470/1470
f 1564/1474/1474 2062/1915/1915 1576/1916/1916
f 2031/1917/1917 2033/1909/1909 2034/1910/1910
f 2034/1910/1910 2035/1918/1918 2031/1917/1917
f 2037/1919/1919 2031/1917/1917 2035/1918/1918
f 2028/1920/1920 2030/1921/1921 2029/1922/1922
f 2027/1902/1902 2029/1922/1922 2026/1923/1923
f 2028/1920/1920 2008/1903/1903 2009/1908/1908
f 2032/1907/1907 2028/1920/1920 2009/1908/1908
f 1470/1357/1357 2005/1897/1897 2004/1047/1047
f 2004/1047/1047 2016/1924/1924 2002/1046/1046
f 2013/1898/1898 2016/1924/1924 2005/1897/1897
f 2017/1925/1925 2016/1924/1924 2015/1900/1900
f 2025/1901/1901 2017/1925/1925 2015/1900/1900
f 2021/1926/1926 2041/1927/1927 2022/1928/1928
f 2026/1923/1923 2041/1927/1927 2025/1901/1901
f 2029/1922/1922 2040/1929/1929 2026/1923/1923
f 2039/1930/1930 2029/1922/1922 2030/1921/1921
f 2039/1930/1930 2040/1929/1929 2038/1931/1931
f 2023/1932/1932 2042/1933/1933 2024/1934/1934
f 2041/1927/1927 2023/1932/1932 2022/1928/1928
f 2020/1935/1935 2023/1932/1932 945/1052/1052
f 947/1057/1057 2023/1932/1932 2024/1934/1934
f 2044/1936/1936 947/1057/1057 2024/1934/1934
f 951/1060/1060 2043/1937/1937 2047/1938/1938
f 963/1064/1064 2047/1938/1938 2048/1939/1939
f 1011/1066/1066 2048/1939/1939 2049/1940/1940
f 1011/1066/1066 2057/1941/1941 2058/1942/1942
f 2049/1940/1940 2055/1943/1943 2057/1941/1941
f 2053/1944/1944 2054/1945/1945 2055/1943/1943
f 2054/1945/1945 2051/1946/1946 2056/1947/1947
f 2045/1948/1948 2052/1949/1949 2046/1950/1950
f 2046/1950/1950 2053/1944/1944 2049/1940/1940
f 2050/1951/1951 2048/1939/1939 2047/1938/1938
f 2046/1950/1950 2050/1951/1951 2044/1936/1936
f 2044/1936/1936 2045/1948/1948 2046/1950/1950
f 2050/1951/1951 2043/1937/1937 2044/1936/1936
f 943/1051/1051 2020/1935/1935 945/1052/1052
f 2019/1952/1952 2022/1928/1928 2020/1935/1935
f 2021/1926/1926 2018/1953/1953 2017/1925/1925
f 2002/1046/1046 2018/1953/1953 942/1954/1954
f 2003/1044/1044 942/1954/1954 2001/1955/1955
f 942/1954/1954 2019/1952/1952 943/1051/1051
f 260/221/221 383/234/234 379/235/235
f 383/234/234 942/1954/1954 939/1043/1043
f 939/1043/1043 941/1049/1049 940/1042/1042
f 959/1077/1077 940/1042/1042 941/1049/1049
f 973/1079/1079 961/1344/1344 959/1077/1077
f 1705/1684/1684 1992/1956/1956 1727/1685/1685
f 1874/1830/1830 1988/1957/1957 1989/1958/1958
f 1708/1683/1683 1986/1959/1959 1988/1957/1957
f 1709/1680/1680 1986/1959/1959 1707/1679/1679
f 1990/1960/1960 1986/1959/1959 1985/1961/1961
f 1989/1958/1958 1990/1960/1960 1991/1962/1962
f 1993/1963/1963 1989/1958/1958 1991/1962/1962
f 1987/1964/1964 1990/1960/1960 1985/1961/1961
f 1873/1829/1829 1985/1961/1961 1709/1680/1680
f 1984/1965/1965 1987/1964/1964 1873/1829/1829
f 1987/1964/1964 1995/1966/1966 1991/1962/1962
f 1994/1967/1967 1997/1968/1968 1995/1966/1966
f 1984/1965/1965 1996/1969/1969 1994/1967/1967
f 1873/1829/1829 1983/1970/1970 1984/1965/1965
f 1983/1970/1970 1998/1971/1971 1984/1965/1965
f 1871/1827/1827 1983/1970/1970 1872/1828/1828
f 1999/1972/1972 1982/1973/1973 2000/1974/1974
f 1870/1825/1825 1871/1827/1827 1861/1823/1823
f 1970/1975/1975 1818/1693/1693 1971/1976/1976
f 1972/1977/1977 1818/1693/1693 1968/1978/1978
f 1818/1693/1693 1965/1979/1979 1968/1978/1978
f 1819/1695/1695 1964/1980/1980 1817/1692/1692
f 1824/1812/1812 1961/1981/1981 1819/1695/1695
f 1824/1812/1812 1956/1982/1982 1960/1983/1983
f 1833/1803/1803 1956/1982/1982 1826/1809/1809
f 1858/1808/1808 1956/1982/1982 1851/1805/1805
f 1957/1984/1984 1960/1983/1983 1956/1982/1982
f 1958/1985/1985 1961/1981/1981 1957/1984/1984
f 1962/1986/1986 1964/1980/1980 1961/1981/1981
f 1965/1979/1979 1964/1980/1980 1963/1987/1987
f 1965/1979/1979 1966/1988/1988 1968/1978/1978
f 1973/1989/1989 1968/1978/1978 1966/1988/1988
f 1973/1989/1989 1974/1990/1990 1972/1977/1977
f 1974/1990/1990 1976/1991/1991 1977/1992/1992
f 1967/1993/1993 1973/1989/1989 1966/1988/1988
f 1967/1993/1993 1963/1987/1987 1959/1994/1994
f 1959/1994/1994 1962/1986/1986 1958/1985/1985
f 1954/1995/1995 1967/1993/1993 1959/1994/1994
f 1969/1996/1996 1975/1997/1997 1976/1991/1991
f 1955/1998/1998 1975/1997/1997 1954/1995/1995
f 1952/1999/1999 1978/2000/2000 1955/1998/1998
f 1981/2001/2001 1856/2002/2002 1943/2003/2003
f 1855/1806/1806 1952/1999/1999 1953/2004/2004
f 1955/1998/1998 1953/2004/2004 1952/1999/1999
f 1954/1995/1995 1958/1985/1985 1953/2004/2004
f 1953/2004/2004 1957/1984/1984 1858/1808/1808
f 1953/2004/2004 1857/1807/1807 1855/1806/1806
f 1856/2002/2002 1942/2005/2005 1943/2003/2003
f 1854/1800/1800 1941/2006/2006 1942/2005/2005
f 1853/1794/1794 1940/2007/2007 1941/2006/2006
f 1852/1795/1795 1802/1791/1791 1847/1790/1790
f 1940/2007/2007 1847/1790/1790 1939/2008/2008
f 1847/1790/1790 1844/1783/1783 1939/2008/2008
f 1844/1783/1783 1938/2009/2009 1939/2008/2008
f 1801/1782/1782 1938/2009/2009 1846/1781/1781
f 1945/2010/2010 1938/2009/2009 1937/2011/2011
f 1944/2012/2012 1949/2013/2013 1950/2014/2014
f 1801/1782/1782 1935/2015/2015 1937/2011/2011
f 1937/2011/2011 1947/2016/2016 1948/2017/2017
f 1797/1720/1720 1935/2015/2015 1800/1721/1721
f 1936/2018/2018 1947/2016/2016 1935/2015/2015
f 1946/2019/2019 1979/2020/2020 1936/2018/2018
f 1798/2021/2021 1936/2018/2018 1797/1720/1720
f 1651/1634/1634 1691/1640/1640 1649/1619/1619
f 2259/2022/2022 2063/2023/2023 2064/2024/2024
f 1662/1636/1636 2063/2023/2023 1651/1634/1634
f 2885/2025/2025 3234/1643/1643 2884/2026/2026
f 2878/2027/2027 3235/2028/2028 2876/2029/2029
f 2224/2030/2030 1581/1478/1478 1565/1475/1475
f 1563/1473/1473 2224/2030/2030 1565/1475/1475
f 1560/1472/1472 2222/2031/2031 1563/1473/1473
f 2223/2032/2032 2224/2030/2030 2222/2031/2031
f 2224/2030/2030 2226/2033/2033 2221/2034/2034
f 2188/2035/2035 2184/2036/2036 2185/2037/2037
f 2194/2038/2038 2222/2031/2031 2193/2039/2039
f 901/878/878 894/874/874 2166/2040/2040
f 898/893/893 2166/2040/2040 892/891/891
f 892/891/891 2167/2041/2041 893/892/892
f 895/876/876 2166/2040/2040 894/874/874
f 2168/2042/2042 895/876/876 897/875/875
f 893/892/892 2168/2042/2042 1126/2043/2043
f 1131/899/899 1134/904/904 1130/903/903
f 1134/904/904 2172/2044/2044 1557/1459/1459
f 2172/2044/2044 1131/899/899 2170/2045/2045
f 1131/899/899 2169/2046/2046 2170/2045/2045
f 1128/898/898 2165/2047/2047 2169/2046/2046
f 2165/2047/2047 2168/2042/2042 2159/2048/2048
f 897/875/875 2159/2048/2048 2168/2042/2042
f 1897/1868/1868 1900/1862/1862 2159/2048/2048
f 2159/2048/2048 2164/2049/2049 2165/2047/2047
f 2164/2049/2049 2169/2046/2046 2165/2047/2047
f 2173/2050/2050 2172/2044/2044 2170/2045/2045
f 2173/2050/2050 2164/2049/2049 2163/2051/2051
f 2161/2052/2052 2164/2049/2049 1900/1862/1862
f 1900/1862/1862 2160/2053/2053 2161/2052/2052
f 1899/1860/1860 2155/2054/2054 1900/1862/1862
f 2160/2053/2053 2163/2051/2051 2161/2052/2052
f 2162/2055/2055 2173/2050/2050 2163/2051/2051
f 1557/1459/1459 2190/2056/2056 1559/1458/1458
f 1560/1472/1472 2190/2056/2056 2193/2039/2039
f 2192/2057/2057 2193/2039/2039 2190/2056/2056
f 2189/2058/2058 2190/2056/2056 2173/2050/2050
f 2189/2058/2058 2188/2035/2035 2192/2057/2057
f 2192/2057/2057 2191/2059/2059 2194/2038/2038
f 2157/2060/2060 2160/2053/2053 2155/2054/2054
f 2156/2061/2061 2157/2060/2060 2155/2054/2054
f 2184/2036/2036 2157/2060/2060 2158/2062/2062
f 2158/2062/2062 2178/2063/2063 2184/2036/2036
f 2185/2037/2037 2178/2063/2063 2183/2064/2064
f 2185/2037/2037 2187/2065/2065 2188/2035/2035
f 2158/2062/2062 2150/2066/2066 2149/2067/2067
f 2156/2061/2061 2146/2068/2068 2150/2066/2066
f 1910/1859/1859 2146/2068/2068 2155/2054/2054
f 1908/1850/1850 2146/2068/2068 1909/1858/1858
f 2145/2069/2069 2150/2066/2066 2146/2068/2068
f 2148/2070/2070 2149/2067/2067 2150/2066/2066
f 2183/2064/2064 2186/2071/2071 2187/2065/2065
f 2177/2072/2072 2183/2064/2064 2178/2063/2063
f 2174/2073/2073 2178/2063/2063 2149/2067/2067
f 2174/2073/2073 2147/2074/2074 2144/2075/2075
f 2145/2069/2069 2147/2074/2074 2148/2070/2070
f 1907/2076/2076 2145/2069/2069 1908/1850/1850
f 1907/2076/2076 2140/2077/2077 2144/2075/2075
f 1285/1334/1334 1907/2076/2076 1551/1587/1587
f 2132/2078/2078 1285/1334/1334 1284/1337/1337
f 2141/2079/2079 2131/2080/2080 2132/2078/2078
f 2141/2079/2079 2152/2081/2081 2140/2077/2077
f 2144/2075/2075 2152/2081/2081 2153/2082/2082
f 2153/2082/2082 2174/2073/2073 2144/2075/2075
f 2175/2083/2083 2177/2072/2072 2174/2073/2073
f 2181/2084/2084 2177/2072/2072 2179/2085/2085
f 2181/2084/2084 2186/2071/2071 2180/2086/2086
f 2196/2087/2087 2181/2084/2084 2179/2085/2085
f 2196/2087/2087 2203/2088/2088 2195/2089/2089
f 2203/2088/2088 2214/2090/2090 2195/2089/2089
f 2215/2091/2091 2213/2092/2092 2212/2093/2093
f 2202/2094/2094 2213/2092/2092 2203/2088/2088
f 2215/2091/2091 2216/2095/2095 2217/2096/2096
f 2218/2097/2097 2216/2095/2095 2211/2098/2098
f 2209/2099/2099 2218/2097/2097 2211/2098/2098
f 2219/2100/2100 2206/2101/2101 2220/2102/2102
f 2154/2103/2103 2152/2081/2081 2151/2104/2104
f 2176/2105/2105 2153/2082/2082 2154/2103/2103
f 2182/2106/2106 2175/2083/2083 2176/2105/2105
f 2197/2107/2107 2179/2085/2085 2182/2106/2106
f 2197/2107/2107 2202/2094/2094 2196/2087/2087
f 2202/2094/2094 2210/2108/2108 2212/2093/2093
f 2216/2095/2095 2210/2108/2108 2211/2098/2098
f 2211/2098/2098 2208/2109/2109 2209/2099/2099
f 2206/2101/2101 2208/2109/2109 2205/2110/2110
f 2200/2111/2111 2205/2110/2110 2208/2109/2109
f 2176/2105/2105 2200/2111/2111 2182/2106/2106
f 2182/2106/2106 2201/2112/2112 2197/2107/2107
f 2201/2112/2112 2208/2109/2109 2210/2108/2108
f 2154/2103/2103 2199/2113/2113 2176/2105/2105
f 2198/2114/2114 2205/2110/2110 2199/2113/2113
f 2217/2096/2096 2354/2115/2115 2215/2091/2091
f 2142/2116/2116 2132/2078/2078 2136/2117/2117
f 2136/2117/2117 1284/1337/1337 1288/1336/1336
f 1287/1335/1335 2135/2118/2118 1288/1336/1336
f 1539/1893/1893 2134/2119/2119 2135/2118/2118
f 2133/2120/2120 1290/1329/1329 1289/1328/1328
f 2137/2121/2121 2142/2116/2116 2136/2117/2117
f 2137/2121/2121 1288/1336/1336 2135/2118/2118
f 2134/2119/2119 2137/2121/2121 2135/2118/2118
f 2139/2122/2122 2134/2119/2119 2133/2120/2120
f 1916/1892/1892 2114/2123/2123 1588/1891/1891
f 1320/1285/1285 1599/2124/2124 1921/2125/2125
f 2119/2126/2126 1599/2124/2124 1600/1491/1491
f 1921/2125/2125 2108/2127/2127 1923/1882/1882
f 1924/1884/1884 2108/2127/2127 2109/2128/2128
f 1925/1888/1888 2109/2128/2128 2110/2129/2129
f 1925/1888/1888 2111/2130/2130 1916/1892/1892
f 2110/2129/2129 2113/2131/2131 2111/2130/2130
f 2109/2128/2128 2117/2132/2132 2110/2129/2129
f 2108/2127/2127 2118/2133/2133 2109/2128/2128
f 1325/1281/1281 1598/1493/1493 2124/2134/2134
f 2124/2134/2134 1324/1284/1284 1325/1281/1281
f 2122/2135/2135 1600/1491/1491 1324/1284/1284
f 2119/2126/2126 2120/2136/2136 2118/2133/2133
f 2118/2133/2133 2121/2137/2137 2117/2132/2132
f 2111/2130/2130 2112/2138/2138 1916/1892/1892
f 2115/2139/2139 2125/2140/2140 2112/2138/2138
f 2123/2141/2141 2126/2142/2142 2115/2139/2139
f 2128/2143/2143 2123/2141/2141 2122/2135/2135
f 2128/2143/2143 2129/2144/2144 2130/2145/2145
f 2129/2144/2144 2124/2134/2134 1598/1493/1493
f 2120/2136/2136 2123/2141/2141 2121/2137/2137
f 2116/2146/2146 2123/2141/2141 2115/2139/2139
f 2113/2131/2131 2115/2139/2139 2112/2138/2138
f 2116/2146/2146 2117/2132/2132 2121/2137/2137
f 1533/1500/1500 1534/1501/1501 2106/2147/2147
f 1322/1278/1278 1534/1501/1501 1326/1282/1282
f 2106/2147/2147 1227/1159/1159 1229/1158/1158
f 1533/1500/1500 1229/1158/1158 2107/2148/2148
f 1229/1158/1158 1532/1503/1503 2107/2148/2148
f 1531/1502/1502 2103/2149/2149 2104/2150/2150
f 2104/2150/2150 2101/2151/2151 2105/2152/2152
f 1530/1504/1504 2097/2153/2153 2103/2149/2149
f 2097/2153/2153 1215/1168/1168 1217/1171/1171
f 1220/1173/1173 2097/2153/2153 1217/1171/1171
f 2098/2154/2154 2099/2155/2155 2100/2156/2156
f 2098/2154/2154 2103/2149/2149 2097/2153/2153
f 2100/2156/2156 2101/2151/2151 2098/2154/2154
f 1875/1831/1831 2087/2157/2157 1879/1834/1834
f 2089/2158/2158 2087/2157/2157 2082/2159/2159
f 2088/2160/2160 2090/2161/2161 2091/2162/2162
f 2091/2162/2162 2092/2163/2163 2094/2164/2164
f 2095/2165/2165 2092/2163/2163 2093/2166/2166
f 2096/2167/2167 2093/2166/2166 2084/2168/2168
f 2093/2166/2166 2090/2161/2161 2084/2168/2168
f 2090/2161/2161 2086/2169/2169 2084/2168/2168
f 2081/2170/2170 2089/2158/2158 2082/2159/2159
f 1875/1831/1831 2081/2170/2170 2082/2159/2159
f 2083/2171/2171 1520/1516/1516 2077/2172/2172
f 2083/2171/2171 2086/2169/2169 2081/2170/2170
f 1726/1689/1689 2077/2172/2172 1520/1516/1516
f 2085/2173/2173 2083/2171/2171 2077/2172/2172
f 2085/2173/2173 1730/1688/1688 1731/2174/2174
f 1729/1687/1687 1992/1956/1956 2073/2175/2175
f 1731/2174/2174 2073/2175/2175 2074/2176/2176
f 2074/2176/2176 2075/2177/2177 2076/2178/2178
f 2075/2177/2177 2080/2179/2179 2076/2178/2178
f 2075/2177/2177 2078/2180/2180 2079/2181/2181
f 2072/2182/2182 2073/2175/2175 1992/1956/1956
f 1874/1830/1830 2072/2182/2182 1992/1956/1956
f 2078/2180/2180 1993/1963/1963 1991/1962/1962
f 1974/1990/1990 2228/2183/2183 1972/1977/1977
f 2229/2184/2184 1977/1992/1992 2230/2185/2185
f 2877/2186/2186 3235/2028/2028 3239/2187/2187
f 3237/2188/2188 3240/2189/2189 3242/2190/2190
f 3234/1643/1643 3235/2028/2028 2884/2026/2026
f 1866/1817/1817 1869/1822/1822 1865/1821/1821
f 1364/2191/2191 3236/2192/2192 3234/1643/1643
f 3237/2188/2188 3241/2193/2193 3239/2187/2187
f 3236/2192/2192 3239/2187/2187 3235/2028/2028
f 2068/2194/2194 2235/2195/2195 1869/1822/1822
f 1868/1824/1824 2069/2196/2196 2070/2197/2197
f 1868/1824/1824 2071/2198/2198 1870/1825/1825
f 1870/1825/1825 2000/1974/1974 1982/1973/1973
f 1998/1971/1971 2241/2199/2199 1996/1969/1969
f 2000/1974/1974 2241/2199/2199 1999/1972/1972
f 2242/2200/2200 2240/2201/2201 2243/2202/2202
f 2000/1974/1974 2238/2203/2203 2240/2201/2201
f 2244/2204/2204 2240/2201/2201 2238/2203/2203
f 2244/2204/2204 2248/2205/2205 2243/2202/2202
f 2248/2205/2205 2255/2206/2206 2247/2207/2207
f 2243/2202/2202 2247/2207/2207 2246/2208/2208
f 2070/2197/2197 2238/2203/2203 2071/2198/2198
f 2239/2209/2209 2244/2204/2204 2238/2203/2203
f 2250/2210/2210 2244/2204/2204 2245/2211/2211
f 2250/2210/2210 2255/2206/2206 2249/2212/2212
f 2245/2211/2211 2251/2213/2213 2250/2210/2210
f 2245/2211/2211 2256/2214/2214 2252/2215/2215
f 2256/2214/2214 2266/2216/2216 2267/2217/2217
f 2245/2211/2211 2253/2218/2218 2254/2219/2219
f 2237/2220/2220 2239/2209/2209 2070/2197/2197
f 2069/2196/2196 2237/2220/2220 2070/2197/2197
f 2069/2196/2196 2235/2195/2195 2236/2221/2221
f 2234/2222/2222 2261/2223/2223 2235/2195/2195
f 2260/2224/2224 2261/2223/2223 2258/2225/2225
f 2257/2226/2226 2262/2227/2227 2263/2228/2228
f 2261/2223/2223 2236/2221/2221 2235/2195/2195
f 2257/2226/2226 2237/2220/2220 2236/2221/2221
f 2253/2218/2218 2263/2228/2228 2254/2219/2219
f 2254/2219/2219 2265/2229/2229 2266/2216/2216
f 2263/2228/2228 2264/2230/2230 2265/2229/2229
f 2218/2097/2097 2357/2231/2231 2217/2096/2096
f 2219/2100/2100 2359/2232/2232 2357/2231/2231
f 2358/2233/2233 2366/2234/2234 2359/2232/2232
f 2220/2102/2102 2358/2233/2233 2219/2100/2100
f 2360/2235/2235 2363/2236/2236 2364/2237/2237
f 2220/2102/2102 2362/2238/2238 2363/2236/2236
f 2206/2101/2101 2361/2239/2239 2362/2238/2238
f 2204/2240/2240 2361/2239/2239 2205/2110/2110
f 2215/2091/2091 2355/2241/2241 2214/2090/2090
f 2352/2242/2242 2355/2241/2241 2356/2243/2243
f 2350/2244/2244 2352/2242/2242 2353/2245/2245
f 2350/2244/2244 2195/2089/2089 2214/2090/2090
f 2349/2246/2246 2186/2071/2071 2195/2089/2089
f 2348/2247/2247 2187/2065/2065 2186/2071/2071
f 2347/2248/2248 2188/2035/2035 2187/2065/2065
f 2347/2248/2248 2194/2038/2038 2191/2059/2059
f 2225/2249/2249 2347/2248/2248 2348/2247/2247
f 2226/2033/2033 2348/2247/2247 2349/2246/2246
f 2226/2033/2033 2350/2244/2244 2221/2034/2034
f 2353/2245/2245 2221/2034/2034 2350/2244/2244
f 1581/1478/1478 2351/2250/2250 1582/1479/1479
f 2130/2145/2145 2275/2251/2251 2128/2143/2143
f 2275/2251/2251 2127/2252/2252 2128/2143/2143
f 2126/2142/2142 2274/2253/2253 2125/2140/2140
f 2293/2254/2254 2130/2145/2145 2273/2255/2255
f 2129/2144/2144 2273/2255/2255 2130/2145/2145
f 2272/2256/2256 2271/2257/2257 2270/2258/2258
f 1597/1494/1494 2270/2258/2258 2271/2257/2257
f 2271/2257/2257 1598/1493/1493 1597/1494/1494
f 1596/1495/1495 2268/2259/2259 1597/1494/1494
f 2272/2256/2256 2268/2259/2259 2269/2260/2260
f 2273/2255/2255 2290/2261/2261 2291/2262/2262
f 2273/2255/2255 2292/2263/2263 2293/2254/2254
f 2293/2254/2254 2295/2264/2264 2296/2265/2265
f 2294/2266/2266 2295/2264/2264 2292/2263/2263
f 2298/2267/2267 2292/2263/2263 2291/2262/2262
f 2299/2268/2268 2291/2262/2262 2290/2261/2261
f 2299/2268/2268 2307/2269/2269 2298/2267/2267
f 2307/2269/2269 2313/2270/2270 2314/2271/2271
f 2306/2272/2272 2312/2273/2273 2313/2270/2270
f 2299/2268/2268 2305/2274/2274 2306/2272/2272
f 2300/2275/2275 2290/2261/2261 2278/2276/2276
f 2272/2256/2256 2278/2276/2276 2290/2261/2261
f 2279/2277/2277 2269/2260/2260 1596/1495/1495
f 2301/2278/2278 2278/2276/2276 2279/2277/2277
f 2300/2275/2275 2304/2279/2279 2305/2274/2274
f 2305/2274/2274 2311/2280/2280 2312/2273/2273
f 2303/2281/2281 2311/2280/2280 2304/2279/2279
f 2302/2282/2282 2304/2279/2279 2301/2278/2278
f 2280/2283/2283 2301/2278/2278 2279/2277/2277
f 2280/2283/2283 1596/1495/1495 1595/1496/1496
f 1533/1500/1500 2282/2284/2284 1594/1498/1498
f 1532/1503/1503 2282/2284/2284 2107/2148/2148
f 2283/2285/2285 2285/2286/2286 2286/2287/2287
f 1531/1502/1502 2285/2286/2286 1532/1503/1503
f 2286/2287/2287 2104/2150/2150 2105/2152/2152
f 2286/2287/2287 2284/2288/2288 2283/2285/2285
f 2282/2284/2284 2284/2288/2288 2281/2289/2289
f 2282/2284/2284 1595/1496/1496 1594/1498/1498
f 1595/1496/1496 2289/2290/2290 2280/2283/2283
f 2302/2282/2282 2289/2290/2290 2287/2291/2291
f 2281/2289/2289 2287/2291/2291 2289/2290/2290
f 2288/2292/2292 2284/2288/2288 2105/2152/2152
f 2303/2281/2281 2287/2291/2291 2288/2292/2292
f 2303/2281/2281 2309/2293/2293 2310/2294/2294
f 2309/2293/2293 2317/2295/2295 2310/2294/2294
f 2315/2296/2296 2316/2297/2297 2309/2293/2293
f 2320/2298/2298 2318/2299/2299 2315/2296/2296
f 2321/2300/2300 2309/2293/2293 2308/2301/2301
f 2288/2292/2292 2308/2301/2301 2309/2293/2293
f 2102/2302/2302 2105/2152/2152 2101/2151/2151
f 2326/2303/2303 2308/2301/2301 2102/2302/2302
f 2315/2296/2296 2322/2304/2304 2323/2305/2305
f 2322/2304/2304 2326/2303/2303 2328/2306/2306
f 2327/2307/2307 2328/2306/2306 2326/2303/2303
f 2327/2307/2307 2102/2302/2302 2100/2156/2156
f 2340/2308/2308 2327/2307/2307 2100/2156/2156
f 2340/2308/2308 2344/2309/2309 2329/2310/2310
f 2325/2311/2311 2344/2309/2309 2345/2312/2312
f 2324/2313/2313 2345/2312/2312 2346/2314/2314
f 2325/2311/2311 2328/2306/2306 2329/2310/2310
f 2322/2304/2304 2324/2313/2313 2323/2305/2305
f 2339/2315/2315 2344/2309/2309 2343/2316/2316
f 2338/2317/2317 2345/2312/2312 2339/2315/2315
f 2341/2318/2318 2343/2316/2316 2342/2319/2319
f 2340/2308/2308 2342/2319/2319 2343/2316/2316
f 2099/2155/2155 2342/2319/2319 2100/2156/2156
f 2331/2320/2320 2341/2318/2318 2099/2155/2155
f 1528/1506/1506 2099/2155/2155 1220/1173/1173
f 2339/2315/2315 2337/2321/2321 2338/2317/2317
f 2336/2322/2322 2337/2321/2321 2332/2323/2323
f 2331/2320/2320 2332/2323/2323 2337/2321/2321
f 1528/1506/1506 2330/2324/2324 2331/2320/2320
f 1525/2325/2325 1527/1507/1507 1526/1510/1510
f 1522/1512/1512 2330/2324/2324 1525/2325/2325
f 2333/2326/2326 2330/2324/2324 1877/2327/2327
f 2333/2326/2326 2336/2322/2322 2332/2323/2323
f 2335/2328/2328 2336/2322/2322 2334/2329/2329
f 1878/1833/1833 2333/2326/2326 1877/2327/2327
f 1879/1834/1834 2334/2329/2329 1878/1833/1833
f 2367/2330/2330 973/1079/1079 976/1085/1085
f 977/1088/1088 2367/2330/2330 976/1085/1085
f 996/1087/1087 2368/2331/2331 977/1088/1088
f 997/1095/1095 2369/2332/2332 996/1087/1087
f 2391/2333/2333 2370/2334/2334 2390/2335/2335
f 2371/2336/2336 2390/2335/2335 2370/2334/2334
f 998/2337/2337 2370/2334/2334 997/1095/1095
f 2372/2338/2338 998/2337/2337 999/1112/1112
f 2372/2338/2338 2389/2339/2339 2371/2336/2336
f 2388/2340/2340 2406/2341/2341 2389/2339/2339
f 2387/2342/2342 2405/2343/2343 2388/2340/2340
f 2373/2344/2344 2388/2340/2340 2372/2338/2338
f 2373/2344/2344 999/1112/1112 1000/1111/1111
f 2374/2345/2345 1000/1111/1111 1003/1110/1110
f 2374/2345/2345 2387/2342/2342 2373/2344/2344
f 2387/2342/2342 2403/2346/2346 2404/2347/2347
f 2377/2348/2348 2402/2349/2349 2403/2346/2346
f 2375/2350/2350 2377/2348/2348 2374/2345/2345
f 1003/1110/1110 2375/2350/2350 2374/2345/2345
f 2376/2351/2351 1002/1108/1108 1001/1106/1106
f 2376/2351/2351 2385/2352/2352 2386/2353/2353
f 2386/2353/2353 2375/2350/2350 2376/2351/2351
f 2375/2350/2350 2379/2354/2354 2378/2355/2355
f 2379/2354/2354 2402/2349/2349 2378/2355/2355
f 2401/2356/2356 2379/2354/2354 2380/2357/2357
f 2380/2357/2357 2399/2358/2358 2401/2356/2356
f 2385/2352/2352 2380/2357/2357 2386/2353/2353
f 2382/2359/2359 2385/2352/2352 1001/1106/1106
f 1004/2360/2360 2382/2359/2359 1001/1106/1106
f 2394/2361/2361 1004/2360/2360 1005/1105/1105
f 2382/2359/2359 2383/2362/2362 2384/2363/2363
f 2384/2363/2363 2396/2364/2364 2399/2358/2358
f 2408/2365/2365 2396/2364/2364 2407/2366/2366
f 2397/2367/2367 2383/2362/2362 2395/2368/2368
f 2383/2362/2362 2394/2361/2361 2395/2368/2368
f 1006/2369/2369 2394/2361/2361 1005/1105/1105
f 2398/2370/2370 2395/2368/2368 1006/2369/2369
f 1007/1102/1102 2398/2370/2370 1006/2369/2369
f 1008/1103/1103 2393/2371/2371 1007/1102/1102
f 1008/1103/1103 1009/1067/1067 2392/2372/2372
f 2413/2373/2373 2392/2372/2372 2414/2374/2374
f 2393/2371/2371 2411/2375/2375 2398/2370/2370
f 2411/2375/2375 2397/2367/2367 2398/2370/2370
f 2412/2376/2376 2397/2367/2367 2410/2377/2377
f 2323/2305/2305 2421/2378/2378 2315/2296/2296
f 2320/2298/2298 2421/2378/2378 2422/2379/2379
f 2429/2380/2380 2421/2378/2378 2420/2381/2381
f 2424/2382/2382 2429/2380/2380 2430/2383/2383
f 2422/2379/2379 2423/2384/2384 2320/2298/2298
f 2426/2385/2385 2423/2384/2384 2424/2382/2382
f 2426/2385/2385 2427/2386/2386 2425/2387/2387
f 2424/2382/2382 2431/2388/2388 2426/2385/2385
f 2430/2383/2383 2420/2381/2381 2419/2389/2389
f 2323/2305/2305 2419/2389/2389 2420/2381/2381
f 2432/2390/2390 2430/2383/2383 2419/2389/2389
f 2433/2391/2391 2419/2389/2389 2418/2392/2392
f 2324/2313/2313 2418/2392/2392 2419/2389/2389
f 2417/2393/2393 2418/2392/2392 2346/2314/2314
f 2434/2394/2394 2433/2391/2391 2417/2393/2393
f 2346/2314/2314 2415/2395/2395 2417/2393/2393
f 2416/2396/2396 2338/2317/2317 2335/2328/2328
f 1537/1488/1488 1536/1485/1485 1299/1307/1307
f 1297/2397/2397 1298/1309/1309 1536/1485/1485
f 618/2398/2398 223/374/374 222/372/372
f 617/2399/2399 2436/2400/2400 221/2401/2401
f 2436/2400/2400 220/373/373 219/2402/2402
f 2436/2400/2400 218/408/408 221/2401/2401
f 219/2402/2402 2435/2403/2403 2436/2400/2400
f 153/157/157 216/375/375 215/204/204
f 154/406/406 2435/2403/2403 153/157/157
f 2362/2238/2238 2207/2404/2404 2363/2236/2236
f 2297/2405/2405 2437/2406/2406 2438/2407/2407
f 2484/2408/2408 2141/2079/2079 2142/2116/2116
f 2484/2408/2408 2154/2103/2103 2151/2104/2104
f 2198/2114/2114 2502/2409/2409 2503/2410/2410
f 2143/2411/2411 2484/2408/2408 2142/2116/2116
f 2277/2412/2412 2502/2409/2409 2143/2411/2411
f 2204/2240/2240 2503/2410/2410 2504/2413/2413
f 2504/2413/2413 2277/2412/2412 2483/2414/2414
f 2504/2413/2413 2485/2415/2415 2204/2240/2240
f 2207/2404/2404 2485/2415/2415 2486/2416/2416
f 2486/2416/2416 2363/2236/2236 2207/2404/2404
f 2487/2417/2417 2505/2418/2418 2506/2419/2419
f 2364/2237/2237 2488/2420/2420 2360/2235/2235
f 2488/2420/2420 2358/2233/2233 2360/2235/2235
f 2487/2417/2417 2365/2421/2421 2488/2420/2420
f 2366/2234/2234 2490/2422/2422 2491/2423/2423
f 2489/2424/2424 2490/2422/2422 2365/2421/2421
f 2439/2425/2425 2314/2271/2271 2441/2426/2426
f 2294/2266/2266 2307/2269/2269 2437/2406/2406
f 2314/2271/2271 2437/2406/2406 2307/2269/2269
f 2313/2270/2270 2441/2426/2426 2314/2271/2271
f 2312/2273/2273 2442/2427/2427 2313/2270/2270
f 2444/2428/2428 2312/2273/2273 2311/2280/2280
f 2445/2429/2429 2311/2280/2280 2310/2294/2294
f 2317/2295/2295 2445/2429/2429 2310/2294/2294
f 2317/2295/2295 2318/2299/2299 2319/2430/2430
f 2320/2298/2298 2461/2431/2431 2319/2430/2430
f 2319/2430/2430 2447/2432/2432 2445/2429/2429
f 2445/2429/2429 2446/2433/2433 2444/2428/2428
f 2443/2434/2434 2446/2433/2433 2448/2435/2435
f 2459/2436/2436 2448/2435/2435 2446/2433/2433
f 2447/2432/2432 2459/2436/2436 2446/2433/2433
f 2460/2437/2437 2461/2431/2431 2462/2438/2438
f 2462/2438/2438 2423/2384/2384 2425/2387/2387
f 2441/2426/2426 2450/2439/2439 2452/2440/2440
f 2440/2441/2441 2441/2426/2426 2452/2440/2440
f 2449/2442/2442 2450/2439/2439 2442/2427/2427
f 2443/2434/2434 2449/2442/2442 2442/2427/2427
f 2448/2435/2435 2456/2443/2443 2449/2442/2442
f 2458/2444/2444 2459/2436/2436 2460/2437/2437
f 2460/2437/2437 2466/2445/2445 2458/2444/2444
f 2458/2444/2444 2456/2443/2443 2455/2446/2446
f 2451/2447/2447 2456/2443/2443 2457/2448/2448
f 2431/2388/2388 2434/2394/2394 2480/2449/2449
f 2428/2450/2450 2431/2388/2388 2480/2449/2449
f 2473/2451/2451 2427/2386/2386 2428/2450/2450
f 2471/2452/2452 2425/2387/2387 2427/2386/2386
f 2462/2438/2438 2467/2453/2453 2460/2437/2437
f 2467/2453/2453 2465/2454/2454 2466/2445/2445
f 2466/2445/2445 2457/2448/2448 2458/2444/2444
f 2468/2455/2455 2471/2452/2452 2473/2451/2451
f 2464/2456/2456 2468/2455/2455 2469/2457/2457
f 2457/2448/2448 2464/2456/2456 2451/2447/2447
f 2452/2440/2440 2453/2458/2458 2440/2441/2441
f 2454/2459/2459 2450/2439/2439 2451/2447/2447
f 2451/2447/2447 2463/2460/2460 2454/2459/2459
f 2463/2460/2460 2469/2457/2457 2470/2461/2461
f 2468/2455/2455 2472/2462/2462 2469/2457/2457
f 2473/2451/2451 2476/2463/2463 2472/2462/2462
f 2474/2464/2464 2476/2463/2463 2478/2465/2465
f 2469/2457/2457 2474/2464/2464 2470/2461/2461
f 2463/2460/2460 2474/2464/2464 2475/2466/2466
f 2453/2458/2458 2463/2460/2460 2475/2466/2466
f 2493/2467/2467 2030/1921/1921 2037/1919/1919
f 2493/2467/2467 2042/1933/1933 2039/1930/1930
f 2045/1948/1948 2493/2467/2467 2494/2468/2468
f 2494/2468/2468 2037/1919/1919 2495/2469/2469
f 2045/1948/1948 2495/2469/2469 2051/1946/1946
f 2513/2470/2470 2133/2120/2120 1289/1328/1328
f 1289/1328/1328 2512/2471/2471 2513/2470/2470
f 1292/1322/1322 2512/2471/2471 1291/2472/2472
f 1293/1317/1317 1295/1314/1314 2511/2473/2473
f 1296/1310/1310 2511/2473/2473 1295/1314/1314
f 620/531/531 2510/2474/2474 1296/1310/1310
f 234/365/365 620/531/531 235/362/362
f 230/367/367 2509/2475/2475 234/365/365
f 618/2398/2398 2508/2476/2476 2509/2475/2475
f 618/2398/2398 617/2399/2399 2507/2477/2477
f 221/2401/2401 2507/2477/2477 617/2399/2399
f 1363/2478/2478 221/2401/2401 395/407/407
f 394/2479/2479 395/407/407 393/405/405
f 1363/2478/2478 1601/2480/2480 1119/2481/2481
f 392/404/404 1601/2480/2480 394/2479/2479
f 1602/2482/2482 119/118/118 117/117/117
f 117/117/117 1603/2483/2483 1602/2482/2482
f 120/402/402 1603/2483/2483 118/28/28
f 1609/2484/2484 120/402/402 450/417/417
f 509/416/416 1609/2484/2484 450/417/417
f 509/416/416 517/414/414 518/457/457
f 1611/2485/2485 518/457/457 1618/2486/2486
f 520/2487/2487 1618/2486/2486 518/457/457
f 1951/2488/2488 520/2487/2487 523/382/382
f 536/381/381 1951/2488/2488 523/382/382
f 644/612/612 2514/2489/2489 536/381/381
f 2515/2490/2490 643/615/615 645/665/665
f 780/666/666 2515/2490/2490 645/665/665
f 784/2491/2491 2516/2492/2492 780/666/666
f 785/677/677 2517/2493/2493 784/2491/2491
f 2518/2494/2494 843/676/676 1112/912/912
f 2519/2495/2495 1112/912/912 1113/911/911
f 1114/2496/2496 2519/2495/2495 1113/911/911
f 1115/913/913 2520/2497/2497 1114/2496/2496
f 1115/913/913 1117/920/920 2521/2498/2498
f 2511/2473/2473 2509/2475/2475 2508/2476/2476
f 2256/2214/2214 2547/2499/2499 2252/2215/2215
f 2252/2215/2215 2548/2500/2500 2251/2213/2213
f 2255/2206/2206 2548/2500/2500 2549/2501/2501
f 2247/2207/2207 2549/2501/2501 2246/2208/2208
f 2479/2502/2502 2243/2202/2202 2246/2208/2208
f 2550/2503/2503 2479/2502/2502 2246/2208/2208
f 2479/2502/2502 2525/2504/2504 2241/2199/2199
f 1996/1969/1969 2525/2504/2504 1997/1968/1968
f 2525/2504/2504 2540/2505/2505 1997/1968/1968
f 1995/1966/1966 2526/2506/2506 1991/1962/1962
f 2078/2180/2180 2526/2506/2506 2527/2507/2507
f 2540/2505/2505 2526/2506/2506 1997/1968/1968
f 2541/2508/2508 2540/2505/2505 2524/2509/2509
f 2541/2508/2508 2550/2503/2503 2551/2510/2510
f 2541/2508/2508 2552/2511/2511 2542/2512/2512
f 2528/2513/2513 2541/2508/2508 2542/2512/2512
f 2078/2180/2180 2528/2513/2513 2079/2181/2181
f 2080/2179/2179 2528/2513/2513 2529/2514/2514
f 2528/2513/2513 2543/2515/2515 2529/2514/2514
f 2543/2515/2515 2552/2511/2511 2554/2516/2516
f 2544/2517/2517 2554/2516/2516 2553/2518/2518
f 2539/2519/2519 2543/2515/2515 2544/2517/2517
f 2530/2520/2520 2529/2514/2514 2539/2519/2519
f 2080/2179/2179 2531/2521/2521 2076/2178/2178
f 2531/2521/2521 2074/2176/2176 2076/2178/2178
f 2074/2176/2176 2085/2173/2173 1731/2174/2174
f 2085/2173/2173 2096/2167/2167 2084/2168/2168
f 2095/2165/2165 2532/2522/2522 2094/2164/2164
f 2532/2522/2522 2091/2162/2162 2094/2164/2164
f 2087/2157/2157 2091/2162/2162 1879/1834/1834
f 2532/2522/2522 2335/2328/2328 1879/1834/1834
f 2415/2395/2395 2534/2523/2523 2535/2524/2524
f 2416/2396/2396 2533/2525/2525 2534/2523/2523
f 2417/2393/2393 2535/2524/2524 2536/2526/2526
f 2536/2526/2526 2434/2394/2394 2417/2393/2393
f 2477/2527/2527 2478/2465/2465 2476/2463/2463
f 2475/2466/2466 2478/2465/2465 2522/2528/2528
f 2357/2231/2231 2564/2529/2529 2565/2530/2530
f 2354/2115/2115 2565/2530/2530 2566/2531/2531
f 2566/2531/2531 2355/2241/2241 2354/2115/2115
f 2356/2243/2243 2571/2532/2532 2572/2533/2533
f 2565/2530/2530 2571/2532/2532 2566/2531/2531
f 2565/2530/2530 2568/2534/2534 2570/2535/2535
f 2491/2423/2423 2568/2534/2534 2564/2529/2529
f 2359/2232/2232 2491/2423/2423 2564/2529/2529
f 2490/2422/2422 2569/2536/2536 2491/2423/2423
f 2506/2419/2419 2489/2424/2424 2487/2417/2417
f 2486/2416/2416 2505/2418/2418 2364/2237/2237
f 2581/2537/2537 2486/2416/2416 2485/2415/2415
f 2485/2415/2415 2580/2538/2538 2581/2537/2537
f 2483/2414/2414 2579/2539/2539 2580/2538/2538
f 2138/2540/2540 2143/2411/2411 2137/2121/2121
f 2579/2539/2539 2138/2540/2540 2139/2122/2122
f 2505/2418/2418 2582/2541/2541 2506/2419/2419
f 2583/2542/2542 2585/2543/2543 2492/2544/2544
f 2506/2419/2419 2583/2542/2542 2492/2544/2544
f 2585/2543/2543 2587/2545/2545 2492/2544/2544
f 2587/2545/2545 2569/2536/2536 2492/2544/2544
f 2586/2546/2546 2570/2535/2535 2568/2534/2534
f 2571/2532/2532 2589/2547/2547 2572/2533/2533
f 2567/2548/2548 2572/2533/2533 2573/2549/2549
f 2352/2242/2242 2567/2548/2548 2353/2245/2245
f 2353/2245/2245 2573/2549/2549 2351/2250/2250
f 2351/2250/2250 2574/2550/2550 1582/1479/1479
f 1582/1479/1479 2575/2551/2551 1583/1481/1481
f 1583/1481/1481 2576/2552/2552 1586/1483/1483
f 1586/1483/1483 2611/2553/2553 1587/1484/1484
f 2598/2554/2554 2611/2553/2553 2576/2552/2552
f 2576/2552/2552 2578/2555/2555 2598/2554/2554
f 2574/2550/2550 2578/2555/2555 2575/2551/2551
f 2577/2556/2556 2592/2557/2557 2593/2558/2558
f 2592/2557/2557 2573/2549/2549 2572/2533/2533
f 2589/2547/2547 2592/2557/2557 2572/2533/2533
f 2589/2547/2547 2590/2559/2559 2591/2560/2560
f 2586/2546/2546 2587/2545/2545 2590/2559/2559
f 2588/2561/2561 2590/2559/2559 2587/2545/2545
f 2590/2559/2559 2594/2562/2562 2591/2560/2560
f 2591/2560/2560 2593/2558/2558 2592/2557/2557
f 2577/2556/2556 2597/2563/2563 2578/2555/2555
f 2597/2563/2563 2598/2554/2554 2578/2555/2555
f 2599/2564/2564 2593/2558/2558 2594/2562/2562
f 2600/2565/2565 2594/2562/2562 2595/2566/2566
f 2600/2565/2565 2603/2567/2567 2607/2568/2568
f 2595/2566/2566 2596/2569/2569 2603/2567/2567
f 2596/2569/2569 2585/2543/2543 2584/2570/2570
f 2584/2570/2570 2601/2571/2571 2596/2569/2569
f 2583/2542/2542 2602/2572/2572 2584/2570/2570
f 2602/2572/2572 2605/2573/2573 2601/2571/2571
f 2603/2567/2567 2601/2571/2571 2605/2573/2573
f 2604/2574/2574 2607/2568/2568 2603/2567/2567
f 2600/2565/2565 2609/2575/2575 2599/2564/2564
f 2598/2554/2554 2609/2575/2575 2610/2576/2576
f 2608/2577/2577 2609/2575/2575 2607/2568/2568
f 2604/2574/2574 2605/2573/2573 2629/2578/2578
f 2606/2579/2579 2629/2578/2578 2605/2573/2573
f 2627/2580/2580 2630/2581/2581 2629/2578/2578
f 2629/2578/2578 2631/2582/2582 2604/2574/2574
f 2631/2582/2582 2608/2577/2577 2604/2574/2574
f 2631/2582/2582 2611/2553/2553 2610/2576/2576
f 2654/2583/2583 2628/2584/2584 2655/2585/2585
f 2647/2586/2586 2654/2583/2583 2655/2585/2585
f 2649/2587/2587 2646/2588/2588 2647/2586/2586
f 2648/2589/2589 2650/2590/2590 2651/2591/2591
f 2625/2592/2592 2651/2591/2591 2652/2593/2593
f 2625/2592/2592 2626/2594/2594 2648/2589/2589
f 2623/2595/2595 2624/2596/2596 2622/2597/2597
f 2559/2598/2598 2622/2597/2597 2621/2599/2599
f 2621/2599/2599 2558/2600/2600 2559/2598/2598
f 2559/2598/2598 2062/1915/1915 1584/1482/1482
f 1576/1916/1916 2558/2600/2600 2061/1914/1914
f 2061/1914/1914 2557/2601/2601 2060/1913/1913
f 2060/1913/1913 2556/2602/2602 2059/1912/1912
f 2556/2602/2602 2036/1911/1911 2059/1912/1912
f 2555/2603/2603 2035/1918/1918 2036/1911/1911
f 2037/1919/1919 2562/2604/2604 2495/2469/2469
f 2612/2605/2605 2555/2603/2603 2561/2606/2606
f 2556/2602/2602 2561/2606/2606 2555/2603/2603
f 2560/2607/2607 2557/2601/2601 2558/2600/2600
f 2560/2607/2607 2614/2608/2608 2561/2606/2606
f 2617/2609/2609 2621/2599/2599 2622/2597/2597
f 2616/2610/2610 2622/2597/2597 2624/2596/2596
f 2616/2610/2610 2625/2592/2592 2620/2611/2611
f 2620/2611/2611 2618/2612/2612 2616/2610/2610
f 2051/1946/1946 2618/2612/2612 2056/1947/1947
f 2615/2613/2613 2616/2610/2610 2051/1946/1946
f 2617/2609/2609 2613/2614/2614 2614/2608/2608
f 2561/2606/2606 2613/2614/2614 2612/2605/2605
f 2612/2605/2605 2615/2613/2613 2051/1946/1946
f 2495/2469/2469 2612/2605/2605 2051/1946/1946
f 2056/1947/1947 2619/2615/2615 2496/2616/2616
f 2054/1945/1945 2496/2616/2616 2055/1943/1943
f 2057/1941/1941 2496/2616/2616 2497/2617/2617
f 2499/2618/2618 2497/2617/2617 2496/2616/2616
f 2499/2618/2618 2619/2615/2615 2620/2611/2611
f 2498/2619/2619 2620/2611/2611 2625/2592/2592
f 2498/2619/2619 2652/2593/2593 2653/2620/2620
f 2057/1941/1941 2500/2621/2621 2058/1942/1942
f 2058/1942/1942 2501/2622/2622 1011/1066/1066
f 1010/1065/1065 2501/2622/2622 2632/2623/2623
f 2632/2623/2623 1009/1067/1067 1010/1065/1065
f 2411/2375/2375 2414/2374/2374 2410/2377/2377
f 2407/2366/2366 2412/2376/2376 2633/2624/2624
f 2635/2625/2625 2407/2366/2366 2633/2624/2624
f 2637/2626/2626 2634/2627/2627 2635/2625/2625
f 2408/2365/2365 2401/2356/2356 2399/2358/2358
f 2638/2628/2628 2400/2629/2629 2409/2630/2630
f 2403/2346/2346 2638/2628/2628 2639/2631/2631
f 2404/2347/2347 2639/2631/2631 2640/2632/2632
f 2405/2343/2343 2640/2632/2632 2641/2633/2633
f 2390/2335/2335 2406/2341/2341 2642/2634/2634
f 2533/2525/2525 2539/2519/2519 2546/2635/2635
f 2095/2165/2165 2530/2520/2520 2533/2525/2525
f 2546/2635/2635 2534/2523/2523 2533/2525/2525
f 2480/2449/2449 2537/2636/2636 2545/2637/2637
f 2523/2638/2638 2480/2449/2449 2545/2637/2637
f 2477/2527/2527 2428/2450/2450 2523/2638/2638
f 2522/2528/2528 2523/2638/2638 2538/2639/2639
f 2538/2639/2639 2545/2637/2637 2482/2640/2640
f 2545/2637/2637 2481/2641/2641 2482/2640/2640
f 2537/2636/2636 2785/2642/2642 2481/2641/2641
f 2645/2643/2643 2643/2644/2644 2553/2518/2518
f 2658/2645/2645 2548/2500/2500 2547/2499/2499
f 2658/2645/2645 2246/2208/2208 2549/2501/2501
f 2550/2503/2503 2659/2646/2646 2551/2510/2510
f 2551/2510/2510 2657/2647/2647 2552/2511/2511
f 2552/2511/2511 2656/2648/2648 2554/2516/2516
f 2554/2516/2516 2645/2643/2643 2553/2518/2518
f 2668/2649/2649 2652/2593/2593 2651/2591/2591
f 2498/2619/2619 2667/2650/2650 2497/2617/2617
f 2497/2617/2617 2665/2651/2651 2500/2621/2621
f 2500/2621/2621 2664/2652/2652 2501/2622/2622
f 2664/2652/2652 2632/2623/2623 2501/2622/2622
f 2663/2653/2653 2392/2372/2372 2632/2623/2623
f 2414/2374/2374 2660/2654/2654 2661/2655/2655
f 2414/2374/2374 2662/2656/2656 2410/2377/2377
f 2410/2377/2377 2669/2657/2657 2412/2376/2376
f 2637/2626/2626 2669/2657/2657 2670/2658/2658
f 2412/2376/2376 2635/2625/2625 2633/2624/2624
f 2408/2365/2365 2634/2627/2627 2636/2659/2659
f 2409/2630/2630 2408/2365/2365 2636/2659/2659
f 2409/2630/2630 2639/2631/2631 2638/2628/2628
f 2636/2659/2659 2677/2660/2660 2639/2631/2631
f 2672/2661/2661 2677/2660/2660 2679/2662/2662
f 2672/2661/2661 2673/2663/2663 2639/2631/2631
f 2640/2632/2632 2673/2663/2663 2675/2664/2664
f 2674/2665/2665 2675/2664/2664 2673/2663/2663
f 2641/2633/2633 2675/2664/2664 2676/2666/2666
f 2406/2341/2341 2641/2633/2633 2683/2667/2667
f 2642/2634/2634 2683/2667/2667 2684/2668/2668
f 2681/2669/2669 2672/2661/2661 2680/2670/2670
f 2676/2666/2666 2681/2669/2669 2682/2671/2671
f 2637/2626/2626 2671/2672/2672 2636/2659/2659
f 2671/2672/2672 2678/2673/2673 2636/2659/2659
f 2693/2674/2674 2691/2675/2675 2671/2672/2672
f 2670/2658/2658 2693/2674/2674 2671/2672/2672
f 2670/2658/2658 2686/2676/2676 2690/2677/2677
f 2686/2676/2676 2662/2656/2656 2661/2655/2655
f 2661/2655/2655 2685/2678/2678 2686/2676/2676
f 2694/2679/2679 2686/2676/2676 2685/2678/2678
f 2690/2677/2677 2711/2680/2680 2693/2674/2674
f 2693/2674/2674 2713/2681/2681 2692/2682/2682
f 2714/2683/2683 2711/2680/2680 2712/2684/2684
f 2695/2685/2685 2711/2680/2680 2694/2679/2679
f 2695/2685/2685 2685/2678/2678 2687/2686/2686
f 2687/2686/2686 2660/2654/2654 2663/2653/2653
f 2664/2652/2652 2687/2686/2686 2663/2653/2653
f 2688/2687/2687 2695/2685/2685 2687/2686/2686
f 2689/2688/2688 2712/2684/2684 2695/2685/2685
f 2714/2683/2683 2696/2689/2689 2697/2690/2690
f 2697/2690/2690 2668/2649/2649 2651/2591/2591
f 2696/2689/2689 2666/2691/2691 2668/2649/2649
f 2666/2691/2691 2688/2687/2687 2664/2652/2652
f 2665/2651/2651 2666/2691/2691 2664/2652/2652
f 2668/2649/2649 2667/2650/2650 2653/2620/2620
f 1617/1539/1539 1620/1533/1533 2709/2692/2692
f 1617/1539/1539 2710/2693/2693 1607/1538/1538
f 2710/2693/2693 1606/1540/1540 1607/1538/1538
f 2762/2694/2694 2230/2185/2185 2763/2695/2695
f 1976/1991/1991 2230/2185/2185 1977/1992/1992
f 2763/2695/2695 2764/2696/2696 2765/2697/2697
f 1975/1997/1997 2764/2696/2696 1976/1991/1991
f 2765/2697/2697 1978/2000/2000 2760/2698/2698
f 1981/2001/2001 2760/2698/2698 1978/2000/2000
f 2761/2699/2699 2755/2700/2700 2759/2701/2701
f 1943/2003/2003 2755/2700/2700 1981/2001/2001
f 2751/2702/2702 1942/2005/2005 1941/2006/2006
f 1941/2006/2006 2750/2703/2703 2751/2702/2702
f 1940/2007/2007 2749/2704/2704 2750/2703/2703
f 1938/2009/2009 2749/2704/2704 1939/2008/2008
f 2750/2703/2703 1944/2012/2012 1950/2014/2014
f 2750/2703/2703 2754/2705/2705 2751/2702/2702
f 2756/2706/2706 2751/2702/2702 2754/2705/2705
f 2756/2706/2706 2759/2701/2701 2755/2700/2700
f 2758/2707/2707 2761/2699/2699 2759/2701/2701
f 2757/2708/2708 2758/2707/2707 2756/2706/2706
f 2753/2709/2709 2756/2706/2706 2754/2705/2705
f 2752/2710/2710 2754/2705/2705 1950/2014/2014
f 2752/2710/2710 2766/2711/2711 2768/2712/2712
f 1949/2013/2013 2766/2711/2711 1950/2014/2014
f 2769/2713/2713 1949/2013/2013 1945/2010/2010
f 1945/2010/2010 1948/2017/2017 2769/2713/2713
f 2769/2713/2713 2770/2714/2714 2767/2715/2715
f 1947/2016/2016 2770/2714/2714 1948/2017/2017
f 2771/2716/2716 1979/2020/2020 1980/2717/2717
f 2772/2718/2718 2770/2714/2714 2771/2716/2716
f 2708/2719/2719 1627/1528/1528 1630/1526/1526
f 1629/1527/1527 2707/2720/2720 1630/1526/1526
f 1632/1520/1520 2706/2721/2721 2707/2720/2720
f 1633/2722/2722 1931/1877/1877 2706/2721/2721
f 2705/2723/2723 2706/2721/2721 1931/1877/1877
f 1929/1875/1875 1931/1877/1877 1930/1024/1024
f 2732/2724/2724 1929/1875/1875 2698/2725/2725
f 2698/2725/2725 1928/1873/1873 1927/1872/1872
f 2699/2726/2726 1927/1872/1872 1926/2727/2727
f 2700/2728/2728 1926/2727/2727 1932/1871/1871
f 2701/2729/2729 1932/1871/1871 1933/1869/1869
f 1934/1870/1870 2701/2729/2729 1933/1869/1869
f 1038/965/965 2702/2730/2730 1059/2731/2731
f 2702/2730/2730 1061/969/969 1059/2731/2731
f 2703/2732/2732 1934/1870/1870 2702/2730/2730
f 2704/2733/2733 2740/2734/2734 2701/2729/2729
f 2718/2735/2735 2740/2734/2734 2742/2736/2736
f 2700/2728/2728 2718/2735/2735 2719/2737/2737
f 2719/2737/2737 2699/2726/2726 2700/2728/2728
f 2698/2725/2725 2720/2738/2738 2732/2724/2724
f 2720/2738/2738 2718/2735/2735 2721/2739/2739
f 2718/2735/2735 2744/2740/2740 2721/2739/2739
f 2744/2740/2740 2722/2741/2741 2721/2739/2739
f 2720/2738/2738 2722/2741/2741 2723/2742/2742
f 2723/2742/2742 2732/2724/2724 2720/2738/2738
f 2731/2743/2743 2732/2724/2724 2724/2744/2744
f 2731/2743/2743 2735/2745/2745 2705/2723/2723
f 2736/2746/2746 2737/2747/2747 2738/2748/2748
f 2730/2749/2749 2735/2745/2745 2736/2746/2746
f 2738/2748/2748 2734/2750/2750 2739/2751/2751
f 2733/2752/2752 2737/2747/2747 2731/2743/2743
f 2733/2752/2752 2724/2744/2744 2726/2753/2753
f 2734/2750/2750 2726/2753/2753 2728/2754/2754
f 2729/2755/2755 2726/2753/2753 2727/2756/2756
f 2729/2755/2755 2746/2757/2757 2748/2758/2758
f 2725/2759/2759 2726/2753/2753 2724/2744/2744
f 2725/2759/2759 2723/2742/2742 2722/2741/2741
f 2743/2760/2760 2725/2759/2759 2722/2741/2741
f 2743/2760/2760 2746/2757/2757 2727/2756/2756
f 2744/2740/2740 2745/2761/2761 2743/2760/2760
f 2745/2761/2761 2740/2734/2734 2741/2762/2762
f 2747/2763/2763 2745/2761/2761 2741/2762/2762
f 2650/2590/2590 2697/2690/2690 2651/2591/2591
f 2779/2764/2764 2650/2590/2590 2649/2587/2587
f 2697/2690/2690 2777/2765/2765 2714/2683/2683
f 2779/2764/2764 2777/2765/2765 2776/2766/2766
f 2775/2767/2767 2777/2765/2765 2778/2768/2768
f 2714/2683/2683 2774/2769/2769 2713/2681/2681
f 2678/2673/2673 2679/2662/2662 2677/2660/2660
f 2691/2675/2675 2773/2770/2770 2678/2673/2673
f 2692/2682/2682 2680/2670/2670 2773/2770/2770
f 2679/2662/2662 2680/2670/2670 2672/2661/2661
f 2680/2670/2670 2774/2769/2769 2681/2669/2669
f 2681/2669/2669 2775/2767/2767 2682/2671/2671
f 2536/2526/2526 2784/2771/2771 2537/2636/2636
f 2535/2524/2524 2783/2772/2772 2536/2526/2526
f 2794/2773/2773 2783/2772/2772 2782/2774/2774
f 2783/2772/2772 2790/2775/2775 2784/2771/2771
f 2791/2776/2776 2792/2777/2777 2793/2778/2778
f 2792/2777/2777 2795/2779/2779 2793/2778/2778
f 2793/2778/2778 2796/2780/2780 2797/2781/2781
f 2793/2778/2778 2798/2782/2782 2791/2776/2776
f 2791/2776/2776 2799/2783/2783 2790/2775/2775
f 2790/2775/2775 2800/2784/2784 2802/2785/2785
f 2802/2785/2785 2784/2771/2771 2790/2775/2775
f 2802/2785/2785 2803/2786/2786 2801/2787/2787
f 2803/2786/2786 2809/2788/2788 2810/2789/2789
f 2809/2788/2788 2813/2790/2790 2810/2789/2789
f 2812/2791/2791 2809/2788/2788 2808/2792/2792
f 2800/2784/2784 2808/2792/2792 2809/2788/2788
f 2800/2784/2784 2798/2782/2782 2797/2781/2781
f 2808/2792/2792 2814/2793/2793 2815/2794/2794
f 2808/2792/2792 2816/2795/2795 2812/2791/2791
f 2816/2795/2795 2820/2796/2796 2821/2797/2797
f 2821/2797/2797 2827/2798/2798 2822/2799/2799
f 2819/2800/2800 2827/2798/2798 2820/2796/2796
f 2817/2801/2801 2820/2796/2796 2815/2794/2794
f 2815/2794/2794 2806/2802/2802 2817/2801/2801
f 2806/2802/2802 2819/2800/2800 2817/2801/2801
f 2819/2800/2800 2824/2803/2803 2825/2804/2804
f 2825/2804/2804 2822/2799/2799 2827/2798/2798
f 2806/2802/2802 2818/2805/2805 2807/2806/2806
f 2804/2807/2807 2806/2802/2802 2814/2793/2793
f 2796/2780/2780 2814/2793/2793 2797/2781/2781
f 2804/2807/2807 2795/2779/2779 2794/2773/2773
f 2805/2808/2808 2794/2773/2773 2782/2774/2774
f 2818/2805/2805 2782/2774/2774 2787/2809/2809
f 2481/2641/2641 2786/2810/2810 2780/2811/2811
f 2481/2641/2641 2781/2812/2812 2482/2640/2640
f 2644/2813/2813 2780/2811/2811 2643/2644/2644
f 2787/2809/2809 2535/2524/2524 2546/2635/2635
f 2788/2814/2814 2546/2635/2635 2539/2519/2519
f 2832/2815/2815 2787/2809/2809 2788/2814/2814
f 2818/2805/2805 2831/2816/2816 2807/2806/2806
f 2824/2803/2803 2831/2816/2816 2832/2815/2815
f 2823/2817/2817 2843/2818/2818 2847/2819/2819
f 2825/2804/2804 2826/2820/2820 2843/2818/2818
f 2826/2820/2820 2832/2815/2815 2830/2821/2821
f 2826/2820/2820 2842/2822/2822 2843/2818/2818
f 2830/2821/2821 2788/2814/2814 2829/2823/2823
f 2834/2824/2824 2539/2519/2519 2544/2517/2517
f 2544/2517/2517 2833/2825/2825 2834/2824/2824
f 2833/2825/2825 2837/2826/2826 2834/2824/2824
f 2834/2824/2824 2836/2827/2827 2789/2828/2828
f 2836/2827/2827 2839/2829/2829 2789/2828/2828
f 2856/2830/2830 2840/2831/2831 2836/2827/2827
f 2837/2826/2826 2856/2830/2830 2836/2827/2827
f 2855/2832/2832 2838/2833/2833 2857/2834/2834
f 2828/2835/2835 2789/2828/2828 2835/2836/2836
f 2828/2835/2835 2788/2814/2814 2834/2824/2824
f 2835/2836/2836 2829/2823/2823 2828/2835/2835
f 2835/2836/2836 2842/2822/2822 2830/2821/2821
f 2789/2828/2828 2841/2837/2837 2835/2836/2836
f 2844/2838/2838 2842/2822/2822 2841/2837/2837
f 2843/2818/2818 2848/2839/2839 2847/2819/2819
f 2849/2840/2840 2844/2838/2838 2845/2841/2841
f 2839/2829/2829 2844/2838/2838 2841/2837/2837
f 2840/2831/2831 2845/2841/2841 2839/2829/2829
f 2850/2842/2842 2845/2841/2841 2846/2843/2843
f 2846/2843/2843 2852/2844/2844 2850/2842/2842
f 2855/2832/2832 2846/2843/2843 2840/2831/2831
f 2851/2845/2845 2854/2846/2846 2852/2844/2844
f 1980/2717/2717 2886/2847/2847 2887/2848/2848
f 2771/2716/2716 2887/2848/2848 2888/2849/2849
f 2888/2849/2849 2772/2718/2718 2771/2716/2716
f 2859/2850/2850 3397/2851/2851 2860/2852/2852
f 2767/2715/2715 2858/2853/2853 2766/2711/2711
f 2766/2711/2711 3397/2851/2851 2768/2712/2712
f 2867/2854/2854 2760/2698/2698 2757/2708/2708
f 2765/2697/2697 2868/2855/2855 2763/2695/2695
f 2763/2695/2695 2871/2856/2856 2762/2694/2694
f 2717/2857/2857 1972/1977/1977 2228/2183/2183
f 1972/1977/1977 1699/2858/2858 1971/1976/1976
f 1734/2859/2859 2936/1642/1642 2939/2860/2860
f 2065/2861/2861 1970/1975/1975 1971/1976/1976
f 1662/1636/1636 1970/1975/1975 2064/2024/2024
f 3238/2862/2862 1364/2191/2191 1734/2859/2859
f 2260/2224/2224 2264/2230/2230 2262/2227/2227
f 2267/2217/2217 2265/2229/2229 2264/2230/2230
f 2231/2863/2863 2874/2864/2864 2875/2865/2865
f 2762/2694/2694 2874/2864/2864 2229/2184/2184
f 2873/2866/2866 2762/2694/2694 2871/2856/2856
f 2873/2866/2866 2877/2186/2186 2872/2867/2867
f 2872/2867/2867 2875/2865/2865 2874/2864/2864
f 2878/2027/2027 2873/2866/2866 2869/2868/2868
f 2873/2866/2866 2868/2855/2855 2869/2868/2868
f 2869/2868/2868 2867/2854/2854 2866/2869/2869
f 2753/2709/2709 2867/2854/2854 2757/2708/2708
f 2753/2709/2709 2865/2870/2870 2866/2869/2869
f 2865/2870/2870 2869/2868/2868 2866/2869/2869
f 2879/2871/2871 2869/2868/2868 2870/2872/2872
f 2879/2871/2871 2884/2026/2026 2878/2027/2027
f 2885/2025/2025 2882/2873/2873 2883/2874/2874
f 2881/2875/2875 2882/2873/2873 2880/2876/2876
f 2870/2872/2872 2882/2873/2873 2879/2871/2871
f 2863/2877/2877 2870/2872/2872 2865/2870/2870
f 2768/2712/2712 2865/2870/2870 2752/2710/2710
f 2768/2712/2712 2861/2878/2878 2863/2877/2877
f 2864/2879/2879 2861/2878/2878 2862/2880/2880
f 2864/2879/2879 2880/2876/2876 2863/2877/2877
f 2898/2881/2881 2881/2875/2875 2864/2879/2879
f 2892/2882/2882 2898/2881/2881 2864/2879/2879
f 2862/2880/2880 2892/2882/2882 2864/2879/2879
f 2860/2852/2852 2889/2883/2883 2862/2880/2880
f 2862/2880/2880 2859/2850/2850 2860/2852/2852
f 2890/2884/2884 2888/2849/2849 2887/2848/2848
f 2886/2847/2847 2890/2884/2884 2887/2848/2848
f 2894/2885/2885 2890/2884/2884 2891/2886/2886
f 2893/2887/2887 2889/2883/2883 2890/2884/2884
f 2893/2887/2887 2897/2888/2888 2892/2882/2882
f 2894/2885/2885 2895/2889/2889 2896/2890/2890
f 2896/2890/2890 2897/2888/2888 2894/2885/2885
f 2897/2888/2888 2915/2891/2891 2898/2881/2881
f 2883/2874/2874 2915/2891/2891 2916/2892/2892
f 2885/2025/2025 2916/2892/2892 2917/1644/1644
f 2916/2892/2892 2936/1642/1642 2917/1644/1644
f 2915/2891/2891 2930/2893/2893 2916/2892/2892
f 2931/2894/2894 2911/2895/2895 2912/2896/2896
f 3319/2897/2897 2900/2898/2898 2902/2899/2899
f 2708/2719/2719 2909/2900/2900 1626/1530/1530
f 2708/2719/2719 2899/2901/2901 2900/2898/2898
f 2903/2902/2902 2900/2898/2898 2899/2901/2901
f 2939/2860/2860 2930/2893/2893 2931/2894/2894
f 2933/2903/2903 2938/2904/2904 2932/2905/2905
f 2933/2903/2903 2913/2906/2906 2914/2907/2907
f 2935/2908/2908 2933/2903/2903 2914/2907/2907
f 2937/2909/2909 2914/2907/2907 2908/2910/2910
f 2908/2910/2910 2913/2906/2906 2903/2902/2902
f 2903/2902/2902 2907/2911/2911 2908/2910/2910
f 2905/2912/2912 2899/2901/2901 2901/2913/2913
f 2901/2913/2913 1630/1526/1526 2707/2720/2720
f 2706/2721/2721 2901/2913/2913 2707/2720/2720
f 2901/2913/2913 2904/2914/2914 2905/2912/2912
f 2904/2914/2914 2907/2911/2911 2905/2912/2912
f 2906/2915/2915 2908/2910/2910 2907/2911/2911
f 2906/2915/2915 2738/2748/2748 2739/2751/2751
f 2736/2746/2746 2904/2914/2914 2730/2749/2749
f 2801/2787/2787 2928/2916/2916 2929/2917/2917
f 2848/2839/2839 2947/2918/2918 2847/2819/2819
f 2947/2918/2918 2823/2817/2817 2847/2819/2819
f 2822/2799/2799 2946/2919/2919 2821/2797/2797
f 2946/2919/2919 2816/2795/2795 2821/2797/2797
f 2816/2795/2795 2944/2920/2920 2812/2791/2791
f 2812/2791/2791 2942/2921/2921 2811/2922/2922
f 2944/2920/2920 2951/2923/2923 2942/2921/2921
f 2951/2923/2923 2943/2924/2924 2942/2921/2921
f 2943/2924/2924 2953/2925/2925 2954/2926/2926
f 2811/2922/2922 2941/2927/2927 2813/2790/2790
f 2813/2790/2790 2940/2928/2928 2926/2929/2929
f 2941/2927/2927 2943/2924/2924 2940/2928/2928
f 2813/2790/2790 2927/2930/2930 2810/2789/2789
f 2810/2789/2789 2928/2916/2916 2803/2786/2786
f 2940/2928/2928 2954/2926/2926 2957/2931/2931
f 2957/2931/2931 2926/2929/2929 2940/2928/2928
f 2926/2929/2929 2955/2932/2932 2927/2930/2930
f 2956/2933/2933 2960/2934/2934 2955/2932/2932
f 2957/2931/2931 2959/2935/2935 2956/2933/2933
f 2954/2926/2926 2964/2936/2936 2957/2931/2931
f 2965/2937/2937 2966/2938/2938 2967/2939/2939
f 2957/2931/2931 2965/2937/2937 2958/2940/2940
f 2965/2937/2937 2968/2941/2941 2958/2940/2940
f 2967/2939/2939 2969/2942/2942 2970/2943/2943
f 2971/2944/2944 2973/2945/2945 2969/2942/2942
f 2958/2940/2940 2976/2946/2946 2963/2947/2947
f 2977/2948/2948 2968/2941/2941 2975/2949/2949
f 2963/2947/2947 2959/2935/2935 2958/2940/2940
f 2962/2950/2950 2960/2934/2934 2959/2935/2935
f 2978/2951/2951 2961/2952/2952 2962/2950/2950
f 2979/2953/2953 2962/2950/2950 2963/2947/2947
f 2980/2954/2954 2963/2947/2947 2976/2946/2946
f 2982/2955/2955 2976/2946/2946 2981/2956/2956
f 2980/2954/2954 2983/2957/2957 2979/2953/2953
f 3001/2958/2958 2983/2957/2957 2982/2955/2955
f 2978/2951/2951 2983/2957/2957 2984/2959/2959
f 2978/2951/2951 2985/2960/2960 2918/2961/2961
f 3000/2962/2962 2984/2959/2959 2983/2957/2957
f 3000/2962/2962 3002/2963/2963 2998/2964/2964
f 3005/2965/2965 3002/2963/2963 3001/2958/2958
f 2993/2966/2966 2998/2964/2964 2999/2967/2967
f 2993/2966/2966 3003/2968/2968 2997/2969/2969
f 2997/2969/2969 2992/2970/2970 2993/2966/2966
f 2984/2959/2959 2986/2971/2971 2985/2960/2960
f 2993/2966/2966 2989/2972/2972 2986/2971/2971
f 2992/2970/2970 2990/2973/2973 2989/2972/2972
f 2986/2971/2971 2990/2973/2973 2988/2974/2974
f 2992/2970/2970 2995/2975/2975 2991/2976/2976
f 2994/2977/2977 2991/2976/2976 2995/2975/2975
f 2988/2974/2974 2991/2976/2976 2919/2978/2978
f 2988/2974/2974 1587/1484/1484 2631/2582/2582
f 1587/1484/1484 2920/2979/2979 1584/1482/1482
f 2559/2598/2598 2920/2979/2979 2921/2980/2980
f 2559/2598/2598 2922/2981/2981 2623/2595/2595
f 2626/2594/2594 2922/2981/2981 2923/2982/2982
f 2648/2589/2589 2923/2982/2982 2924/2983/2983
f 2925/2984/2984 2648/2589/2589 2924/2983/2983
f 2999/2967/2967 3002/2963/2963 3004/2985/2985
f 3004/2985/2985 3003/2968/2968 2999/2967/2967
f 3006/2986/2986 3003/2968/2968 2987/2987/2987
f 3029/2988/2988 2996/2989/2989 2997/2969/2969
f 2996/2989/2989 3018/2990/2990 2995/2975/2975
f 2995/2975/2975 3017/2991/2991 2994/2977/2977
f 2920/2979/2979 2994/2977/2977 3013/2992/2992
f 2920/2979/2979 3014/2993/2993 2921/2980/2980
f 2922/2981/2981 3019/2994/2994 3021/2995/2995
f 3014/2993/2993 3019/2994/2994 2921/2980/2980
f 3016/2996/2996 3014/2993/2993 3013/2992/2992
f 3017/2991/2991 3013/2992/2992 2994/2977/2977
f 3022/2997/2997 3014/2993/2993 3015/2998/2998
f 3048/2999/2999 3020/3000/3000 3049/3001/3001
f 3050/3002/3002 3020/3000/3000 3022/2997/2997
f 3015/2998/2998 3025/3003/3003 3022/2997/2997
f 3015/2998/2998 3023/3004/3004 3024/3005/3005
f 3017/2991/2991 3023/3004/3004 3016/2996/2996
f 3023/3004/3004 3026/3006/3006 3024/3005/3005
f 3025/3003/3003 3026/3006/3006 3031/3007/3007
f 3025/3003/3003 3050/3002/3002 3022/2997/2997
f 3050/3002/3002 3053/3008/3008 3049/3001/3001
f 3032/3009/3009 3053/3008/3008 3031/3007/3007
f 3032/3009/3009 3051/3010/3010 3052/3011/3011
f 3033/3012/3012 3037/3013/3013 3051/3010/3010
f 3036/3014/3014 3043/3015/3015 3037/3013/3013
f 3032/3009/3009 3026/3006/3006 3028/3016/3016
f 3018/2990/2990 3028/3016/3016 3026/3006/3006
f 3028/3016/3016 3029/2988/2988 3030/3017/3017
f 3033/3012/3012 3028/3016/3016 3030/3017/3017
f 3033/3012/3012 3035/3018/3018 3036/3014/3014
f 3029/2988/2988 3035/3018/3018 3030/3017/3017
f 3006/2986/2986 3029/2988/2988 2997/2969/2969
f 3034/3019/3019 3038/3020/3020 3040/3021/3021
f 3040/3021/3021 3035/3018/3018 3034/3019/3019
f 3036/3014/3014 3041/3022/3022 3042/3023/3023
f 3039/3024/3024 3040/3021/3021 3038/3020/3020
f 3044/3025/3025 3039/3024/3024 3012/3026/3026
f 3039/3024/3024 3008/3027/3027 3012/3026/3026
f 3038/3020/3020 2987/2987/2987 3008/3027/3027
f 3007/3028/3028 2987/2987/2987 3004/2985/2985
f 3008/3027/3027 3011/3029/3029 3012/3026/3026
f 3007/3028/3028 3005/2965/2965 3009/3030/3030
f 2982/2955/2955 3005/2965/2965 3001/2958/2958
f 3009/3030/3030 3011/3029/3029 3007/3028/3028
f 2981/2956/2956 3009/3030/3030 2982/2955/2955
f 2977/2948/2948 2981/2956/2956 2976/2946/2946
f 3012/3026/3026 3010/3031/3031 2977/2948/2948
f 3044/3025/3025 2977/2948/2948 2975/2949/2949
f 3046/3032/3032 2969/2942/2942 2966/2938/2938
f 3046/3032/3032 2954/2926/2926 2953/2925/2925
f 2971/2944/2944 2953/2925/2925 3047/3033/3033
f 3043/3015/3015 3089/3034/3034 3088/3035/3035
f 3044/3025/3025 3042/3023/3023 3041/3022/3022
f 3043/3015/3015 3087/3036/3036 3037/3013/3013
f 3037/3013/3013 3057/3037/3037 3051/3010/3010
f 3073/3038/3038 3087/3036/3036 3088/3035/3035
f 3077/3039/3039 3088/3035/3035 3089/3034/3034
f 3091/3040/3040 3089/3034/3034 3090/3041/3041
f 3090/3041/3041 3085/3042/3042 3091/3040/3040
f 3091/3040/3040 3075/3043/3043 3077/3039/3039
f 3073/3038/3038 3075/3043/3043 3072/3044/3044
f 3073/3038/3038 3056/3045/3045 3057/3037/3037
f 3051/3010/3010 3056/3045/3045 3052/3011/3011
f 3052/3011/3011 3055/3046/3046 3053/3008/3008
f 3056/3045/3045 3070/3047/3047 3055/3046/3046
f 3074/3048/3048 3075/3043/3043 3076/3049/3049
f 3070/3047/3047 3074/3048/3048 3071/3050/3050
f 3069/3051/3051 3070/3047/3047 3071/3050/3050
f 3055/3046/3046 3068/3052/3052 3054/3053/3053
f 3055/3046/3046 3049/3001/3001 3053/3008/3008
f 3054/3053/3053 3059/3054/3054 3049/3001/3001
f 3054/3053/3053 3063/3055/3055 3060/3056/3056
f 3063/3055/3055 3069/3051/3051 3065/3057/3057
f 3065/3057/3057 3071/3050/3050 3067/3058/3058
f 3067/3058/3058 3074/3048/3048 3076/3049/3049
f 3076/3049/3049 3078/3059/3059 3067/3058/3058
f 3075/3043/3043 3079/3060/3060 3076/3049/3049
f 3079/3060/3060 3081/3061/3061 3078/3059/3059
f 3081/3061/3061 3062/3062/3062 3078/3059/3059
f 3066/3063/3063 3078/3059/3059 3062/3062/3062
f 3065/3057/3057 3066/3063/3063 3064/3064/3064
f 3063/3055/3055 3064/3064/3064 3061/3065/3065
f 3060/3056/3056 3061/3065/3065 2923/2982/2982
f 2923/2982/2982 3059/3054/3054 3060/3056/3056
f 3059/3054/3054 3048/2999/2999 3049/3001/3001
f 3021/2995/2995 3048/2999/2999 3058/3066/3066
f 2923/2982/2982 3021/2995/2995 3058/3066/3066
f 2924/2983/2983 3061/3065/3065 3062/3062/3062
f 3062/3062/3062 3064/3064/3064 3066/3063/3063
f 2924/2983/2983 3080/3067/3067 2925/2984/2984
f 2854/2846/2846 2948/3068/3068 2949/3069/3069
f 2970/2943/2943 2973/2945/2945 3086/3070/3070
f 2854/2846/2846 3097/3071/3071 2852/2844/2844
f 2851/2845/2845 2857/2834/2834 3104/3072/3072
f 2833/2825/2825 2857/2834/2834 2838/2833/2833
f 2852/2844/2844 3096/3073/3073 2850/2842/2842
f 2850/2842/2842 3095/3074/3074 2849/2840/2840
f 2849/2840/2840 3094/3075/3075 2947/2918/2918
f 2947/2918/2918 3093/3076/3076 2946/2919/2919
f 3093/3076/3076 2945/3077/3077 2946/2919/2919
f 2945/3077/3077 2952/3078/3078 2944/2920/2920
f 2952/3078/3078 3102/3079/3079 2951/2923/2923
f 3102/3079/3079 3101/3080/3080 3096/3073/3073
f 3095/3074/3074 3101/3080/3080 3094/3075/3075
f 3093/3076/3076 3101/3080/3080 3092/3081/3081
f 3097/3071/3071 3102/3079/3079 3096/3073/3073
f 3396/3082/3082 3100/3083/3083 3395/3084/3084
f 3047/3033/3033 3395/3084/3084 3100/3083/3083
f 2950/3085/3085 3047/3033/3033 2953/2925/2925
f 2971/2944/2944 3100/3083/3083 2972/3086/3086
f 2949/3069/3069 3098/3087/3087 2854/2846/2846
f 3099/3088/3088 2972/3086/3086 3100/3083/3083
f 2973/2945/2945 2949/3069/3069 2948/3068/3068
f 3110/3089/3089 3086/3070/3070 2973/2945/2945
f 3086/3070/3070 3108/3090/3090 3085/3042/3042
f 3085/3042/3042 3115/3091/3091 3106/3092/3092
f 3106/3092/3092 3114/3093/3093 3107/3094/3094
f 3107/3094/3094 3113/3095/3095 3105/3096/3096
f 3105/3096/3096 3112/3097/3097 2853/3098/3098
f 3112/3097/3097 2948/3068/3068 2853/3098/3098
f 2948/3068/3068 3110/3089/3089 2973/2945/2945
f 3111/3099/3099 3121/3100/3100 3122/3101/3101
f 3110/3089/3089 3122/3101/3101 3123/3102/3102
f 3110/3089/3089 3116/3103/3103 3109/3104/3104
f 3109/3104/3104 3117/3105/3105 3108/3090/3090
f 3115/3091/3091 3117/3105/3105 3118/3106/3106
f 3114/3093/3093 3118/3106/3106 3119/3107/3107
f 3113/3095/3095 3119/3107/3107 3120/3108/3108
f 3112/3097/3097 3120/3108/3108 3121/3100/3100
f 3121/3100/3100 3125/3109/3109 3126/3110/3110
f 3121/3100/3100 3127/3111/3111 3122/3101/3101
f 3122/3101/3101 3128/3112/3112 3123/3102/3102
f 3116/3103/3103 3128/3112/3112 3129/3113/3113
f 3117/3105/3105 3129/3113/3113 3130/3114/3114
f 3118/3106/3106 3130/3114/3114 3131/3115/3115
f 3118/3106/3106 3124/3116/3116 3119/3107/3107
f 3119/3107/3107 3125/3109/3109 3120/3108/3108
f 3131/3115/3115 3125/3109/3109 3124/3116/3116
f 3137/3117/3117 3131/3115/3115 3136/3118/3118
f 3134/3119/3119 3137/3117/3117 3136/3118/3118
f 3132/3120/3120 3134/3119/3119 3133/3121/3121
f 3128/3112/3112 3133/3121/3121 3129/3113/3113
f 3129/3113/3113 3134/3119/3119 3130/3114/3114
f 3131/3115/3115 3134/3119/3119 3136/3118/3118
f 3126/3110/3110 3135/3122/3122 3127/3111/3111
f 3135/3122/3122 3128/3112/3112 3127/3111/3111
f 2851/2845/2845 3140/3123/3123 2853/3098/3098
f 3146/3124/3124 3104/3072/3072 3150/3125/3125
f 3150/3125/3125 2857/2834/2834 3083/3126/3126
f 3083/3126/3126 3161/3127/3127 3150/3125/3125
f 3157/3128/3128 3161/3127/3127 3162/3129/3129
f 3155/3130/3130 3156/3131/3131 3153/3132/3132
f 3153/3132/3132 3158/3133/3133 3154/3134/3134
f 3154/3134/3134 3159/3135/3135 3160/3136/3136
f 3152/3137/3137 3159/3135/3135 3080/3067/3067
f 3081/3061/3061 3152/3137/3137 3080/3067/3067
f 3082/3138/3138 3151/3139/3139 3081/3061/3061
f 3075/3043/3043 3142/3140/3140 3082/3138/3138
f 3106/3092/3092 3142/3140/3140 3085/3042/3042
f 3107/3094/3094 3141/3141/3141 3106/3092/3092
f 3139/3142/3142 3107/3094/3094 3105/3096/3096
f 3140/3123/3123 3105/3096/3096 2853/3098/3098
f 3146/3124/3124 3139/3142/3142 3140/3123/3123
f 3144/3143/3143 3138/3144/3144 3139/3142/3142
f 3138/3144/3144 3145/3145/3145 3141/3141/3141
f 3141/3141/3141 3151/3139/3139 3142/3140/3140
f 3152/3137/3137 3145/3145/3145 3148/3146/3146
f 3143/3147/3147 3148/3146/3146 3145/3145/3145
f 3144/3143/3143 3147/3148/3148 3143/3147/3147
f 3146/3124/3124 3149/3149/3149 3144/3143/3143
f 3161/3127/3127 3149/3149/3149 3150/3125/3125
f 3155/3130/3130 3147/3148/3148 3149/3149/3149
f 3147/3148/3148 3154/3134/3134 3148/3146/3146
f 3148/3146/3146 3160/3136/3136 3152/3137/3137
f 2968/2941/2941 2970/2943/2943 2975/2949/2949
f 2974/3150/3150 2975/2949/2949 2970/2943/2943
f 2974/3150/3150 3086/3070/3070 3045/3151/3151
f 3163/3152/3152 2974/3150/3150 3045/3151/3151
f 3163/3152/3152 3165/3153/3153 3164/3154/3154
f 2975/2949/2949 3165/3153/3153 3044/3025/3025
f 3166/3155/3155 3090/3041/3041 3390/3156/3156
f 3391/3157/3157 3166/3155/3155 3390/3156/3156
f 3090/3041/3041 3045/3151/3151 3086/3070/3070
f 2784/2771/2771 2929/2917/2917 2785/2642/2642
f 2955/2932/2932 2928/2916/2916 2927/2930/2930
f 2929/2917/2917 3170/3158/3158 2785/2642/2642
f 2960/2934/2934 3170/3158/3158 2955/2932/2932
f 2960/2934/2934 3168/3159/3159 3171/3160/3160
f 2961/2952/2952 3167/3161/3161 3168/3159/3159
f 2985/2960/2960 3167/3161/3161 2918/2961/2961
f 2631/2582/2582 2986/2971/2971 2988/2974/2974
f 3168/3159/3159 2631/2582/2582 2630/2581/2581
f 3171/3160/3160 2630/2581/2581 2654/2583/2583
f 3171/3160/3160 3169/3162/3162 3170/3158/3158
f 2785/2642/2642 3169/3162/3162 2786/2810/2810
f 3172/3163/3163 2780/2811/2811 2786/2810/2810
f 2643/2644/2644 3084/3164/3164 2553/2518/2518
f 2553/2518/2518 3083/3126/3126 2833/2825/2825
f 2654/2583/2583 2925/2984/2984 3169/3162/3162
f 2925/2984/2984 3159/3135/3135 3173/3165/3165
f 3173/3165/3165 3158/3133/3133 3156/3131/3131
f 3157/3128/3128 3173/3165/3165 3156/3131/3131
f 3173/3165/3165 3083/3126/3126 3174/3166/3166
f 2925/2984/2984 3174/3166/3166 3169/3162/3162
f 3169/3162/3162 3172/3163/3163 2786/2810/2810
f 3084/3164/3164 3174/3166/3166 3083/3126/3126
f 3175/3167/3167 2734/2750/2750 2728/2754/2754
f 3175/3167/3167 2906/2915/2915 2739/2751/2751
f 3175/3167/3167 3180/3168/3168 2937/2909/2909
f 3178/3169/3169 3177/3170/3170 3175/3167/3167
f 2728/2754/2754 2748/2758/2758 3175/3167/3167
f 2748/2758/2758 3178/3169/3169 3175/3167/3167
f 3179/3171/3171 2746/2757/2757 2747/2763/2763
f 3199/3172/3172 3179/3171/3171 2747/2763/2763
f 3176/3173/3173 3179/3171/3171 3195/3174/3174
f 3176/3173/3173 3197/3175/3175 3181/3176/3176
f 3176/3173/3173 3180/3168/3168 3177/3170/3170
f 3180/3168/3168 3182/3177/3177 2937/2909/2909
f 2937/2909/2909 3183/3178/3178 2935/2908/2908
f 2934/3179/3179 3183/3178/3178 3184/3180/3180
f 3185/3181/3181 2934/3179/3179 3184/3180/3180
f 3187/3182/3182 3184/3180/3180 3186/3183/3183
f 3184/3180/3180 3188/3184/3184 3186/3183/3183
f 3182/3177/3177 3188/3184/3184 3183/3178/3178
f 3188/3184/3184 3202/3185/3185 3186/3183/3183
f 3190/3186/3186 3202/3185/3185 3203/3187/3187
f 3203/3187/3187 3198/3188/3188 3196/3189/3189
f 3198/3188/3188 3201/3190/3190 3197/3175/3175
f 3182/3177/3177 3197/3175/3175 3201/3190/3190
f 3196/3189/3189 3197/3175/3175 3195/3174/3174
f 3195/3174/3174 3200/3191/3191 3196/3189/3189
f 2703/2732/2732 2741/2762/2762 2704/2733/2733
f 2902/2899/2899 2913/2906/2906 2932/2905/2905
f 3190/3186/3186 3187/3182/3182 3186/3183/3183
f 3189/3192/3192 3191/3193/3193 3192/3194/3194
f 2627/2580/2580 3204/3195/3195 3205/3196/3196
f 3204/3195/3195 2583/2542/2542 2582/2541/2541
f 2649/2587/2587 3216/3197/3197 3217/3198/3198
f 2779/2764/2764 3217/3198/3198 2778/2768/2768
f 1266/1345/1345 2702/2730/2730 1265/1347/1347
f 2702/2730/2730 3223/3199/3199 2703/2732/2732
f 2703/2732/2732 3222/3200/3200 2747/2763/2763
f 3222/3200/3200 3199/3172/3172 2747/2763/2763
f 3215/3201/3201 3200/3191/3191 3199/3172/3172
f 3214/3202/3202 3196/3189/3189 3200/3191/3191
f 3203/3187/3187 3213/3203/3203 3219/3204/3204
f 3190/3186/3186 3219/3204/3204 3191/3193/3193
f 1267/3205/3205 3210/3206/3206 3212/3207/3207
f 2368/2331/2331 3210/3206/3206 2367/2330/2330
f 2368/2331/2331 2391/2333/2333 3209/3208/3208
f 2391/2333/2333 2642/2634/2634 2684/2668/2668
f 3211/3209/3209 2391/2333/2333 2684/2668/2668
f 3210/3206/3206 3211/3209/3209 3212/3207/3207
f 2684/2668/2668 3224/3210/3210 3211/3209/3209
f 3222/3200/3200 3225/3211/3211 3215/3201/3201
f 3223/3199/3199 3224/3210/3210 3222/3200/3200
f 3224/3210/3210 3212/3207/3207 3211/3209/3209
f 3214/3202/3202 3225/3211/3211 3226/3212/3212
f 2683/2667/2667 3225/3211/3211 2684/2668/2668
f 2683/2667/2667 3103/3213/3213 3226/3212/3212
f 2641/2633/2633 2682/2671/2671 3103/3213/3213
f 3213/3203/3203 3226/3212/3212 3227/3214/3214
f 2775/2767/2767 3103/3213/3213 2682/2671/2671
f 3227/3214/3214 3103/3213/3213 2778/2768/2768
f 3227/3214/3214 3219/3204/3204 3213/3203/3203
f 3227/3214/3214 3220/3215/3215 3191/3193/3193
f 3217/3198/3198 3220/3215/3215 2778/2768/2768
f 3194/3216/3216 3220/3215/3215 3193/3217/3217
f 3193/3217/3217 3218/3218/3218 3194/3216/3216
f 3192/3194/3194 3194/3216/3216 3221/3219/3219
f 3206/3220/3220 2582/2541/2541 2563/3221/3221
f 3206/3220/3220 2581/2537/2537 2580/2538/2538
f 3207/3222/3222 2579/2539/2539 2139/2122/2122
f 2580/2538/2538 3208/3223/3223 3206/3220/3220
f 3204/3195/3195 3208/3223/3223 3205/3196/3196
f 2628/2584/2584 3205/3196/3196 3229/3224/3224
f 3229/3224/3224 2655/2585/2585 2628/2584/2584
f 3228/3225/3225 2647/2586/2586 2655/2585/2585
f 2513/2470/2470 1293/1317/1317 3230/3226/3226
f 2513/2470/2470 3207/3222/3222 2139/2122/2122
f 3229/3224/3224 3208/3223/3223 3207/3222/3222
f 3228/3225/3225 3207/3222/3222 3230/3226/3226
f 3230/3226/3226 2511/2473/2473 2508/2476/2476
f 1602/2482/2482 1605/3227/3227 1601/2480/2480
f 1601/2480/2480 2507/2477/2477 1119/2481/2481
f 1618/2486/2486 521/3228/3228 1611/2485/2485
f 521/3228/3228 1609/2484/2484 1611/2485/2485
f 1601/2480/2480 521/3228/3228 3231/3229/3229
f 2508/2476/2476 3231/3229/3229 3230/3226/3226
f 3228/3225/3225 3231/3229/3229 3216/3197/3197
f 3218/3218/3218 3221/3219/3219 3194/3216/3216
f 3216/3197/3197 3218/3218/3218 3217/3198/3198
f 3232/3230/3230 3231/3229/3229 521/3228/3228
f 1799/3231/3231 3232/3230/3230 521/3228/3228
f 1799/3231/3231 2514/2489/2489 3233/3232/3232
f 780/666/666 782/673/673 784/2491/2491
f 785/677/677 782/673/673 783/675/675
f 3233/3232/3232 2515/2490/2490 2516/2492/2492
f 3233/3232/3232 2517/2493/2493 2518/2494/2494
f 3239/2187/2187 3254/3233/3233 2877/2186/2186
f 2877/2186/2186 3259/3234/3234 2875/2865/2865
f 2231/2863/2863 3259/3234/3234 3262/3235/3235
f 2228/2183/2183 2231/2863/2863 2717/2857/2857
f 2231/2863/2863 2066/3236/3236 2717/2857/2857
f 2065/2861/2861 1699/2858/2858 2232/3237/3237
f 2232/3237/3237 2064/2024/2024 2065/2861/2861
f 1697/3238/3238 2063/2023/2023 2067/3239/3239
f 2066/3236/3236 2232/3237/3237 1699/2858/2858
f 2233/3240/3240 2231/2863/2863 3262/3235/3235
f 3258/3241/3241 3259/3234/3234 3254/3233/3233
f 3254/3233/3233 3257/3242/3242 3258/3241/3241
f 3253/3243/3243 3256/3244/3244 3257/3242/3242
f 3251/3245/3245 3252/3246/3246 3250/3247/3247
f 3242/2190/2190 3252/3246/3246 3241/2193/2193
f 3241/2193/2193 3253/3243/3243 3239/2187/2187
f 3240/2189/2189 3250/3247/3247 3242/2190/2190
f 3243/3248/3248 3248/3249/3249 3240/2189/2189
f 3245/3250/3250 3243/3248/3248 2227/3251/3251
f 3240/2189/2189 2227/3251/3251 3243/3248/3248
f 3249/3252/3252 3244/3253/3253 3246/3254/3254
f 3249/3252/3252 3250/3247/3247 3248/3249/3249
f 3251/3245/3245 3246/3254/3254 3247/3255/3255
f 3247/3255/3255 3256/3244/3244 3251/3245/3245
f 3261/3256/3256 3256/3244/3244 3255/3257/3257
f 2233/3240/3240 3261/3256/3256 2716/3258/3258
f 2233/3240/3240 3258/3241/3241 3260/3259/3259
f 3260/3259/3259 3257/3242/3242 3256/3244/3244
f 2259/2022/2022 2716/3258/3258 3261/3256/3256
f 3261/3256/3256 2067/3239/3239 2259/2022/2022
f 3266/3260/3260 1698/1641/1641 1697/3238/3238
f 1720/1814/1814 3266/3260/3260 3267/3261/3261
f 3267/3261/3261 1864/1813/1813 1720/1814/1814
f 2067/3239/3239 3268/3262/3262 1697/3238/3238
f 3268/3262/3262 3266/3260/3260 1697/3238/3238
f 3265/3263/3263 3267/3261/3261 3268/3262/3262
f 1867/1815/1815 3269/3264/3264 3270/3265/3265
f 1867/1815/1815 2068/2194/2194 1866/1817/1817
f 3270/3265/3265 2234/2222/2222 1867/1815/1815
f 3270/3265/3265 2260/2224/2224 2258/2225/2225
f 2715/3266/3266 3269/3264/3264 3271/3267/3267
f 3264/3268/3268 3269/3264/3264 3265/3263/3263
f 3265/3263/3263 3255/3257/3257 3264/3268/3268
f 3255/3257/3257 3263/3269/3269 3264/3268/3268
f 3272/3270/3270 3264/3268/3268 3263/3269/3269
f 3271/3267/3267 3273/3271/3271 2715/3266/3266
f 2264/2230/2230 3273/3271/3271 2267/2217/2217
f 2267/2217/2217 3276/3272/3272 2547/2499/2499
f 2658/2645/2645 3276/3272/3272 3282/3273/3273
f 3276/3272/3272 3278/3274/3274 3282/3273/3273
f 3277/3275/3275 3273/3271/3271 3272/3270/3270
f 3275/3276/3276 3277/3275/3275 3272/3270/3270
f 3272/3270/3270 3274/3277/3277 3275/3276/3276
f 3247/3255/3255 3274/3277/3277 3263/3269/3269
f 3279/3278/3278 3246/3254/3254 3244/3253/3253
f 3281/3279/3279 3244/3253/3253 3280/3280/3280
f 3284/3281/3281 3279/3278/3278 3281/3279/3279
f 3274/3277/3277 3283/3282/3282 3275/3276/3276
f 3283/3282/3282 3278/3274/3274 3275/3276/3276
f 3285/3283/3283 3283/3282/3282 3284/3281/3281
f 2658/2645/2645 3285/3283/3283 2659/2646/2646
f 3286/3284/3284 3281/3279/3279 3280/3280/3280
f 3286/3284/3284 3285/3283/3283 3284/3281/3281
f 2657/2647/2647 3286/3284/3284 3287/3285/3285
f 3280/3280/3280 3287/3285/3285 3286/3284/3284
f 3288/3286/3286 3289/3287/3287 3287/3285/3285
f 2656/2648/2648 3287/3285/3285 3289/3287/3287
f 2645/2643/2643 3289/3287/3287 3293/3288/3288
f 3293/3288/3288 2644/2813/2813 2645/2643/2643
f 2781/2812/2812 3291/3289/3289 2482/2640/2640
f 2482/2640/2640 3295/3290/3290 2538/2639/2639
f 2522/2528/2528 3295/3290/3290 3296/3291/3291
f 2475/2466/2466 3296/3291/3291 2453/2458/2458
f 3296/3291/3291 3291/3289/3289 3294/3292/3292
f 3291/3289/3289 3292/3293/3293 3294/3292/3292
f 3290/3294/3294 3293/3288/3288 3289/3287/3287
f 3298/3295/3295 3290/3294/3294 3288/3286/3286
f 3288/3286/3286 3297/3296/3296 3298/3295/3295
f 3297/3296/3296 3244/3253/3253 3245/3250/3250
f 2114/2123/2123 2125/2140/2140 3304/3297/3297
f 2274/2253/2253 3303/3298/3298 2125/2140/2140
f 2275/2251/2251 3302/3299/3299 3303/3298/3298
f 2276/3300/3300 2296/2265/2265 3302/3299/3299
f 2295/2264/2264 3300/3301/3301 2296/2265/2265
f 2438/2407/2407 3301/3302/3302 2297/2405/2405
f 2439/2425/2425 3299/3303/3303 2438/2407/2407
f 3300/3301/3301 3301/3302/3302 3306/3304/3304
f 3300/3301/3301 3302/3299/3299 2296/2265/2265
f 3306/3304/3304 3299/3303/3303 3307/3305/3305
f 2453/2458/2458 3299/3303/3303 2440/2441/2441
f 3307/3305/3305 3296/3291/3291 3294/3292/3292
f 1588/1891/1891 3308/3306/3306 1538/1487/1487
f 2114/2123/2123 3307/3305/3305 3308/3306/3306
f 3303/3298/3298 3304/3297/3297 2125/2140/2140
f 3303/3298/3298 3306/3304/3304 3307/3305/3305
f 3308/3306/3306 3294/3292/3292 3292/3293/3293
f 1297/2397/2397 1538/1487/1487 1242/3307/3307
f 1241/1124/1124 1242/3307/3307 3305/3308/3308
f 1241/1124/1124 619/1122/1122 623/592/592
f 2519/2495/2495 2521/2498/2498 2518/2494/2494
f 3322/3309/3309 2521/2498/2498 3321/3310/3310
f 2521/2498/2498 3320/3311/3311 3321/3310/3310
f 1118/1542/1542 3320/3311/3311 1117/920/920
f 3314/3312/3312 3320/3311/3311 3311/3313/3313
f 3311/3313/3313 3313/3314/3314 3314/3312/3312
f 3311/3313/3313 1122/996/996 1123/995/995
f 1604/3315/3315 3313/3314/3314 1123/995/995
f 1123/995/995 1255/1353/1353 1604/3315/3315
f 1256/1349/1349 3312/3316/3316 1604/3315/3315
f 3312/3316/3316 3315/3317/3317 1604/3315/3315
f 3317/3318/3318 3312/3316/3316 2709/2692/2692
f 3312/3316/3316 2710/2693/2693 2709/2692/2692
f 1620/1533/1533 3317/3318/3318 2709/2692/2692
f 2909/2900/2900 3318/3319/3319 1620/1533/1533
f 1620/1533/1533 1626/1530/1530 2909/2900/2900
f 3189/3192/3192 3323/3320/3320 3187/3182/3182
f 3185/3181/3181 3323/3320/3320 2910/3321/3321
f 2910/3321/3321 2938/2904/2904 3185/3181/3181
f 3319/2897/2897 2932/2905/2905 2910/3321/3321
f 3232/3230/3230 3324/3322/3322 3221/3219/3219
f 3233/3232/3232 3322/3309/3309 3324/3322/3322
f 3314/3312/3312 3322/3309/3309 3321/3310/3310
f 3314/3312/3312 3315/3317/3317 3316/3323/3323
f 3316/3323/3323 3318/3319/3319 3319/2897/2897
f 2910/3321/3321 3316/3323/3323 3319/2897/2897
f 3323/3320/3320 3325/3324/3324 2910/3321/3321
f 3221/3219/3219 3325/3324/3324 3192/3194/3194
f 3325/3324/3324 3314/3312/3312 3316/3323/3323
f 3310/3325/3325 3292/3293/3293 3298/3295/3295
f 3308/3306/3306 3309/3326/3326 1538/1487/1487
f 3309/3326/3326 1242/3307/3307 1538/1487/1487
f 619/1122/1122 3309/3326/3326 616/1121/1121
f 3326/3327/3327 3309/3326/3326 3310/3325/3325
f 615/530/530 616/1121/1121 3326/3327/3327
f 396/420/420 3326/3327/3327 390/418/418
f 3339/3328/3328 390/418/418 3326/3327/3327
f 389/423/423 3327/3329/3329 388/426/426
f 384/425/425 3327/3329/3329 385/430/430
f 385/430/430 387/449/449 386/429/429
f 3339/3328/3328 387/449/449 3327/3329/3329
f 3338/3330/3330 440/455/455 387/449/449
f 3337/3331/3331 452/386/386 449/458/458
f 3337/3331/3331 456/464/464 453/383/383
f 3333/3332/3332 503/467/467 456/464/464
f 3331/3333/3333 502/466/466 503/467/467
f 3328/3334/3334 641/623/623 642/620/620
f 781/668/668 3328/3334/3334 3329/3335/3335
f 3330/3336/3336 3328/3334/3334 642/620/620
f 3330/3336/3336 3331/3333/3333 3332/3337/3337
f 3331/3333/3333 3334/3338/3338 3332/3337/3337
f 3332/3337/3337 3335/3339/3339 3330/3336/3336
f 3329/3335/3335 3335/3339/3339 3336/3340/3340
f 3375/3341/3341 2227/3251/3251 3238/2862/2862
f 3238/2862/2862 3374/3342/3342 3375/3341/3341
f 2939/2860/2860 3374/3342/3342 1734/2859/2859
f 3373/3343/3343 2931/2894/2894 2912/2896/2896
f 2912/2896/2896 2896/2890/2890 2895/2889/2889
f 2912/2896/2896 3372/3344/3344 3373/3343/3343
f 2891/2886/2886 3372/3344/3344 2895/2889/2889
f 3371/3345/3345 2886/2847/2847 1946/2019/2019
f 1946/2019/2019 3370/3346/3346 3371/3345/3345
f 3344/3347/3347 1797/1720/1720 1783/1719/1719
f 3344/3347/3347 3370/3346/3346 1798/2021/2021
f 3343/3348/3348 3344/3347/3347 3342/3349/3349
f 1783/1719/1719 3342/3349/3349 3344/3347/3347
f 3340/3350/3350 3342/3349/3349 1784/1718/1718
f 1785/1723/1723 3340/3350/3350 1784/1718/1718
f 3341/3351/3351 1782/1730/1730 1610/3352/3352
f 3341/3351/3351 3343/3348/3348 3340/3350/3350
f 1610/3352/3352 3345/3353/3353 3341/3351/3351
f 3348/3354/3354 3349/3355/3355 1610/3352/3352
f 1745/1732/1732 3348/3354/3354 1610/3352/3352
f 3346/3356/3356 1744/1743/1743 1742/1740/1740
f 3347/3357/3357 1742/1740/1740 1736/3358/3358
f 3351/3359/3359 3348/3354/3354 3346/3356/3356
f 3347/3357/3357 3351/3359/3359 3346/3356/3356
f 3351/3359/3359 3353/3360/3360 3350/3361/3361
f 3379/3362/3362 3359/3363/3363 3360/3364/3364
f 3356/3365/3365 3367/3366/3366 3352/3367/3367
f 3356/3365/3365 3347/3357/3357 1736/3358/3358
f 1736/3358/3358 3355/3368/3368 3356/3365/3365
f 3356/3365/3365 3365/3369/3369 3366/3370/3370
f 3366/3370/3370 3357/3371/3371 3364/3372/3372
f 3354/3373/3373 3365/3369/3369 3355/3368/3368
f 1735/1738/1738 3354/3373/3373 3355/3368/3368
f 1732/1735/1735 3354/3373/3373 1733/1733/1733
f 3358/3374/3374 3364/3372/3372 3357/3371/3371
f 3358/3374/3374 1732/1735/1735 1366/1395/1395
f 1365/1213/1213 3358/3374/3374 1366/1395/1395
f 3360/3364/3364 1365/1213/1213 787/1212/1212
f 3361/3375/3375 787/1212/1212 786/1223/1223
f 786/1223/1223 781/668/668 3361/3375/3375
f 3362/3376/3376 781/668/668 3329/3335/3335
f 3336/3340/3340 3362/3376/3376 3329/3335/3335
f 3360/3364/3364 3362/3376/3376 3363/3377/3377
f 3363/3377/3377 3379/3362/3362 3360/3364/3364
f 3377/3378/3378 3336/3340/3340 3335/3339/3339
f 3334/3338/3338 3377/3378/3378 3335/3339/3339
f 3333/3332/3332 3376/3379/3379 3334/3338/3338
f 449/458/458 3376/3379/3379 3337/3331/3331
f 3384/3380/3380 3338/3330/3330 3339/3328/3328
f 3339/3328/3328 3310/3325/3325 3384/3380/3380
f 3353/3360/3360 3367/3366/3366 3368/3381/3381
f 3353/3360/3360 3381/3382/3382 3350/3361/3361
f 3381/3382/3382 3349/3355/3355 3350/3361/3361
f 3345/3353/3353 3380/3383/3383 3343/3348/3348
f 3380/3383/3383 3368/3381/3381 3382/3384/3384
f 3343/3348/3348 3382/3384/3384 3369/3385/3385
f 3369/3385/3385 3371/3345/3345 3370/3346/3346
f 3385/3386/3386 3373/3343/3343 3372/3344/3344
f 3372/3344/3344 3382/3384/3384 3385/3386/3386
f 3387/3387/3387 3382/3384/3384 3368/3381/3381
f 3385/3386/3386 3386/3388/3388 3374/3342/3342
f 3386/3388/3388 3375/3341/3341 3374/3342/3342
f 3383/3389/3389 3366/3370/3370 3364/3372/3372
f 3379/3362/3362 3383/3389/3389 3364/3372/3372
f 3367/3366/3366 3387/3387/3387 3368/3381/3381
f 3386/3388/3388 3383/3389/3389 3378/3390/3390
f 3389/3391/3391 3378/3390/3390 3388/3392/3392
f 3377/3378/3378 3378/3390/3390 3363/3377/3377
f 3245/3250/3250 3389/3391/3391 3297/3296/3296
f 3376/3379/3379 3388/3392/3392 3377/3378/3378
f 3389/3391/3391 3298/3295/3295 3297/3296/3296
f 3389/3391/3391 3384/3380/3380 3310/3325/3325
f 3392/3393/3393 3090/3041/3041 3089/3034/3034
f 3391/3157/3157 3392/3393/3393 3393/3394/3394
f 3393/3394/3394 3089/3034/3034 3044/3025/3025
f 3044/3025/3025 3391/3157/3157 3393/3394/3394
f 3396/3082/3082 3098/3087/3087 3099/3088/3088
f 3396/3082/3082 3394/3395/3395 3102/3079/3079
f 2951/2923/2923 3394/3395/3395 2950/3085/3085
f 2860/2852/2852 2858/2853/2853 2772/2718/2718
f 3398/1876/1876 1929/1875/1875 1930/1024/1024
f 1/1/1 2/19/19 4/2/2
f 3/3/3 5/6/6 6/4/4
f 8/5/5 7/8/8 6/4/4
f 8/5/5 9/9/9 10/7/7
f 9/9/9 44/11/11 45/10/10
f 44/11/11 78/85/85 77/12/12
f 77/12/12 78/85/85 79/13/13
f 79/13/13 82/84/84 81/15/15
f 81/15/15 82/84/84 194/16/16
f 198/18/18 202/217/217 199/17/17
f 2/19/19 12/34/34 11/20/20
f 11/20/20 12/34/34 13/21/21
f 13/21/21 31/24/24 30/23/23
f 31/24/24 109/27/27 112/25/25
f 110/26/26 111/29/29 112/25/25
f 118/28/28 117/117/117 111/29/29
f 114/30/30 120/402/402 118/28/28
f 109/27/27 113/31/31 114/30/30
f 113/31/31 109/27/27 31/24/24
f 31/24/24 13/21/21 107/33/33
f 12/34/34 106/36/36 107/33/33
f 12/34/34 2/19/19 105/35/35
f 1/1/1 104/37/37 105/35/35
f 6/4/4 76/38/38 104/37/37
f 7/8/8 69/40/40 76/38/38
f 68/39/39 75/41/41 76/38/38
f 75/41/41 102/44/44 103/42/42
f 75/41/41 74/47/47 98/43/43
f 67/45/45 74/47/47 75/41/41
f 70/46/46 73/49/49 74/47/47
f 99/48/48 98/43/43 74/47/47
f 101/50/50 98/43/43 99/48/48
f 66/52/52 71/57/57 70/46/46
f 64/53/53 66/52/52 67/45/45
f 64/53/53 68/39/39 69/40/40
f 10/7/7 61/54/54 69/40/40
f 45/10/10 62/80/80 61/54/54
f 61/54/54 62/80/80 63/55/55
f 63/55/55 65/56/56 66/52/52
f 65/56/56 72/59/59 71/57/57
f 65/56/56 88/78/78 89/58/58
f 97/60/60 72/59/59 89/58/58
f 89/58/58 93/68/68 95/62/62
f 95/62/62 93/68/68 206/63/63
f 207/65/65 209/246/246 208/64/64
f 205/66/66 207/65/65 206/63/63
f 93/68/68 90/69/69 94/67/67
f 89/58/58 88/78/78 90/69/69
f 90/69/69 88/78/78 91/70/70
f 91/70/70 201/72/72 205/66/66
f 91/70/70 84/75/75 200/71/71
f 201/72/72 200/71/71 203/73/73
f 199/17/17 202/217/217 203/73/73
f 84/75/75 81/15/15 199/17/17
f 84/75/75 83/76/76 80/14/14
f 91/70/70 88/78/78 83/76/76
f 87/77/77 92/79/79 83/76/76
f 80/14/14 83/76/76 92/79/79
f 65/56/56 63/55/55 87/77/77
f 62/80/80 86/82/82 87/77/77
f 62/80/80 45/10/10 85/81/81
f 77/12/12 92/79/79 85/81/81
f 92/79/79 87/77/77 86/82/82
f 192/83/83 193/92/92 194/16/16
f 79/13/13 191/86/86 192/83/83
f 78/85/85 190/103/103 191/86/86
f 43/87/87 190/103/103 78/85/85
f 15/88/88 43/87/87 44/11/11
f 8/5/5 16/89/89 15/88/88
f 5/6/6 19/90/90 16/89/89
f 3/3/3 21/110/110 19/90/90
f 194/16/16 193/92/92 196/91/91
f 193/92/92 186/95/95 195/93/93
f 197/94/94 195/93/93 186/95/95
f 185/96/96 186/95/95 187/97/97
f 186/95/95 193/92/92 192/83/83
f 187/97/97 192/83/83 191/86/86
f 184/98/98 187/97/97 188/99/99
f 182/101/101 183/100/100 188/99/99
f 188/99/99 191/86/86 190/103/103
f 41/104/104 189/102/102 190/103/103
f 42/105/105 182/101/101 189/102/102
f 18/106/106 41/104/104 43/87/87
f 15/88/88 16/89/89 17/107/107
f 16/89/89 19/90/90 20/108/108
f 19/90/90 21/110/110 22/109/109
f 4/2/2 23/111/111 21/110/110
f 11/20/20 25/112/112 23/111/111
f 14/22/22 26/113/113 25/112/112
f 30/23/23 29/115/115 26/113/113
f 30/23/23 112/25/25 115/114/114
f 111/29/29 116/116/116 115/114/114
f 116/116/116 111/29/29 117/117/117
f 116/116/116 123/153/153 122/119/119
f 122/119/119 121/120/120 29/115/115
f 26/113/113 29/115/115 121/120/120
f 26/113/113 28/121/121 27/122/122
f 24/123/123 23/111/111 25/112/112
f 21/110/110 23/111/111 24/123/123
f 40/124/124 42/105/105 41/104/104
f 18/106/106 17/107/107 39/125/125
f 20/108/108 38/127/127 39/125/125
f 20/108/108 22/109/109 37/126/126
f 35/128/128 36/130/130 37/126/126
f 35/128/128 46/132/132 47/129/129
f 60/131/131 59/133/133 47/129/129
f 59/133/133 60/131/131 129/134/134
f 130/135/135 129/134/134 131/136/136
f 57/138/138 47/129/129 59/133/133
f 47/129/129 57/138/138 56/140/140
f 36/130/130 56/140/140 55/141/141
f 55/141/141 54/730/730 38/127/127
f 38/127/127 54/730/730 52/142/142
f 40/124/124 39/125/125 52/142/142
f 40/124/124 53/143/143 51/144/144
f 42/105/105 51/144/144 180/145/145
f 181/146/146 183/100/100 182/101/101
f 22/109/109 24/123/123 34/147/147
f 24/123/123 27/122/122 32/148/148
f 28/121/121 33/150/150 32/148/148
f 28/121/121 121/120/120 124/149/149
f 125/151/151 124/149/149 121/120/120
f 126/152/152 125/151/151 122/119/119
f 123/153/153 147/156/156 148/154/154
f 152/155/155 151/158/158 148/154/154
f 152/155/155 154/406/406 153/157/157
f 33/150/150 50/161/161 49/159/159
f 143/160/160 142/172/172 49/159/159
f 32/148/148 49/159/159 48/162/162
f 34/147/147 48/162/162 46/132/132
f 127/163/163 60/131/131 46/132/132
f 127/163/163 128/164/164 129/134/134
f 128/164/164 133/166/166 131/136/136
f 135/165/165 134/178/178 133/166/166
f 136/167/167 135/165/165 128/164/164
f 136/167/167 127/163/163 138/168/168
f 127/163/163 48/162/162 137/170/170
f 49/159/159 142/172/172 137/170/170
f 143/160/160 157/190/190 158/171/171
f 142/172/172 158/171/171 159/173/173
f 138/168/168 137/170/170 159/173/173
f 139/169/169 138/168/168 160/174/174
f 136/167/167 139/169/169 140/176/176
f 135/165/165 140/176/176 141/177/177
f 165/179/179 164/758/758 134/178/178
f 163/180/180 166/349/349 165/179/179
f 141/177/177 140/176/176 162/181/181
f 140/176/176 139/169/169 161/175/175
f 170/182/182 160/174/174 159/173/173
f 170/182/182 169/187/187 161/175/175
f 161/175/175 169/187/187 168/183/183
f 162/181/181 168/183/183 167/184/184
f 174/185/185 167/184/184 168/183/183
f 169/187/187 172/188/188 173/186/186
f 170/182/182 171/189/189 172/188/188
f 171/189/189 170/182/182 158/171/171
f 143/160/160 144/193/193 156/191/191
f 145/192/192 155/195/195 156/191/191
f 146/194/194 149/197/197 155/195/195
f 177/196/196 155/195/195 149/197/197
f 155/195/195 177/196/196 175/199/199
f 175/199/199 171/189/189 157/190/190
f 172/188/188 171/189/189 175/199/199
f 176/200/200 175/199/199 177/196/196
f 177/196/196 150/198/198 179/202/202
f 153/157/157 215/204/204 214/203/203
f 179/202/202 150/198/198 214/203/203
f 150/198/198 149/197/197 213/205/205
f 214/203/203 213/205/205 148/154/154
f 213/205/205 212/207/207 126/152/152
f 146/194/194 212/207/207 213/205/205
f 126/152/152 212/207/207 211/206/206
f 146/194/194 145/192/192 211/206/206
f 125/151/151 211/206/206 210/208/208
f 144/193/193 210/208/208 211/206/206
f 50/161/161 33/150/150 124/149/149
f 50/161/161 210/208/208 144/193/193
f 256/209/209 255/211/211 195/93/93
f 258/210/210 257/213/213 255/211/211
f 255/211/211 246/212/212 196/91/91
f 246/212/212 255/211/211 257/213/213
f 198/18/18 196/91/91 246/212/212
f 246/212/212 254/214/214 253/216/216
f 202/217/217 198/18/18 247/215/215
f 247/215/215 253/216/216 252/219/219
f 253/216/216 254/214/214 259/220/220
f 257/213/213 260/221/221 259/220/220
f 260/221/221 379/235/235 261/222/222
f 259/220/220 261/222/222 251/223/223
f 249/224/224 251/223/223 262/225/225
f 248/218/218 252/219/219 251/223/223
f 203/73/73 202/217/217 248/218/218
f 204/74/74 203/73/73 249/224/224
f 204/74/74 250/226/226 264/227/227
f 265/229/229 264/227/227 250/226/226
f 266/230/230 265/229/229 262/225/225
f 266/230/230 263/231/231 380/232/232
f 261/222/222 263/231/231 262/225/225
f 261/222/222 379/235/235 380/232/232
f 383/234/234 382/1040/1040 380/232/232
f 265/229/229 273/241/241 270/236/236
f 264/227/227 270/236/236 269/237/237
f 267/228/228 269/237/237 268/238/238
f 267/228/228 205/66/66 201/72/72
f 207/65/65 205/66/66 268/238/238
f 269/237/237 276/240/240 271/239/239
f 270/236/236 277/242/242 276/240/240
f 273/241/241 280/248/248 277/242/242
f 274/243/243 276/240/240 277/242/242
f 276/240/240 274/243/243 272/245/245
f 207/65/65 271/239/239 272/245/245
f 277/242/242 280/248/248 281/247/247
f 280/248/248 285/251/251 283/249/249
f 284/250/250 283/249/249 285/251/251
f 289/253/253 290/255/255 284/250/250
f 287/254/254 284/250/250 290/255/255
f 287/254/254 286/257/257 283/249/249
f 281/247/247 283/249/249 286/257/257
f 278/244/244 281/247/247 282/258/258
f 272/245/245 274/243/243 275/260/260
f 209/246/246 275/260/260 300/261/261
f 299/262/262 208/64/64 300/261/261
f 299/262/262 298/264/264 95/62/62
f 298/264/264 297/276/276 96/61/61
f 96/61/61 297/276/276 296/265/265
f 72/59/59 97/60/60 294/266/266
f 294/266/266 73/49/49 70/46/46
f 73/49/49 294/266/266 295/267/267
f 296/265/265 295/267/267 294/266/266
f 296/265/265 297/276/276 314/268/268
f 99/48/48 295/267/267 314/268/268
f 314/268/268 297/276/276 315/269/269
f 322/271/271 100/51/51 314/268/268
f 101/50/50 100/51/51 322/271/271
f 320/273/273 351/318/318 322/271/271
f 315/269/269 318/275/275 320/273/273
f 315/269/269 297/276/276 317/274/274
f 298/264/264 306/278/278 317/274/274
f 298/264/264 299/262/262 305/277/277
f 299/262/262 301/263/263 304/279/279
f 301/263/263 309/282/282 308/280/280
f 303/281/281 310/297/297 309/282/282
f 300/261/261 302/296/296 303/281/281
f 279/259/259 302/296/296 300/261/261
f 274/243/243 278/244/244 279/259/259
f 342/283/283 302/296/296 279/259/259
f 343/284/284 342/283/283 282/258/258
f 286/257/257 287/254/254 292/285/285
f 293/286/286 344/288/288 343/284/284
f 347/287/287 345/294/294 344/288/288
f 346/289/289 345/294/294 347/287/287
f 350/291/291 349/347/347 346/289/289
f 340/292/292 345/294/294 346/289/289
f 340/292/292 341/295/295 344/288/288
f 341/295/295 342/283/283 343/284/284
f 302/296/296 342/283/283 341/295/295
f 341/295/295 340/292/292 310/297/297
f 306/278/278 305/277/277 307/298/298
f 311/299/299 313/330/330 317/274/274
f 317/274/274 313/330/330 319/300/300
f 319/300/300 321/302/302 320/273/273
f 352/301/301 351/318/318 320/273/273
f 322/271/271 351/318/318 353/303/303
f 323/272/272 102/44/44 98/43/43
f 103/42/42 102/44/44 323/272/272
f 353/303/303 354/306/306 357/304/304
f 364/305/305 363/308/308 357/304/304
f 364/305/305 366/315/315 365/307/307
f 363/308/308 359/310/310 358/309/309
f 76/38/38 103/42/42 357/304/304
f 104/37/37 76/38/38 358/309/309
f 105/35/35 104/37/37 359/310/310
f 360/311/311 359/310/310 362/312/312
f 359/310/310 363/308/308 365/307/307
f 364/305/305 367/316/316 368/314/314
f 367/316/316 364/305/305 354/306/306
f 355/317/317 354/306/306 353/303/303
f 352/301/301 356/320/320 355/317/317
f 369/319/319 367/316/316 355/317/317
f 371/321/321 370/322/322 369/319/319
f 368/314/314 367/316/316 369/319/319
f 368/314/314 370/322/322 373/323/323
f 372/325/325 373/323/323 370/322/322
f 352/301/301 321/302/302 377/326/326
f 321/302/302 319/300/300 375/328/328
f 376/329/329 375/328/328 319/300/300
f 313/330/330 312/332/332 330/331/331
f 311/299/299 307/298/298 312/332/332
f 331/333/333 330/331/331 312/332/332
f 331/333/333 332/338/338 333/334/334
f 333/334/334 334/337/337 335/335/335
f 333/334/334 332/338/338 329/336/336
f 332/338/338 331/333/333 326/339/339
f 307/298/298 308/280/280 326/339/339
f 308/280/280 307/298/298 305/277/277
f 308/280/280 309/282/282 325/340/340
f 326/339/339 325/340/340 328/341/341
f 328/341/341 336/342/342 334/337/337
f 335/335/335 334/337/337 336/342/342
f 325/340/340 324/346/346 327/344/344
f 327/344/344 324/346/346 339/293/293
f 340/292/292 339/293/293 324/346/346
f 310/297/297 324/346/346 325/340/340
f 339/293/293 346/289/289 349/347/347
f 291/256/256 293/286/286 292/285/285
f 163/180/180 167/184/184 239/348/348
f 240/350/350 166/349/349 239/348/348
f 242/352/352 241/351/351 239/348/348
f 167/184/184 174/185/185 238/353/353
f 174/185/185 228/356/356 231/354/354
f 232/355/355 231/354/354 228/356/356
f 231/354/354 232/355/355 237/358/358
f 237/358/358 243/360/360 242/352/352
f 236/359/359 244/363/363 243/360/360
f 232/355/355 233/361/361 236/359/359
f 233/361/361 234/365/365 235/362/362
f 244/363/363 236/359/359 235/362/362
f 234/365/365 233/361/361 229/366/366
f 233/361/361 232/355/355 227/357/357
f 225/368/368 227/357/357 228/356/356
f 173/186/186 226/369/369 228/356/356
f 172/188/188 176/200/200 226/369/369
f 178/201/201 225/368/368 226/369/369
f 178/201/201 179/202/202 217/370/370
f 217/370/370 220/373/373 224/371/371
f 224/371/371 229/366/366 227/357/357
f 222/372/372 223/374/374 224/371/371
f 223/374/374 230/367/367 229/366/366
f 216/375/375 219/2402/2402 220/373/373
f 215/204/204 216/375/375 217/370/370
f 374/324/324 531/379/379 530/376/376
f 530/376/376 531/379/379 533/377/377
f 531/379/379 535/611/611 534/380/380
f 534/380/380 535/611/611 536/381/381
f 453/383/383 456/464/464 455/384/384
f 452/386/386 453/383/383 454/385/385
f 530/376/376 529/378/378 366/315/315
f 366/315/315 529/378/378 528/388/388
f 529/378/378 533/377/377 532/389/389
f 526/390/390 527/391/391 528/388/388
f 365/307/307 528/388/388 527/391/391
f 527/391/391 526/390/390 361/313/313
f 525/392/392 533/377/377 534/380/380
f 511/394/394 361/313/313 512/395/395
f 526/390/390 525/392/392 512/395/395
f 511/394/394 504/397/397 360/311/311
f 106/36/36 105/35/35 360/311/311
f 106/36/36 504/397/397 505/398/398
f 108/32/32 107/33/33 505/398/398
f 113/31/31 108/32/32 506/399/399
f 113/31/31 507/400/400 508/401/401
f 508/401/401 450/417/417 120/402/402
f 119/118/118 392/404/404 391/403/403
f 116/116/116 391/403/403 147/156/156
f 392/404/404 394/2479/2479 393/405/405
f 152/155/155 147/156/156 391/403/403
f 154/406/406 152/155/155 393/405/405
f 395/407/407 221/2401/2401 218/408/408
f 525/392/392 524/393/393 515/409/409
f 519/410/410 524/393/393 534/380/380
f 519/410/410 522/411/411 515/409/409
f 522/411/411 517/414/414 516/412/412
f 513/396/396 512/395/395 515/409/409
f 514/413/413 513/396/396 516/412/412
f 510/415/415 511/394/394 513/396/396
f 511/394/394 510/415/415 505/398/398
f 510/415/415 507/400/400 506/399/399
f 507/400/400 510/415/415 514/413/413
f 507/400/400 509/416/416 450/417/417
f 390/418/418 406/422/422 407/419/419
f 390/418/418 389/423/423 405/421/421
f 389/423/423 388/426/426 404/424/424
f 384/425/425 403/428/428 404/424/424
f 384/425/425 385/430/430 397/427/427
f 386/429/429 398/431/431 397/427/427
f 398/431/431 386/429/429 399/432/432
f 400/433/433 399/432/432 401/434/434
f 402/435/435 401/434/434 410/436/436
f 415/438/438 414/437/437 410/436/436
f 439/440/440 438/501/501 415/438/438
f 439/440/440 413/439/439 445/441/441
f 445/441/441 446/444/444 498/443/443
f 446/444/444 445/441/441 444/445/445
f 413/439/439 412/447/447 444/445/445
f 410/436/436 411/453/453 412/447/447
f 409/448/448 411/453/453 410/436/436
f 399/432/432 408/451/451 409/448/448
f 387/449/449 408/451/451 399/432/432
f 387/449/449 440/455/455 441/450/450
f 408/451/451 441/450/450 442/452/452
f 409/448/448 442/452/452 443/446/446
f 412/447/447 411/453/453 443/446/446
f 447/454/454 446/444/444 443/446/446
f 441/450/450 448/456/456 447/454/454
f 440/455/455 449/458/458 448/456/456
f 522/411/411 520/2487/2487 518/457/457
f 523/382/382 520/2487/2487 522/411/411
f 452/386/386 451/387/387 448/456/456
f 448/456/456 451/387/387 494/459/459
f 494/459/459 451/387/387 495/460/460
f 451/387/387 454/385/385 457/462/462
f 458/463/463 457/462/462 454/385/385
f 456/464/464 503/467/467 501/465/465
f 502/466/466 466/468/468 501/465/465
f 466/468/468 463/470/470 500/469/469
f 455/384/384 501/465/465 500/469/469
f 458/463/463 500/469/469 463/470/470
f 465/472/472 464/474/474 463/470/470
f 462/473/473 459/471/471 463/470/470
f 457/462/462 458/463/463 459/471/471
f 460/475/475 496/461/461 495/460/460
f 497/476/476 496/461/461 460/475/475
f 459/471/471 462/473/473 461/477/477
f 496/461/461 497/476/476 498/443/443
f 462/473/473 464/474/474 467/478/478
f 467/478/478 470/481/481 469/480/480
f 470/481/481 471/483/483 472/482/482
f 471/483/483 474/485/485 473/484/484
f 474/485/485 476/488/488 475/486/486
f 478/487/487 477/490/490 475/486/486
f 478/487/487 480/643/643 479/489/489
f 479/489/489 480/643/643 481/491/491
f 484/493/493 483/495/495 482/492/492
f 484/493/493 485/496/496 486/494/494
f 485/496/496 488/659/659 487/497/497
f 487/497/497 488/659/659 489/498/498
f 492/500/500 491/561/561 490/499/499
f 438/501/501 437/522/522 430/502/502
f 430/502/502 429/519/519 414/437/437
f 414/437/437 429/519/519 417/503/503
f 402/435/435 417/503/503 416/504/504
f 400/433/433 416/504/504 418/505/505
f 397/427/427 398/431/431 418/505/505
f 403/428/428 397/427/427 419/506/506
f 404/424/424 403/428/428 420/507/507
f 405/421/421 404/424/424 421/508/508
f 406/422/422 405/421/421 422/509/509
f 406/422/422 423/510/510 434/511/511
f 422/509/509 433/512/512 434/511/511
f 421/508/508 432/513/513 433/512/512
f 420/507/507 431/515/515 432/513/513
f 420/507/507 419/506/506 425/514/514
f 426/516/516 425/514/514 419/506/506
f 427/517/517 426/516/516 418/505/505
f 428/518/518 427/517/517 416/504/504
f 428/518/518 417/503/503 429/519/519
f 430/502/502 435/521/521 424/520/520
f 435/521/521 430/502/502 437/522/522
f 446/444/444 447/454/454 494/459/459
f 426/516/516 569/540/540 573/524/524
f 425/514/514 573/524/524 575/525/525
f 432/513/513 431/515/515 575/525/525
f 433/512/512 432/513/513 579/526/526
f 433/512/512 580/527/527 613/528/528
f 407/419/419 434/511/511 613/528/528
f 396/420/420 407/419/419 614/529/529
f 245/364/364 235/362/362 620/531/531
f 615/530/530 614/529/529 611/533/533
f 614/529/529 613/528/528 608/535/535
f 588/536/536 608/535/535 613/528/528
f 579/526/526 581/537/537 588/536/536
f 581/537/537 579/526/526 575/525/525
f 574/539/539 576/538/538 575/525/525
f 574/539/539 573/524/524 569/540/540
f 427/517/517 568/542/542 569/540/540
f 568/542/542 427/517/517 428/518/518
f 424/520/520 435/521/521 567/543/543
f 435/521/521 436/523/523 566/544/544
f 436/523/523 550/547/547 552/545/545
f 436/523/523 437/522/522 548/546/546
f 437/522/522 438/501/501 549/548/548
f 542/549/549 546/558/558 549/548/548
f 439/440/440 541/550/550 542/549/549
f 499/442/442 538/552/552 541/550/550
f 499/442/442 498/443/443 537/551/551
f 537/551/551 498/443/443 497/476/476
f 461/477/477 462/473/473 468/479/479
f 539/553/553 537/551/551 468/479/479
f 538/552/552 537/551/551 539/553/553
f 472/482/482 540/554/554 539/553/553
f 544/555/555 540/554/554 472/482/482
f 475/486/486 477/490/490 544/555/555
f 479/489/489 543/556/556 544/555/555
f 540/554/554 544/555/555 543/556/556
f 541/550/550 538/552/552 543/556/556
f 482/492/492 545/557/557 543/556/556
f 483/495/495 546/558/558 545/557/557
f 542/549/549 541/550/550 545/557/557
f 547/559/559 546/558/558 483/495/495
f 487/497/497 551/560/560 547/559/559
f 490/499/499 493/562/562 551/560/560
f 491/561/561 553/564/564 493/562/562
f 560/563/563 559/566/566 553/564/564
f 492/500/500 561/837/837 560/563/563
f 558/565/565 553/564/564 559/566/566
f 553/564/564 558/565/565 556/568/568
f 556/568/568 558/565/565 562/567/567
f 555/570/570 493/562/562 556/568/568
f 555/570/570 554/799/799 552/545/545
f 550/547/547 551/560/560 493/562/562
f 551/560/560 550/547/547 548/546/546
f 548/546/546 549/548/548 546/558/558
f 552/545/545 554/799/799 565/571/571
f 585/572/572 584/573/573 566/544/544
f 584/573/573 583/576/576 567/543/543
f 567/543/543 583/576/576 571/574/574
f 568/542/542 571/574/574 570/541/541
f 571/574/574 583/576/576 572/575/575
f 583/576/576 586/601/601 587/577/577
f 578/578/578 574/539/539 570/541/541
f 577/579/579 578/578/578 572/575/575
f 578/578/578 577/579/579 576/538/538
f 582/580/580 581/537/537 576/538/538
f 589/581/581 588/536/536 581/537/537
f 609/582/582 608/535/535 588/536/536
f 609/582/582 610/583/583 611/533/533
f 612/534/534 611/533/533 610/583/583
f 602/585/585 606/584/584 610/583/583
f 602/585/585 603/589/589 605/587/587
f 604/588/588 607/591/591 605/587/587
f 604/588/588 627/596/596 624/590/590
f 607/591/591 624/590/590 623/592/592
f 626/594/594 625/1126/1126 623/592/592
f 598/595/595 628/610/610 627/596/596
f 598/595/595 604/588/588 603/589/589
f 599/597/597 603/589/589 602/585/585
f 601/586/586 610/583/583 609/582/582
f 589/581/581 582/580/580 600/598/598
f 599/597/597 601/586/586 600/598/598
f 582/580/580 590/600/600 593/599/599
f 577/579/579 587/577/577 590/600/600
f 586/601/601 591/604/604 590/600/600
f 590/600/600 591/604/604 592/602/602
f 592/602/602 598/595/595 599/597/597
f 595/603/603 594/606/606 592/602/602
f 596/605/605 597/608/608 594/606/606
f 630/607/607 629/609/609 594/606/606
f 629/609/609 598/595/595 592/602/602
f 628/610/610 598/595/595 629/609/609
f 535/611/611 778/613/613 644/612/612
f 778/613/613 535/611/611 531/379/379
f 779/614/614 778/613/613 374/324/324
f 643/615/615 644/612/612 778/613/613
f 639/616/616 641/623/623 646/617/617
f 647/618/618 648/669/669 649/619/619
f 642/620/620 641/623/623 640/621/621
f 502/466/466 640/621/621 636/622/622
f 639/616/616 636/622/622 640/621/621
f 636/622/622 639/616/616 637/624/624
f 635/625/625 634/626/626 466/468/468
f 634/626/626 635/625/625 637/624/624
f 637/624/624 639/616/616 649/619/619
f 631/628/628 634/626/626 650/627/627
f 634/626/626 631/628/628 465/472/472
f 631/628/628 633/631/631 632/630/630
f 633/631/631 631/628/628 651/629/629
f 633/631/631 638/632/632 652/633/633
f 465/472/472 632/630/630 467/478/478
f 467/478/478 632/630/630 652/633/633
f 471/483/483 470/481/481 652/633/633
f 638/632/632 656/636/636 653/634/634
f 659/635/635 657/638/638 656/636/636
f 654/637/637 653/634/634 656/636/636
f 471/483/483 653/634/634 654/637/637
f 476/488/488 474/485/485 654/637/637
f 654/637/637 657/638/638 658/640/640
f 476/488/488 655/639/639 660/641/641
f 478/487/487 660/641/641 661/642/642
f 481/491/491 480/643/643 661/642/642
f 662/644/644 661/642/642 660/641/641
f 484/493/493 481/491/491 662/644/644
f 666/647/647 664/646/646 662/644/644
f 666/647/647 668/650/650 667/648/648
f 667/648/648 671/651/651 669/649/649
f 668/650/650 672/1575/1575 671/651/651
f 671/651/651 674/654/654 673/652/652
f 677/653/653 676/1233/1233 673/652/652
f 673/652/652 676/1233/1233 678/655/655
f 670/657/657 669/649/649 673/652/652
f 665/658/658 664/646/646 669/649/649
f 489/498/498 488/659/659 664/646/646
f 484/493/493 664/646/646 488/659/659
f 330/331/331 818/685/685 817/660/660
f 376/329/329 817/660/660 820/661/661
f 375/328/328 376/329/329 773/662/662
f 774/663/663 378/327/327 377/326/326
f 378/327/327 371/321/321 356/320/320
f 372/325/325 371/321/321 378/327/327
f 373/323/323 372/325/325 777/664/664
f 779/614/614 777/664/664 645/665/665
f 780/666/666 645/665/665 777/664/664
f 781/668/668 648/669/669 647/618/618
f 648/669/669 781/668/668 788/670/670
f 378/327/327 774/663/663 776/667/667
f 774/663/663 773/662/662 775/672/672
f 775/672/672 783/675/675 782/673/673
f 828/674/674 783/675/675 775/672/672
f 783/675/675 842/678/678 843/676/676
f 828/674/674 841/680/680 842/678/678
f 844/679/679 843/676/676 842/678/678
f 844/679/679 841/680/680 825/681/681
f 841/680/680 828/674/674 824/683/683
f 773/662/662 820/661/661 824/683/683
f 821/684/684 820/661/661 817/660/660
f 821/684/684 822/686/686 824/683/683
f 822/686/686 826/690/690 825/681/681
f 825/681/681 826/690/690 836/687/687
f 836/687/687 838/909/909 839/688/688
f 827/689/689 838/909/909 836/687/687
f 840/691/691 838/909/909 827/689/689
f 823/693/693 834/696/696 835/692/692
f 827/689/689 826/690/690 822/686/686
f 823/693/693 822/686/686 819/694/694
f 819/694/694 822/686/686 821/684/684
f 335/335/335 819/694/694 818/685/685
f 337/343/343 770/695/695 819/694/694
f 834/696/696 823/693/693 770/695/695
f 769/698/698 771/700/700 772/697/697
f 337/343/343 336/342/342 769/698/698
f 336/342/342 328/341/341 767/699/699
f 771/700/700 832/703/703 833/701/701
f 771/700/700 768/704/704 830/702/702
f 771/700/700 769/698/698 767/699/699
f 768/704/704 767/699/699 765/705/705
f 327/344/344 765/705/705 767/699/699
f 768/704/704 766/706/706 829/707/707
f 830/702/702 829/707/707 763/708/708
f 829/707/707 766/706/706 764/710/710
f 762/711/711 763/708/708 764/710/710
f 350/291/291 756/712/712 764/710/710
f 766/706/706 765/705/705 349/347/347
f 327/344/344 338/345/345 349/347/347
f 348/290/290 757/715/715 756/712/712
f 756/712/712 757/715/715 760/713/713
f 761/714/714 760/713/713 757/715/715
f 347/287/287 758/716/716 757/715/715
f 759/717/717 758/716/716 347/287/287
f 197/94/94 185/96/96 742/718/718
f 744/720/720 742/718/718 185/96/96
f 745/721/721 743/719/719 742/718/718
f 744/720/720 184/98/98 739/722/722
f 745/721/721 744/720/720 738/723/723
f 738/723/723 737/727/727 740/725/725
f 731/726/726 732/735/735 737/727/727
f 181/146/146 731/726/726 738/723/723
f 739/722/722 184/98/98 183/100/100
f 731/726/726 181/146/146 180/145/145
f 51/144/144 722/729/729 729/728/728
f 722/729/729 51/144/144 53/143/143
f 54/730/730 721/731/731 722/729/729
f 55/141/141 56/140/140 721/731/731
f 56/140/140 57/138/138 720/732/732
f 728/733/733 721/731/731 720/732/732
f 721/731/731 728/733/733 729/728/728
f 732/735/735 731/726/726 729/728/728
f 730/736/736 729/728/728 728/733/733
f 733/738/738 730/736/736 725/737/737
f 727/740/740 735/841/841 734/741/741
f 724/742/742 727/740/740 726/739/739
f 723/743/743 726/739/739 725/737/737
f 718/734/734 719/744/744 725/737/737
f 57/138/138 58/139/139 718/734/734
f 712/745/745 719/744/744 718/734/734
f 59/133/133 130/135/135 712/745/745
f 713/746/746 712/745/745 130/135/135
f 723/743/743 719/744/744 712/745/745
f 724/742/742 723/743/743 714/747/747
f 716/748/748 746/842/842 727/740/740
f 747/749/749 746/842/842 716/748/748
f 715/751/751 717/750/750 716/748/748
f 713/746/746 715/751/751 714/747/747
f 715/751/751 713/746/746 752/752/752
f 717/750/750 715/751/751 753/753/753
f 717/750/750 754/754/754 755/755/755
f 713/746/746 132/137/137 750/756/756
f 748/757/757 749/759/759 750/756/756
f 131/136/136 133/166/166 748/757/757
f 133/166/166 134/178/178 164/758/758
f 749/759/759 748/757/757 164/758/758
f 630/607/607 597/608/608 695/761/761
f 597/608/608 693/796/796 694/763/763
f 694/763/763 693/796/796 697/764/764
f 697/764/764 699/767/767 700/766/766
f 699/767/767 701/769/769 702/768/768
f 701/769/769 564/771/771 705/770/770
f 564/771/771 791/773/773 792/772/772
f 791/773/773 793/789/789 794/774/774
f 794/774/774 793/789/789 802/775/775
f 802/775/775 862/779/779 864/777/777
f 863/778/778 865/782/782 864/777/777
f 864/777/777 865/782/782 868/780/780
f 869/781/781 868/780/780 865/782/782
f 866/784/784 863/778/778 862/779/779
f 860/786/786 867/1188/1188 866/784/784
f 856/785/785 855/807/807 857/787/787
f 802/775/775 801/805/805 856/785/785
f 800/788/788 801/805/805 802/775/775
f 795/790/790 799/804/804 800/788/788
f 795/790/790 793/789/789 791/773/773
f 564/771/771 563/792/792 790/791/791
f 563/792/792 564/771/771 701/769/769
f 703/793/793 701/769/769 699/767/767
f 699/767/767 697/764/764 691/795/795
f 691/795/795 697/764/764 693/796/796
f 596/605/605 690/797/797 693/796/796
f 596/605/605 595/603/603 689/798/798
f 689/798/798 595/603/603 591/604/604
f 584/573/573 689/798/798 586/601/601
f 690/797/797 689/798/798 584/573/573
f 585/572/572 692/794/794 691/795/795
f 585/572/572 704/800/800 703/793/793
f 554/799/799 704/800/800 585/572/572
f 554/799/799 555/570/570 557/569/569
f 563/792/792 703/793/793 704/800/800
f 563/792/792 557/569/569 706/801/801
f 795/790/790 790/791/791 796/802/802
f 797/803/803 798/806/806 799/804/804
f 801/805/805 800/788/788 799/804/804
f 801/805/805 798/806/806 855/807/807
f 796/802/802 790/791/791 706/801/801
f 707/808/808 706/801/801 557/569/569
f 685/809/809 708/810/810 707/808/808
f 708/810/810 711/811/811 796/802/802
f 797/803/803 796/802/802 711/811/811
f 806/812/812 857/787/787 855/807/807
f 857/787/787 853/817/817 858/813/813
f 861/814/814 860/786/786 858/813/813
f 854/816/816 859/815/815 858/813/813
f 851/818/818 854/816/816 853/817/817
f 845/819/819 846/822/822 849/820/820
f 850/821/821 849/820/820 846/822/822
f 815/824/824 847/823/823 846/822/822
f 811/825/825 846/822/822 845/819/819
f 845/819/819 853/817/817 852/827/827
f 806/812/812 852/827/827 853/817/817
f 807/828/828 808/826/826 852/827/827
f 804/829/829 807/828/828 806/812/812
f 709/830/830 804/829/829 798/806/806
f 708/810/810 685/809/809 709/830/830
f 805/831/831 808/826/826 807/828/828
f 710/832/832 805/831/831 804/829/829
f 688/833/833 710/832/832 709/830/830
f 684/834/834 686/851/851 685/809/809
f 559/566/566 683/835/835 684/834/834
f 560/563/563 561/837/837 683/835/835
f 679/836/836 684/834/834 683/835/835
f 561/837/837 665/658/658 670/657/657
f 665/658/658 561/837/837 492/500/500
f 680/838/838 679/836/836 670/657/657
f 812/839/839 680/838/838 675/656/656
f 727/740/740 746/842/842 873/840/840
f 746/842/842 747/749/749 871/843/843
f 816/844/844 814/847/847 813/845/845
f 815/824/824 814/847/847 816/844/844
f 811/825/825 810/848/848 814/847/847
f 808/826/826 805/831/831 810/848/848
f 710/832/832 809/849/849 810/848/848
f 809/849/849 710/832/832 688/833/833
f 686/851/851 687/850/850 688/833/833
f 686/851/851 684/834/834 679/836/836
f 680/838/838 682/853/853 681/852/852
f 682/853/853 680/838/838 812/839/839
f 682/853/853 813/845/845 809/849/849
f 687/850/850 686/851/851 681/852/852
f 809/849/849 813/845/845 814/847/847
f 872/854/854 871/843/843 747/749/749
f 878/855/855 872/854/854 755/755/755
f 879/856/856 878/855/855 754/754/754
f 753/753/753 749/759/759 880/857/857
f 749/759/759 753/753/753 752/752/752
f 751/760/760 881/858/858 880/857/857
f 881/858/858 751/760/760 883/859/859
f 164/758/758 882/862/862 883/859/859
f 164/758/758 240/350/350 907/861/861
f 165/179/179 166/349/349 240/350/350
f 909/863/863 908/865/865 907/861/861
f 241/351/351 910/1593/1593 909/863/863
f 911/864/864 910/1593/1593 241/351/351
f 883/859/859 882/862/862 907/861/861
f 906/866/866 905/867/867 884/860/860
f 905/867/867 904/872/872 903/868/868
f 903/868/868 885/869/869 881/858/858
f 880/857/857 881/858/858 885/869/869
f 878/855/855 879/856/856 885/869/869
f 903/868/868 899/877/877 886/870/870
f 902/871/871 899/877/877 903/868/868
f 896/873/873 894/874/874 902/871/871
f 894/874/874 896/873/873 897/875/875
f 899/877/877 902/871/871 901/878/878
f 886/870/870 899/877/877 900/879/879
f 878/855/855 886/870/870 887/880/880
f 877/881/881 872/854/854 887/880/880
f 877/881/881 876/883/883 871/843/843
f 876/883/883 874/885/885 873/840/840
f 873/840/840 874/885/885 875/884/884
f 874/885/885 889/887/887 1140/886/886
f 876/883/883 877/881/881 889/887/887
f 889/887/887 877/881/881 890/888/888
f 888/882/882 891/890/890 890/888/888
f 891/890/890 888/882/882 892/891/891
f 898/893/893 892/891/891 888/882/882
f 898/893/893 887/880/880 900/879/879
f 893/892/892 1126/2043/2043 1127/894/894
f 890/888/888 891/890/890 1127/894/894
f 889/887/887 1136/889/889 1137/895/895
f 1137/895/895 1136/889/889 1127/894/894
f 1127/894/894 1126/2043/2043 1128/898/898
f 1131/899/899 1130/903/903 1129/897/897
f 1135/900/900 1138/896/896 1137/895/895
f 1139/901/901 1138/896/896 1135/900/900
f 1130/903/903 1132/902/902 1135/900/900
f 1134/904/904 1133/1381/1381 1132/902/902
f 1088/905/905 840/691/691 835/692/692
f 1089/906/906 1088/905/905 834/696/696
f 1088/905/905 1089/906/906 1092/907/907
f 840/691/691 1092/907/907 1091/908/908
f 839/688/688 838/909/909 1091/908/908
f 1110/910/910 1114/2496/2496 1113/911/911
f 1113/911/911 1112/912/912 837/682/682
f 844/679/679 837/682/682 1112/912/912
f 1115/913/913 1114/2496/2496 1110/910/910
f 1109/915/915 1111/914/914 1110/910/910
f 1091/908/908 1092/907/907 1108/916/916
f 1090/917/917 1108/916/916 1092/907/907
f 1103/918/918 1109/915/915 1108/916/916
f 1103/918/918 1116/919/919 1111/914/914
f 1116/919/919 1118/1542/1542 1117/920/920
f 1116/919/919 1103/918/918 1120/921/921
f 1102/923/923 1105/925/925 1120/921/921
f 1090/917/917 1101/927/927 1102/923/923
f 1102/923/923 1101/927/927 1104/924/924
f 1096/926/926 1104/924/924 1101/927/927
f 1087/929/929 1095/928/928 1101/927/927
f 1087/929/929 1090/917/917 1089/906/906
f 833/701/701 1086/931/931 1087/929/929
f 833/701/701 832/703/703 1085/930/930
f 832/703/703 830/702/702 1083/932/932
f 830/702/702 831/709/709 918/933/933
f 1084/934/934 1083/932/932 918/933/933
f 1084/934/934 1094/937/937 1093/936/936
f 1093/936/936 1086/931/931 1085/930/930
f 1086/931/931 1093/936/936 1095/928/928
f 1094/937/937 1096/926/926 1095/928/928
f 1073/938/938 1094/937/937 1084/934/934
f 1097/939/939 1096/926/926 1094/937/937
f 1097/939/939 1098/941/941 1100/940/940
f 1100/940/940 1105/925/925 1104/924/924
f 1098/941/941 1097/939/939 1073/938/938
f 919/935/935 920/943/943 1072/942/942
f 920/943/943 919/935/935 918/933/933
f 763/708/708 916/944/944 918/933/933
f 915/945/945 917/1014/1014 916/944/944
f 762/711/711 914/947/947 915/945/945
f 762/711/711 760/713/713 913/946/946
f 760/713/713 761/714/714 912/948/948
f 1027/949/949 912/948/948 761/714/714
f 1019/950/950 1026/975/975 1027/949/949
f 759/717/717 1018/952/952 1019/950/950
f 1014/951/951 1020/958/958 1018/952/952
f 293/286/286 1012/954/954 1014/951/951
f 1013/953/953 1016/957/957 1014/951/951
f 291/256/256 1013/953/953 1012/954/954
f 290/255/255 1015/956/956 1013/953/953
f 1017/955/955 1016/957/957 1013/953/953
f 1016/957/957 1017/955/955 1020/958/958
f 1021/959/959 1020/958/958 1017/955/955
f 1021/959/959 1015/956/956 1023/960/960
f 1024/962/962 1023/960/960 1015/956/956
f 289/253/253 1022/963/963 1015/956/956
f 1024/962/962 1038/965/965 1037/964/964
f 1038/965/965 1059/2731/2731 1058/966/966
f 1037/964/964 1036/968/968 1025/961/961
f 1037/964/964 1058/966/966 1057/967/967
f 1058/966/966 1059/2731/2731 1061/969/969
f 1036/968/968 1057/967/967 1060/970/970
f 1060/970/970 1057/967/967 1061/969/969
f 1041/971/971 1060/970/970 1062/972/972
f 1041/971/971 1039/981/981 1034/974/974
f 1025/961/961 1036/968/968 1034/974/974
f 1019/950/950 1021/959/959 1025/961/961
f 1019/950/950 1018/952/952 1020/958/958
f 1026/975/975 1034/974/974 1033/976/976
f 1034/974/974 1039/981/981 1035/977/977
f 1028/978/978 1033/976/976 1035/977/977
f 1033/976/976 1028/978/978 912/948/948
f 1041/971/971 1053/973/973 1052/980/980
f 1052/980/980 1051/984/984 1042/982/982
f 1052/980/980 1053/973/973 1054/983/983
f 1042/982/982 1040/985/985 1035/977/977
f 1032/979/979 1035/977/977 1040/985/985
f 1040/985/985 1042/982/982 1050/987/987
f 1050/987/987 1042/982/982 1051/984/984
f 1051/984/984 1054/983/983 1055/989/989
f 1032/979/979 1030/986/986 1029/990/990
f 932/991/991 912/948/948 1028/978/978
f 932/991/991 929/992/992 913/946/946
f 929/992/992 927/993/993 914/947/947
f 927/993/993 917/1014/1014 915/945/945
f 1106/994/994 1121/922/922 1120/921/921
f 1121/922/922 1106/994/994 1123/995/995
f 1107/997/997 1124/1352/1352 1123/995/995
f 1081/998/998 1107/997/997 1106/994/994
f 1106/994/994 1105/925/925 1100/940/940
f 1077/1000/1000 1081/998/998 1099/999/999
f 1077/1000/1000 1076/1003/1003 1080/1002/1002
f 1075/1001/1001 1071/1004/1004 1076/1003/1003
f 1071/1004/1004 1075/1001/1001 1074/1005/1005
f 938/1006/1006 1074/1005/1005 1072/942/942
f 1074/1005/1005 1075/1001/1001 1098/941/941
f 1098/941/941 1075/1001/1001 1099/999/999
f 1076/1003/1003 1049/1009/1009 1078/1007/1007
f 1079/1008/1008 1078/1007/1007 1049/1009/1009
f 1045/1011/1011 1046/1016/1016 1048/1010/1010
f 1049/1009/1009 1076/1003/1003 1071/1004/1004
f 922/1012/1012 1045/1011/1011 1071/1004/1004
f 920/943/943 921/1013/1013 922/1012/1012
f 921/1013/1013 920/943/943 916/944/944
f 1070/1015/1015 1048/1010/1010 1046/1016/1016
f 1047/1017/1017 1065/1020/1020 1066/1018/1018
f 1067/1019/1019 1066/1018/1018 1065/1020/1020
f 1068/1022/1022 1067/1019/1019 1064/1021/1021
f 1063/1023/1023 3398/1876/1876 1930/1024/1024
f 936/1025/1025 1056/1038/1038 1063/1023/1023
f 936/1025/1025 935/1026/1026 931/1027/1027
f 930/1029/1029 933/1030/1030 934/1028/1028
f 929/992/992 932/991/991 933/1030/1030
f 937/1031/1031 1046/1016/1016 1045/1011/1011
f 922/1012/1012 921/1013/1013 923/1032/1032
f 924/1033/1033 923/1032/1032 921/1013/1013
f 917/1014/1014 927/993/993 928/1034/1034
f 927/993/993 929/992/992 930/1029/1029
f 928/1034/1034 930/1029/1029 931/1027/1027
f 925/1035/1035 924/1033/1033 931/1027/1027
f 935/1026/1026 1063/1023/1023 1064/1021/1021
f 925/1035/1035 1064/1021/1021 1065/1020/1020
f 924/1033/1033 925/1035/1035 926/1036/1036
f 926/1036/1036 1044/1037/1037 937/1031/1031
f 1065/1020/1020 1047/1017/1017 1044/1037/1037
f 1047/1017/1017 1046/1016/1016 937/1031/1031
f 936/1025/1025 1043/988/988 1055/989/989
f 1043/988/988 936/1025/1025 934/1028/1028
f 933/1030/1030 932/991/991 1031/1039/1039
f 1029/990/990 1030/986/986 1031/1039/1039
f 1031/1039/1039 1030/986/986 1050/987/987
f 381/233/233 380/232/232 382/1040/1040
f 940/1042/1042 961/1344/1344 962/1041/1041
f 382/1040/1040 383/234/234 939/1043/1043
f 2003/1044/1044 2001/1955/1955 258/210/210
f 2002/1046/1046 2003/1044/1044 1485/1045/1045
f 960/1048/1048 959/1077/1077 941/1049/1049
f 941/1049/1049 942/1954/1954 943/1051/1051
f 944/1050/1050 943/1051/1051 945/1052/1052
f 946/1053/1053 945/1052/1052 948/1054/1054
f 949/1056/1056 952/1058/1058 950/1055/1055
f 947/1057/1057 949/1056/1056 948/1054/1054
f 947/1057/1057 951/1060/1060 952/1058/1058
f 954/1059/1059 953/1072/1072 952/1058/1058
f 954/1059/1059 951/1060/1060 964/1061/1061
f 966/1063/1063 964/1061/1061 951/1060/1060
f 1010/1065/1065 966/1063/1063 963/1064/1064
f 1009/1067/1067 967/1068/1068 966/1063/1063
f 964/1061/1061 966/1063/1063 967/1068/1068
f 967/1068/1068 980/1101/1101 979/1069/1069
f 965/1062/1062 979/1069/1069 981/1070/1070
f 954/1059/1059 965/1062/1062 968/1071/1071
f 955/1073/1073 953/1072/1072 968/1071/1071
f 950/1055/1055 952/1058/1058 953/1072/1072
f 955/1073/1073 956/1081/1081 957/1075/1075
f 946/1053/1053 950/1055/1055 957/1075/1075
f 946/1053/1053 958/1076/1076 960/1048/1048
f 959/1077/1077 960/1048/1048 972/1078/1078
f 958/1076/1076 971/1080/1080 972/1078/1078
f 971/1080/1080 958/1076/1076 957/1075/1075
f 974/1082/1082 971/1080/1080 956/1081/1081
f 972/1078/1078 971/1080/1080 974/1082/1082
f 973/1079/1079 972/1078/1078 975/1084/1084
f 978/1086/1086 977/1088/1088 976/1085/1085
f 978/1086/1086 975/1084/1084 974/1082/1082
f 978/1086/1086 984/1093/1093 996/1087/1087
f 985/1089/1089 984/1093/1093 978/1086/1086
f 956/1081/1081 955/1073/1073 969/1074/1074
f 970/1083/1083 969/1074/1074 982/1090/1090
f 969/1074/1074 968/1071/1071 981/1070/1070
f 983/1091/1091 986/1097/1097 985/1089/1089
f 985/1089/1089 986/1097/1097 987/1092/1092
f 987/1092/1092 997/1095/1095 996/1087/1087
f 995/1094/1094 998/2337/2337 997/1095/1095
f 992/1096/1096 994/1107/1107 995/1094/1094
f 986/1097/1097 991/1099/1099 992/1096/1096
f 986/1097/1097 983/1091/1091 990/1098/1098
f 983/1091/1091 982/1090/1090 989/1100/1100
f 981/1070/1070 988/1104/1104 989/1100/1100
f 980/1101/1101 988/1104/1104 981/1070/1070
f 1007/1102/1102 980/1101/1101 967/1068/1068
f 1007/1102/1102 1006/2369/2369 988/1104/1104
f 988/1104/1104 1006/2369/2369 1005/1105/1105
f 1005/1105/1105 1004/2360/2360 990/1098/1098
f 990/1098/1098 1004/2360/2360 1001/1106/1106
f 991/1099/1099 993/1109/1109 994/1107/1107
f 991/1099/1099 1001/1106/1106 1002/1108/1108
f 993/1109/1109 1002/1108/1108 1003/1110/1110
f 1000/1111/1111 999/1112/1112 994/1107/1107
f 999/1112/1112 998/2337/2337 995/1094/1094
f 794/774/774 803/776/776 1194/1113/1113
f 705/770/770 792/772/772 1194/1113/1113
f 705/770/770 1196/1114/1114 1205/1115/1115
f 702/768/768 1205/1115/1115 1206/1116/1116
f 700/766/766 1206/1116/1116 1207/1117/1117
f 694/763/763 698/765/765 1207/1117/1117
f 1208/1118/1118 1210/1133/1133 1209/1119/1119
f 1209/1119/1119 696/762/762 695/761/761
f 627/596/596 628/610/610 630/607/607
f 626/594/594 624/590/590 627/596/596
f 616/1121/1121 612/534/534 606/584/584
f 622/593/593 616/1121/1121 605/587/587
f 619/1122/1122 616/1121/1121 622/593/593
f 623/592/592 625/1126/1126 1239/1123/1123
f 626/594/594 1214/1120/1120 1213/1125/1125
f 696/762/762 1213/1125/1125 1214/1120/1120
f 1209/1119/1119 1211/1130/1130 1213/1125/1125
f 625/1126/1126 1213/1125/1125 1238/1127/1127
f 1240/1128/1128 1239/1123/1123 1238/1127/1127
f 1211/1130/1130 1236/1129/1129 1238/1127/1127
f 1237/1131/1131 1236/1129/1129 1211/1130/1130
f 1212/1132/1132 1211/1130/1130 1209/1119/1119
f 1212/1132/1132 1210/1133/1133 1233/1134/1134
f 1210/1133/1133 1208/1118/1118 1232/1135/1135
f 1232/1135/1135 1208/1118/1118 1207/1117/1117
f 1234/1136/1136 1232/1135/1135 1206/1116/1116
f 1232/1135/1135 1234/1136/1136 1235/1137/1137
f 1204/1138/1138 1235/1137/1137 1234/1136/1136
f 1197/1140/1140 1203/1139/1139 1205/1115/1115
f 1202/1141/1141 1204/1138/1138 1203/1139/1139
f 1197/1140/1140 1195/1143/1143 1200/1142/1142
f 1195/1143/1143 1197/1140/1140 1196/1114/1114
f 1198/1144/1144 1201/1289/1289 1200/1142/1142
f 1223/1145/1145 1201/1289/1289 1198/1144/1144
f 1192/1147/1147 1199/1146/1146 1198/1144/1144
f 1192/1147/1147 1195/1143/1143 1193/1148/1148
f 803/776/776 868/780/780 1189/1149/1149
f 1193/1148/1148 1195/1143/1143 1194/1113/1113
f 1189/1149/1149 1188/1151/1151 1190/1150/1150
f 868/780/780 869/781/781 1188/1151/1151
f 1186/1152/1152 1190/1150/1150 1188/1151/1151
f 1190/1150/1150 1186/1152/1152 1191/1153/1153
f 1191/1153/1153 1222/1154/1154 1199/1146/1146
f 1222/1154/1154 1230/1156/1156 1223/1145/1145
f 1226/1155/1155 1231/1286/1286 1230/1156/1156
f 1224/1157/1157 1227/1159/1159 1226/1155/1155
f 1224/1157/1157 1228/1161/1161 1229/1158/1158
f 1224/1157/1157 1221/1162/1162 1225/1160/1160
f 1221/1162/1162 1224/1157/1157 1222/1154/1154
f 1221/1162/1162 1191/1153/1153 1186/1152/1152
f 1225/1160/1160 1221/1162/1162 1187/1163/1163
f 1216/1164/1164 1187/1163/1163 1185/1165/1165
f 1185/1165/1165 1187/1163/1163 1186/1152/1152
f 1156/1167/1167 1184/1166/1166 1185/1165/1165
f 1184/1166/1166 1182/1170/1170 1215/1168/1168
f 1183/1169/1169 1217/1171/1171 1215/1168/1168
f 1217/1171/1171 1183/1169/1169 1219/1172/1172
f 849/820/820 1141/1181/1181 1142/1174/1174
f 1170/1175/1175 1146/1180/1180 1171/1176/1176
f 1172/1177/1177 1174/1514/1514 1173/1178/1178
f 1171/1176/1176 1178/1275/1275 1179/1179/1179
f 1146/1180/1180 1143/1182/1182 1142/1174/1174
f 1143/1182/1182 1146/1180/1180 1145/1183/1183
f 1170/1175/1175 1169/1185/1185 1145/1183/1183
f 1169/1185/1185 1170/1175/1175 1173/1178/1178
f 859/815/815 854/816/816 1143/1182/1182
f 851/818/818 1142/1174/1174 1143/1182/1182
f 861/814/814 859/815/815 1144/1184/1184
f 1145/1183/1183 1148/1196/1196 1147/1187/1187
f 861/814/814 1147/1187/1187 867/1188/1188
f 866/784/784 867/1188/1188 1151/1189/1189
f 863/778/778 866/784/784 1152/1190/1190
f 1153/1191/1191 870/783/783 865/782/782
f 870/783/783 1155/1193/1193 1156/1167/1167
f 870/783/783 1153/1191/1191 1154/1192/1192
f 1154/1192/1192 1153/1191/1191 1152/1190/1190
f 1150/1194/1194 1157/1207/1207 1154/1192/1192
f 867/1188/1188 1149/1195/1195 1150/1194/1194
f 1149/1195/1195 867/1188/1188 1147/1187/1187
f 1164/1197/1197 1160/1200/1200 1149/1195/1195
f 1148/1196/1196 1166/1199/1199 1165/1198/1198
f 1145/1183/1183 1169/1185/1185 1166/1199/1199
f 1160/1200/1200 1157/1207/1207 1150/1194/1194
f 1164/1197/1197 1163/1202/1202 1162/1201/1201
f 1163/1202/1202 1164/1197/1197 1165/1198/1198
f 1163/1202/1202 1167/1203/1203 1168/1204/1204
f 1161/1206/1206 1162/1201/1201 1163/1202/1202
f 1160/1200/1200 1162/1201/1201 1161/1206/1206
f 1161/1206/1206 1159/1205/1205 1158/1208/1208
f 1154/1192/1192 1157/1207/1207 1158/1208/1208
f 1156/1167/1167 1155/1193/1193 1158/1208/1208
f 1156/1167/1167 1159/1205/1205 1182/1170/1170
f 1180/1209/1209 1183/1169/1169 1182/1170/1170
f 1183/1169/1169 1180/1209/1209 1218/1210/1210
f 1168/1204/1204 1181/1508/1508 1180/1209/1209
f 1372/1211/1211 1368/1215/1215 787/1212/1212
f 1372/1211/1211 1375/1217/1217 1373/1214/1214
f 1374/1216/1216 1373/1214/1214 1375/1217/1217
f 1375/1217/1217 1372/1211/1211 1376/1219/1219
f 1369/1220/1220 1368/1215/1215 1373/1214/1214
f 1367/1221/1221 1368/1215/1215 1369/1220/1220
f 787/1212/1212 1368/1215/1215 1367/1221/1221
f 1367/1221/1221 789/671/671 788/670/670
f 789/671/671 1367/1221/1221 1370/1222/1222
f 1370/1222/1222 1378/1226/1226 1379/1225/1225
f 1370/1222/1222 1369/1220/1220 1374/1216/1216
f 789/671/671 1371/1224/1224 1380/1227/1227
f 649/619/619 648/669/669 1380/1227/1227
f 1383/1229/1229 1382/1230/1230 649/619/619
f 650/627/627 649/619/619 1382/1230/1230
f 1382/1230/1230 659/635/635 638/632/632
f 1243/1231/1231 816/844/844 812/839/839
f 1244/1232/1232 1243/1231/1231 678/655/655
f 1244/1232/1232 676/1233/1233 1328/1234/1234
f 1331/1236/1236 1332/1239/1239 1333/1237/1237
f 1351/1238/1238 1333/1237/1237 1332/1239/1239
f 1246/1241/1241 1244/1232/1232 1329/1235/1235
f 1244/1232/1232 1246/1241/1241 1245/1242/1242
f 816/844/844 1243/1231/1231 1245/1242/1242
f 1248/1243/1243 1247/1253/1253 848/846/846
f 1335/1244/1244 1247/1253/1253 1248/1243/1243
f 1246/1241/1241 1249/1245/1245 1248/1243/1243
f 1246/1241/1241 1333/1237/1237 1336/1246/1246
f 1351/1238/1238 1337/1248/1248 1336/1246/1246
f 1334/1247/1247 1249/1245/1245 1336/1246/1246
f 1339/1249/1249 1338/1251/1251 1334/1247/1247
f 1350/1250/1250 1347/1661/1661 1338/1251/1251
f 1334/1247/1247 1338/1251/1251 1340/1252/1252
f 1338/1251/1251 1347/1661/1661 1346/1254/1254
f 1346/1254/1254 1347/1661/1661 1349/1255/1255
f 1349/1255/1255 1348/1660/1660 1341/1257/1257
f 1340/1252/1252 1346/1254/1254 1345/1256/1256
f 1250/1258/1258 1247/1253/1253 1340/1252/1252
f 847/823/823 815/824/824 848/846/846
f 850/821/821 847/823/823 1247/1253/1253
f 1253/1259/1259 850/821/821 1250/1258/1258
f 1250/1258/1258 1341/1257/1257 1342/1261/1261
f 1344/1262/1262 1343/1264/1264 1251/1260/1260
f 1354/1263/1263 1353/1266/1266 1343/1264/1264
f 1354/1263/1263 1355/1672/1672 1356/1265/1265
f 1356/1265/1265 1355/1672/1672 1357/1267/1267
f 1358/1268/1268 1357/1267/1267 1359/1269/1269
f 1361/1271/1271 1360/1270/1270 1359/1269/1269
f 1251/1260/1260 1343/1264/1264 1254/1273/1273
f 1171/1176/1176 1177/1274/1274 1254/1273/1273
f 1177/1274/1274 1176/1276/1276 1253/1259/1259
f 1171/1176/1176 1252/1277/1277 1176/1276/1276
f 1141/1181/1181 1252/1277/1277 1171/1176/1176
f 849/820/820 1176/1276/1276 1252/1277/1277
f 850/821/821 1253/1259/1259 1176/1276/1276
f 1322/1278/1278 1321/1280/1280 1226/1155/1155
f 1322/1278/1278 1326/1282/1282 1323/1279/1279
f 1325/1281/1281 1323/1279/1279 1326/1282/1282
f 1324/1284/1284 1321/1280/1280 1323/1279/1279
f 1226/1155/1155 1321/1280/1280 1320/1285/1285
f 1320/1285/1285 1319/1292/1292 1318/1287/1287
f 1318/1287/1287 1312/1288/1288 1230/1156/1156
f 1223/1145/1145 1230/1156/1156 1312/1288/1288
f 1312/1288/1288 1202/1141/1141 1200/1142/1142
f 1311/1290/1290 1202/1141/1141 1312/1288/1288
f 1313/1291/1291 1312/1288/1288 1318/1287/1287
f 1311/1290/1290 1313/1291/1291 1314/1293/1293
f 1311/1290/1290 1310/1294/1294 1204/1138/1138
f 1204/1138/1138 1310/1294/1294 1309/1295/1295
f 1309/1295/1295 1310/1294/1294 1314/1293/1293
f 1308/1298/1298 1309/1295/1295 1315/1297/1297
f 1306/1296/1296 1309/1295/1295 1308/1298/1298
f 1308/1298/1298 1307/1302/1302 1305/1301/1301
f 1307/1302/1302 1308/1298/1298 1316/1299/1299
f 1303/1304/1304 1235/1137/1137 1304/1300/1300
f 1204/1138/1138 1306/1296/1296 1304/1300/1300
f 1302/1305/1305 1303/1304/1304 1305/1301/1301
f 1235/1137/1137 1303/1304/1304 1302/1305/1305
f 1302/1305/1305 1301/1306/1306 1237/1131/1131
f 1301/1306/1306 1300/1308/1308 1236/1129/1129
f 1299/1307/1307 1240/1128/1128 1236/1129/1129
f 1298/1309/1309 1241/1124/1124 1239/1123/1123
f 1296/1310/1310 1295/1314/1314 621/532/532
f 621/532/532 1268/1315/1315 1269/1311/1311
f 1269/1311/1311 1268/1315/1315 1270/1312/1312
f 1295/1314/1314 1294/1316/1316 1268/1315/1315
f 1294/1316/1316 1293/1317/1317 1270/1312/1312
f 1293/1317/1317 1292/1322/1322 1273/1318/1318
f 1270/1312/1312 1273/1318/1318 1272/1319/1319
f 1272/1319/1319 1273/1318/1318 1274/1320/1320
f 1292/1322/1322 1276/1324/1324 1274/1320/1320
f 1292/1322/1322 1291/2472/2472 1279/1323/1323
f 1275/1321/1321 1274/1320/1320 1276/1324/1324
f 1279/1323/1323 1278/1327/1327 1277/1325/1325
f 1281/1326/1326 1280/1331/1331 1278/1327/1327
f 1279/1323/1323 1291/2472/2472 1289/1328/1328
f 1281/1326/1326 1289/1328/1328 1290/1329/1329
f 1280/1331/1331 1281/1326/1326 1282/1332/1332
f 1282/1332/1332 1284/1337/1337 1285/1334/1334
f 1282/1332/1332 1281/1326/1326 1286/1330/1330
f 1282/1332/1332 1287/1335/1335 1288/1336/1336
f 273/241/241 1258/1341/1341 1259/1338/1338
f 285/251/251 280/248/248 1259/1338/1338
f 288/252/252 285/251/251 1260/1339/1339
f 1258/1341/1341 273/241/241 265/229/229
f 1261/1342/1342 1258/1341/1341 266/230/230
f 1258/1341/1341 1261/1342/1342 1260/1339/1339
f 1260/1339/1339 1261/1342/1342 1262/1343/1343
f 1262/1343/1343 1261/1342/1342 381/233/233
f 1263/1340/1340 1262/1343/1343 962/1041/1041
f 961/1344/1344 1267/3205/3205 1266/1345/1345
f 258/210/210 2001/1955/1955 260/221/221
f 1264/1346/1346 1263/1340/1340 1266/1345/1345
f 289/253/253 288/252/252 1263/1340/1340
f 1022/963/963 289/253/253 1264/1346/1346
f 1022/963/963 1265/1347/1347 1038/965/965
f 1257/1348/1348 1080/1002/1002 1078/1007/1007
f 1080/1002/1002 1257/1348/1348 1082/1350/1350
f 1257/1348/1348 1255/1353/1353 1125/1351/1351
f 1081/998/998 1082/1350/1350 1125/1351/1351
f 1124/1352/1352 1107/997/997 1125/1351/1351
f 256/209/209 1482/1354/1354 1485/1045/1045
f 197/94/94 743/719/719 1482/1354/1354
f 1468/1355/1355 1483/1358/1358 1482/1354/1354
f 1482/1354/1354 1483/1358/1358 1484/1356/1356
f 1470/1357/1357 1484/1356/1356 1483/1358/1358
f 1471/1359/1359 1470/1357/1357 1468/1355/1355
f 1467/1361/1361 1469/1366/1366 1471/1359/1359
f 745/721/721 741/724/724 1481/1362/1362
f 1468/1355/1355 743/719/719 1481/1362/1362
f 1468/1355/1355 1475/1363/1363 1474/1364/1364
f 1463/1365/1365 1466/1367/1367 1467/1361/1361
f 1469/1366/1366 1467/1361/1361 1466/1367/1367
f 1469/1366/1366 1456/1368/1368 1470/1357/1357
f 1456/1368/1368 1466/1367/1367 1465/1369/1369
f 1457/1370/1370 1465/1369/1369 1462/1371/1371
f 1455/1372/1372 1446/1374/1374 1456/1368/1368
f 1453/1373/1373 1458/1894/1894 1456/1368/1368
f 1453/1373/1373 1446/1374/1374 1450/1375/1375
f 1447/1377/1377 1449/1454/1454 1448/1378/1378
f 1447/1377/1377 1446/1374/1374 1444/1379/1379
f 1445/1380/1380 1444/1379/1379 1132/902/902
f 1139/901/901 1132/902/902 1444/1379/1379
f 1139/901/901 1454/1382/1382 1459/1383/1383
f 1138/896/896 1459/1383/1383 1460/1384/1384
f 1140/886/886 889/887/887 1460/1384/1384
f 1459/1383/1383 1462/1371/1371 1461/1385/1385
f 1462/1371/1371 1459/1383/1383 1454/1382/1382
f 1446/1374/1374 1455/1372/1372 1454/1382/1382
f 1462/1371/1371 1465/1369/1369 1464/1386/1386
f 1464/1386/1386 1465/1369/1369 1466/1367/1367
f 1464/1386/1386 1463/1365/1365 1140/886/886
f 1140/886/886 1463/1365/1365 1473/1387/1387
f 1474/1364/1364 1473/1387/1387 1463/1365/1365
f 1473/1387/1387 1474/1364/1364 1479/1388/1388
f 735/841/841 875/884/884 1479/1388/1388
f 1478/1389/1389 734/741/741 1479/1388/1388
f 1480/1390/1390 1475/1363/1363 1481/1362/1362
f 1480/1390/1390 1479/1388/1388 1474/1364/1364
f 740/725/725 1478/1389/1389 1481/1362/1362
f 1478/1389/1389 1476/1393/1393 1477/1391/1391
f 726/739/739 734/741/741 1477/1391/1391
f 1477/1391/1391 1476/1393/1393 736/1392/1392
f 737/727/727 732/735/735 736/1392/1392
f 740/725/725 737/727/727 1476/1393/1393
f 730/736/736 733/738/738 736/1392/1392
f 1421/1394/1394 1372/1211/1211 1365/1213/1213
f 1372/1211/1211 1421/1394/1394 1420/1396/1396
f 1422/1397/1397 1417/1398/1398 1420/1396/1396
f 1420/1396/1396 1417/1398/1398 1377/1218/1218
f 1417/1398/1398 1415/1403/1403 1386/1399/1399
f 1377/1218/1218 1386/1399/1399 1384/1400/1400
f 1378/1226/1226 1374/1216/1216 1384/1400/1400
f 1384/1400/1400 1386/1399/1399 1387/1402/1402
f 1387/1402/1402 1386/1399/1399 1415/1403/1403
f 1419/1405/1405 1418/1551/1551 1416/1404/1404
f 1391/1406/1406 1388/1407/1407 1385/1401/1401
f 1378/1226/1226 1385/1401/1401 1388/1407/1407
f 1389/1408/1408 1380/1227/1227 1371/1224/1224
f 1390/1409/1409 1389/1408/1408 1379/1225/1225
f 1388/1407/1407 1391/1406/1406 1392/1410/1410
f 1390/1409/1409 1394/1412/1412 1393/1411/1411
f 1380/1227/1227 1389/1408/1408 1393/1411/1411
f 1383/1229/1229 1381/1228/1228 1393/1411/1411
f 1383/1229/1229 1394/1412/1412 1395/1413/1413
f 1392/1410/1410 1395/1413/1413 1394/1412/1412
f 1408/1415/1415 1405/1416/1416 1395/1413/1413
f 1405/1416/1416 1403/1418/1418 1396/1414/1414
f 1396/1414/1414 659/635/635 1382/1230/1230
f 659/635/635 1396/1414/1414 1397/1417/1417
f 1397/1417/1417 1396/1414/1414 1403/1418/1418
f 1402/1420/1420 1399/1419/1419 1403/1418/1418
f 1405/1416/1416 1408/1415/1415 1407/1421/1421
f 1402/1420/1420 1407/1421/1421 1406/1422/1422
f 1409/1424/1424 1410/1425/1425 1406/1422/1422
f 1401/1423/1423 1406/1422/1422 1410/1425/1425
f 1398/1427/1427 1401/1423/1423 1404/1426/1426
f 1399/1419/1419 1402/1420/1420 1401/1423/1423
f 1399/1419/1419 1398/1427/1427 657/638/638
f 657/638/638 1398/1427/1427 1400/1428/1428
f 1404/1426/1426 1437/1430/1430 1435/1429/1429
f 1410/1425/1425 1438/1560/1560 1437/1430/1430
f 1441/1431/1431 1440/1433/1433 1435/1429/1429
f 1443/1432/1432 1442/1567/1567 1440/1433/1433
f 1436/1434/1434 1435/1429/1429 1440/1433/1433
f 1400/1428/1428 1435/1429/1429 1436/1434/1434
f 658/640/640 1400/1428/1428 1411/1436/1436
f 1431/1438/1438 1423/1439/1439 658/640/640
f 1423/1439/1439 660/641/641 655/639/639
f 660/641/641 1423/1439/1439 1425/1440/1440
f 663/645/645 1425/1440/1440 1424/1441/1441
f 668/650/650 666/647/647 1424/1441/1441
f 1426/1443/1443 1429/1446/1446 1428/1442/1442
f 1425/1440/1440 1427/1444/1444 1426/1443/1443
f 1423/1439/1439 1431/1438/1438 1427/1444/1444
f 1431/1438/1438 1412/1437/1437 1430/1445/1445
f 1427/1444/1444 1430/1445/1445 1429/1446/1446
f 1434/1447/1447 1428/1442/1442 1429/1446/1446
f 1429/1446/1446 1430/1445/1445 1432/1449/1449
f 1414/1450/1450 1432/1449/1449 1430/1445/1445
f 1412/1437/1437 1411/1436/1436 1413/1451/1451
f 1134/904/904 1557/1459/1459 1556/1452/1452
f 1133/1381/1381 1556/1452/1452 1558/1453/1453
f 1445/1380/1380 1558/1453/1453 1449/1454/1454
f 1448/1378/1378 1573/1462/1462 1450/1375/1375
f 1570/1455/1455 1573/1462/1462 1448/1378/1378
f 1449/1454/1454 1558/1453/1453 1572/1456/1456
f 1572/1456/1456 1558/1453/1453 1568/1457/1457
f 1559/1458/1458 1558/1453/1453 1556/1452/1452
f 1559/1458/1458 1560/1472/1472 1561/1460/1460
f 1561/1460/1460 1566/1467/1467 1568/1457/1457
f 1570/1455/1455 1568/1457/1457 1451/1461/1461
f 1451/1461/1461 1568/1457/1457 1569/1463/1463
f 1571/1464/1464 1569/1463/1463 1577/1465/1465
f 1569/1463/1463 1568/1457/1457 1566/1467/1467
f 1567/1468/1468 1575/1470/1470 1577/1465/1465
f 1567/1468/1468 1562/1471/1471 1574/1469/1469
f 1562/1471/1471 1567/1468/1468 1566/1467/1467
f 1560/1472/1472 1563/1473/1473 1562/1471/1471
f 1563/1473/1473 1565/1475/1475 1564/1474/1474
f 1564/1474/1474 1576/1916/1916 1574/1469/1469
f 1565/1475/1475 1579/1477/1477 1580/1476/1476
f 1579/1477/1477 1565/1475/1475 1581/1478/1478
f 1585/1480/1480 1584/1482/1482 1564/1474/1474
f 1579/1477/1477 1582/1479/1479 1583/1481/1481
f 1583/1481/1481 1586/1483/1483 1585/1480/1480
f 1584/1482/1482 1585/1480/1480 1586/1483/1483
f 1240/1128/1128 1299/1307/1307 1536/1485/1485
f 1589/1486/1486 1588/1891/1891 1538/1487/1487
f 1537/1488/1488 1299/1307/1307 1590/1489/1489
f 1300/1308/1308 1591/1490/1490 1590/1489/1489
f 1301/1306/1306 1305/1301/1301 1591/1490/1490
f 1600/1491/1491 1599/2124/2124 1321/1280/1280
f 1326/1282/1282 1534/1501/1501 1535/1492/1492
f 1598/1493/1493 1327/1283/1283 1535/1492/1492
f 1535/1492/1492 1593/1497/1497 1596/1495/1495
f 1595/1496/1496 1596/1495/1495 1593/1497/1497
f 1594/1498/1498 1593/1497/1497 1592/1499/1499
f 1534/1501/1501 1592/1499/1499 1593/1497/1497
f 1228/1161/1161 1225/1160/1160 1531/1502/1502
f 1530/1504/1504 1531/1502/1502 1225/1160/1160
f 1529/1505/1505 1225/1160/1160 1216/1164/1164
f 1219/1172/1172 1527/1507/1507 1528/1506/1506
f 1218/1210/1210 1526/1510/1510 1527/1507/1507
f 1181/1508/1508 1526/1510/1510 1218/1210/1210
f 1167/1203/1203 1526/1510/1510 1181/1508/1508
f 1524/1509/1509 1525/2325/2325 1526/1510/1510
f 1167/1203/1203 1165/1198/1198 1523/1511/1511
f 1522/1512/1512 1525/2325/2325 1524/1509/1509
f 1166/1199/1199 1169/1185/1185 1523/1511/1511
f 1175/1186/1186 1522/1512/1512 1523/1511/1511
f 1521/1513/1513 1175/1186/1186 1173/1178/1178
f 1174/1514/1514 1172/1177/1177 1179/1179/1179
f 1519/1515/1515 1179/1179/1179 1178/1275/1275
f 1635/1517/1517 1634/1518/1518 1066/1018/1018
f 1634/1518/1518 1633/2722/2722 1631/1519/1519
f 1631/1519/1519 1633/2722/2722 1632/1520/1520
f 1631/1519/1519 1624/1521/1521 1614/1522/1522
f 1632/1520/1520 1629/1527/1527 1625/1523/1523
f 1625/1523/1523 1629/1527/1527 1628/1524/1524
f 1630/1526/1526 1627/1528/1528 1628/1524/1524
f 1623/1525/1525 1628/1524/1524 1627/1528/1528
f 1626/1530/1530 1621/1532/1532 1622/1529/1529
f 1619/1531/1531 1622/1529/1529 1621/1532/1532
f 1623/1525/1525 1622/1529/1529 1619/1531/1531
f 1616/1534/1534 1624/1521/1521 1625/1523/1523
f 1624/1521/1521 1616/1534/1534 1613/1535/1535
f 1614/1522/1522 1613/1535/1535 1070/1015/1015
f 1070/1015/1015 1613/1535/1535 1612/1536/1536
f 1613/1535/1535 1616/1534/1534 1615/1537/1537
f 1607/1538/1538 1612/1536/1536 1615/1537/1537
f 1612/1536/1536 1607/1538/1538 1079/1008/1008
f 1619/1531/1531 1617/1539/1539 1615/1537/1537
f 1256/1349/1349 1078/1007/1007 1606/1540/1540
f 1079/1008/1008 1607/1538/1538 1606/1540/1540
f 1256/1349/1349 1604/3315/3315 1255/1353/1353
f 1118/1542/1542 1116/919/919 1121/922/922
f 1391/1406/1406 1387/1402/1402 1416/1404/1404
f 1391/1406/1406 1488/1547/1547 1494/1544/1544
f 1408/1415/1415 1392/1410/1410 1494/1544/1544
f 1493/1546/1546 1495/1545/1545 1494/1544/1544
f 1488/1547/1547 1489/1549/1549 1492/1548/1548
f 1489/1549/1549 1488/1547/1547 1391/1406/1406
f 1487/1550/1550 1490/1553/1553 1489/1549/1549
f 1418/1551/1551 1487/1550/1550 1486/1543/1543
f 1487/1550/1550 1507/1555/1555 1506/1552/1552
f 1505/1554/1554 1500/1556/1556 1506/1552/1552
f 1490/1553/1553 1506/1552/1552 1500/1556/1556
f 1499/1557/1557 1496/1561/1561 1491/1558/1558
f 1490/1553/1553 1491/1558/1558 1492/1548/1548
f 1498/1559/1559 1493/1546/1546 1492/1548/1548
f 1498/1559/1559 1409/1424/1424 1495/1545/1545
f 1495/1545/1545 1409/1424/1424 1407/1421/1421
f 1409/1424/1424 1498/1559/1559 1438/1560/1560
f 1438/1560/1560 1498/1559/1559 1491/1558/1558
f 1438/1560/1560 1496/1561/1561 1497/1562/1562
f 1497/1562/1562 1443/1432/1432 1441/1431/1431
f 1443/1432/1432 1497/1562/1562 1496/1561/1561
f 1443/1432/1432 1499/1557/1557 1500/1556/1556
f 1505/1554/1554 1504/1565/1565 1501/1563/1563
f 1503/1564/1564 1502/1566/1566 1501/1563/1563
f 1443/1432/1432 1501/1563/1563 1502/1566/1566
f 1439/1435/1435 1440/1433/1433 1442/1567/1567
f 1439/1435/1435 1508/1568/1568 1509/1569/1569
f 1413/1451/1451 1411/1436/1436 1436/1434/1434
f 1413/1451/1451 1509/1569/1569 1510/1570/1570
f 1511/1571/1571 1510/1570/1570 1509/1569/1569
f 1511/1571/1571 1513/1573/1573 1512/1572/1572
f 1414/1450/1450 1510/1570/1570 1512/1572/1572
f 1433/1448/1448 1432/1449/1449 1512/1572/1572
f 1433/1448/1448 1513/1573/1573 1514/1574/1574
f 672/1575/1575 668/650/650 1428/1442/1442
f 672/1575/1575 677/653/653 674/654/654
f 677/653/653 672/1575/1575 1434/1447/1447
f 1515/1576/1576 1328/1234/1234 676/1233/1233
f 1515/1576/1576 677/653/653 1514/1574/1574
f 1330/1577/1577 1514/1574/1574 1513/1573/1573
f 1516/1579/1579 1330/1577/1577 1517/1578/1578
f 1516/1579/1579 1328/1234/1234 1515/1576/1576
f 1516/1579/1579 1331/1236/1236 1329/1235/1235
f 1518/1580/1580 1332/1239/1239 1331/1236/1236
f 1335/1244/1244 1249/1245/1245 1334/1247/1247
f 1254/1273/1273 1343/1264/1264 1353/1266/1266
f 906/866/866 883/859/859 1543/1581/1581
f 1272/1319/1319 1542/1835/1835 1540/1583/1583
f 1552/1584/1584 1554/1843/1843 1553/1585/1585
f 1550/1586/1586 1549/1588/1588 1551/1587/1587
f 1551/1587/1587 1549/1588/1588 1283/1333/1333
f 1280/1331/1331 1283/1333/1333 1549/1588/1588
f 1549/1588/1588 1545/1591/1591 1277/1325/1325
f 1547/1589/1589 1545/1591/1591 1549/1588/1588
f 1547/1589/1589 1546/1837/1837 1548/1590/1590
f 1545/1591/1591 1548/1590/1590 1275/1321/1321
f 1548/1590/1590 1542/1835/1835 1272/1319/1319
f 244/363/363 245/364/364 1269/1311/1311
f 244/363/363 1271/1313/1313 1540/1583/1583
f 243/360/360 1540/1583/1583 911/864/864
f 911/864/864 1540/1583/1583 1541/1592/1592
f 909/863/863 910/1593/1593 1541/1592/1592
f 908/865/865 1544/1839/1839 1543/1581/1581
f 1419/1405/1405 1678/1595/1595 1677/1594/1594
f 1677/1594/1594 1507/1555/1555 1487/1550/1550
f 1507/1555/1555 1677/1594/1594 1678/1595/1595
f 1507/1555/1555 1676/1596/1596 1675/1597/1597
f 1675/1597/1597 1674/1600/1600 1504/1565/1565
f 1504/1565/1565 1674/1600/1600 1636/1598/1598
f 1664/1599/1599 1636/1598/1598 1674/1600/1600
f 1665/1601/1601 1667/1604/1604 1666/1602/1602
f 1671/1603/1603 1670/1607/1607 1666/1602/1602
f 1671/1603/1603 1667/1604/1604 1672/1605/1605
f 1670/1607/1607 1669/1632/1632 1668/1608/1608
f 1664/1599/1599 1666/1602/1602 1668/1608/1608
f 1636/1598/1598 1664/1599/1599 1652/1609/1609
f 1503/1564/1564 1636/1598/1598 1637/1610/1610
f 1502/1566/1566 1637/1610/1610 1638/1611/1611
f 1442/1567/1567 1638/1611/1611 1639/1612/1612
f 1639/1612/1612 1641/1622/1622 1640/1613/1613
f 1511/1571/1571 1508/1568/1568 1640/1613/1613
f 1513/1573/1573 1511/1571/1571 1642/1614/1614
f 1517/1578/1578 1513/1573/1573 1643/1615/1615
f 1518/1580/1580 1517/1578/1578 1644/1616/1616
f 1332/1239/1239 1518/1580/1580 1645/1617/1617
f 1337/1248/1248 1351/1238/1238 1352/1240/1240
f 1645/1617/1617 1648/1621/1621 1649/1619/1619
f 1645/1617/1617 1644/1616/1616 1646/1620/1620
f 1641/1622/1622 1646/1620/1620 1644/1616/1616
f 1641/1622/1622 1643/1615/1615 1642/1614/1614
f 1647/1623/1623 1646/1620/1620 1641/1622/1622
f 1647/1623/1623 1639/1612/1612 1653/1624/1624
f 1637/1610/1610 1652/1609/1609 1639/1612/1612
f 1652/1609/1609 1655/1626/1626 1653/1624/1624
f 1654/1625/1625 1653/1624/1624 1655/1626/1626
f 1655/1626/1626 1652/1609/1609 1656/1628/1628
f 1650/1629/1629 1647/1623/1623 1654/1625/1625
f 1658/1630/1630 1654/1625/1625 1657/1627/1627
f 1656/1628/1628 1652/1609/1609 1668/1608/1608
f 1669/1632/1632 1661/1633/1633 1657/1627/1627
f 1661/1633/1633 1660/1635/1635 1659/1631/1631
f 1651/1634/1634 1650/1629/1629 1658/1630/1630
f 1647/1623/1623 1650/1629/1629 1648/1621/1621
f 1648/1621/1621 1650/1629/1629 1651/1634/1634
f 1651/1634/1634 1659/1631/1631 1660/1635/1635
f 1663/1637/1637 1662/1636/1636 1660/1635/1635
f 1649/1619/1619 1691/1640/1640 1689/1618/1618
f 1339/1249/1249 1337/1248/1248 1689/1618/1618
f 1689/1618/1618 1691/1640/1640 1694/1639/1639
f 1691/1640/1640 1697/3238/3238 1698/1641/1641
f 2936/1642/1642 1364/2191/2191 3234/1643/1643
f 1719/1645/1645 1720/1814/1814 1721/1646/1646
f 1721/1646/1646 1724/1819/1819 1722/1648/1648
f 1715/1649/1649 1713/1647/1647 1722/1648/1648
f 1714/1651/1651 1713/1647/1647 1715/1649/1649
f 1702/1653/1653 1713/1647/1647 1714/1651/1651
f 1712/1655/1655 1719/1645/1645 1713/1647/1647
f 1698/1641/1641 1719/1645/1645 1712/1655/1655
f 1694/1639/1639 1698/1641/1641 1696/1656/1656
f 1690/1638/1638 1694/1639/1639 1693/1657/1657
f 1690/1638/1638 1680/1658/1658 1350/1250/1250
f 1349/1255/1255 1347/1661/1661 1679/1659/1659
f 1350/1250/1250 1680/1658/1658 1679/1659/1659
f 1679/1659/1659 1680/1658/1658 1681/1662/1662
f 1680/1658/1658 1693/1657/1657 1692/1663/1663
f 1696/1656/1656 1695/1664/1664 1692/1663/1663
f 1712/1655/1655 1702/1653/1653 1695/1664/1664
f 1711/1654/1654 1703/1676/1676 1701/1665/1665
f 1710/1666/1666 1711/1654/1654 1714/1651/1651
f 1695/1664/1664 1702/1653/1653 1701/1665/1665
f 1682/1668/1668 1681/1662/1662 1692/1663/1663
f 1348/1660/1660 1681/1662/1662 1682/1668/1668
f 1341/1257/1257 1348/1660/1660 1683/1669/1669
f 1686/1670/1670 1684/1671/1671 1683/1669/1669
f 1344/1262/1262 1342/1261/1261 1683/1669/1669
f 1344/1262/1262 1684/1671/1671 1355/1672/1672
f 1355/1672/1672 1684/1671/1671 1685/1673/1673
f 1685/1673/1673 1684/1671/1671 1686/1670/1670
f 1700/1667/1667 1688/1675/1675 1687/1674/1674
f 1682/1668/1668 1695/1664/1664 1700/1667/1667
f 1688/1675/1675 1700/1667/1667 1701/1665/1665
f 1688/1675/1675 1703/1676/1676 1704/1677/1677
f 1685/1673/1673 1687/1674/1674 1688/1675/1675
f 1357/1267/1267 1685/1673/1673 1362/1272/1272
f 1361/1271/1271 1362/1272/1272 1704/1677/1677
f 1703/1676/1676 1711/1654/1654 1710/1666/1666
f 1710/1666/1666 1709/1680/1680 1707/1679/1679
f 1709/1680/1680 1710/1666/1666 1716/1652/1652
f 1718/1682/1682 1717/1681/1681 1716/1652/1652
f 1706/1678/1678 1704/1677/1677 1707/1679/1679
f 1361/1271/1271 1706/1678/1678 1705/1684/1684
f 1360/1270/1270 1705/1684/1684 1727/1685/1685
f 1727/1685/1685 1729/1687/1687 1728/1686/1686
f 1729/1687/1687 1731/2174/2174 1730/1688/1688
f 1728/1686/1686 1725/1690/1690 1356/1265/1265
f 1726/1689/1689 1725/1690/1690 1728/1686/1686
f 1178/1275/1275 1725/1690/1690 1726/1689/1689
f 1725/1690/1690 1178/1275/1275 1353/1266/1266
f 1661/1633/1633 1669/1632/1632 1816/1691/1691
f 1663/1637/1637 1816/1691/1691 1817/1692/1692
f 1817/1692/1692 1816/1691/1691 1815/1694/1694
f 1670/1607/1607 1815/1694/1694 1816/1691/1691
f 1671/1603/1603 1673/1606/1606 1815/1694/1694
f 1673/1606/1606 1672/1605/1605 1771/1696/1696
f 1771/1696/1696 1808/1700/1700 1809/1698/1698
f 1811/1699/1699 1809/1698/1698 1808/1700/1700
f 1807/1701/1701 1806/1768/1768 1810/1702/1702
f 1741/1703/1703 1422/1397/1397 1421/1394/1394
f 1804/1704/1704 1813/1707/1707 1812/1705/1705
f 1813/1707/1707 1804/1704/1704 1780/1708/1708
f 1667/1604/1604 1768/1711/1711 1770/1710/1710
f 1665/1601/1601 1674/1600/1600 1768/1711/1711
f 1674/1600/1600 1675/1597/1597 1767/1712/1712
f 1767/1712/1712 1769/1713/1713 1770/1710/1710
f 1769/1713/1713 1767/1712/1712 1766/1714/1714
f 1675/1597/1597 1676/1596/1596 1766/1714/1714
f 1676/1596/1596 1764/1716/1716 1765/1715/1715
f 1678/1595/1595 1759/1770/1770 1764/1716/1716
f 1795/1717/1717 1788/1722/1722 1784/1718/1718
f 1795/1717/1717 1783/1719/1719 1797/1720/1720
f 1788/1722/1722 1787/1725/1725 1785/1723/1723
f 1794/1724/1724 1790/1728/1728 1787/1725/1725
f 1786/1726/1726 1785/1723/1723 1787/1725/1725
f 1789/1727/1727 1787/1725/1725 1790/1728/1728
f 1782/1730/1730 1785/1723/1723 1786/1726/1726
f 1745/1732/1732 1610/3352/3352 1782/1730/1730
f 1733/1733/1733 1739/1737/1737 1740/1734/1734
f 1366/1395/1395 1732/1735/1735 1740/1734/1734
f 1733/1733/1733 1735/1738/1738 1738/1736/1736
f 1735/1738/1738 1736/3358/3358 1737/1739/1739
f 1737/1739/1739 1736/3358/3358 1742/1740/1740
f 1742/1740/1740 1744/1743/1743 1746/1742/1742
f 1779/1731/1731 1746/1742/1742 1744/1743/1743
f 1789/1727/1727 1791/1729/1729 1792/1744/1744
f 1779/1731/1731 1786/1726/1726 1792/1744/1744
f 1781/1746/1746 1779/1731/1731 1793/1745/1745
f 1791/1729/1729 1780/1708/1708 1793/1745/1745
f 1775/1747/1747 1778/1749/1749 1780/1708/1708
f 1775/1747/1747 1804/1704/1704 1805/1706/1706
f 1781/1746/1746 1780/1708/1708 1778/1749/1749
f 1777/1750/1750 1746/1742/1742 1779/1731/1731
f 1746/1742/1742 1777/1750/1750 1748/1751/1751
f 1743/1741/1741 1748/1751/1751 1747/1752/1752
f 1737/1739/1739 1747/1752/1752 1749/1753/1753
f 1738/1736/1736 1749/1753/1753 1750/1754/1754
f 1739/1737/1737 1750/1754/1754 1754/1755/1755
f 1741/1703/1703 1740/1734/1734 1757/1756/1756
f 1417/1398/1398 1422/1397/1397 1757/1756/1756
f 1415/1403/1403 1757/1756/1756 1755/1757/1757
f 1757/1756/1756 1740/1734/1734 1754/1755/1755
f 1753/1759/1759 1756/1765/1765 1755/1757/1757
f 1750/1754/1754 1749/1753/1753 1753/1759/1759
f 1752/1760/1760 1756/1765/1765 1753/1759/1759
f 1749/1753/1753 1747/1752/1752 1751/1761/1761
f 1748/1751/1751 1776/1762/1762 1751/1761/1761
f 1748/1751/1751 1777/1750/1750 1778/1749/1749
f 1775/1747/1747 1761/1763/1763 1776/1762/1762
f 1751/1761/1761 1776/1762/1762 1761/1763/1763
f 1752/1760/1760 1761/1763/1763 1760/1764/1764
f 1761/1763/1763 1775/1747/1747 1774/1748/1748
f 1763/1766/1766 1765/1715/1715 1764/1716/1716
f 1763/1766/1766 1773/1771/1771 1769/1713/1713
f 1769/1713/1713 1773/1771/1771 1806/1768/1768
f 1769/1713/1713 1807/1701/1701 1808/1700/1700
f 1771/1696/1696 1672/1605/1605 1770/1710/1710
f 1758/1758/1758 1678/1595/1595 1419/1405/1405
f 1678/1595/1595 1758/1758/1758 1820/1769/1769
f 1820/1769/1769 1758/1758/1758 1755/1757/1757
f 1759/1770/1770 1820/1769/1769 1762/1767/1767
f 1760/1764/1764 1762/1767/1767 1820/1769/1769
f 1763/1766/1766 1762/1767/1767 1760/1764/1764
f 1773/1771/1771 1763/1766/1766 1774/1748/1748
f 1773/1771/1771 1805/1706/1706 1821/1772/1772
f 1812/1705/1705 1822/1773/1773 1821/1772/1772
f 1810/1702/1702 1806/1768/1768 1821/1772/1772
f 1835/1774/1774 1830/1787/1787 1810/1702/1702
f 1812/1705/1705 1836/1775/1775 1835/1774/1774
f 1813/1707/1707 1814/1709/1709 1836/1775/1775
f 1836/1775/1775 1814/1709/1709 1838/1776/1776
f 1814/1709/1709 1780/1708/1708 1837/1778/1778
f 1791/1729/1729 1842/1784/1784 1837/1778/1778
f 1845/1779/1779 1842/1784/1784 1791/1729/1729
f 1794/1724/1724 1803/1780/1780 1845/1779/1779
f 1794/1724/1724 1788/1722/1722 1795/1717/1717
f 1800/1721/1721 1801/1782/1782 1803/1780/1780
f 1846/1781/1781 1845/1779/1779 1803/1780/1780
f 1844/1783/1783 1842/1784/1784 1845/1779/1779
f 1842/1784/1784 1844/1783/1783 1843/1785/1785
f 1843/1785/1785 1841/1786/1786 1838/1776/1776
f 1841/1786/1786 1840/1788/1788 1839/1777/1777
f 1835/1774/1774 1836/1775/1775 1839/1777/1777
f 1830/1787/1787 1839/1777/1777 1840/1788/1788
f 1841/1786/1786 1843/1785/1785 1847/1790/1790
f 1802/1791/1791 1796/1792/1792 1840/1788/1788
f 1834/1789/1789 1840/1788/1788 1796/1792/1792
f 1853/1794/1794 1848/1793/1793 1796/1792/1792
f 1810/1702/1702 1830/1787/1787 1827/1796/1796
f 1834/1789/1789 1831/1798/1798 1829/1797/1797
f 1831/1798/1798 1834/1789/1789 1848/1793/1793
f 1849/1799/1799 1848/1793/1793 1853/1794/1794
f 1827/1796/1796 1830/1787/1787 1829/1797/1797
f 1809/1698/1698 1811/1699/1699 1827/1796/1796
f 1829/1797/1797 1831/1798/1798 1832/1802/1802
f 1831/1798/1798 1849/1799/1799 1833/1803/1803
f 1833/1803/1803 1849/1799/1799 1850/1804/1804
f 1854/1800/1800 1856/2002/2002 1855/1806/1806
f 1850/1804/1804 1849/1799/1799 1855/1806/1806
f 1851/1805/1805 1850/1804/1804 1857/1807/1807
f 1826/1809/1809 1828/1801/1801 1832/1802/1802
f 1828/1801/1801 1826/1809/1809 1825/1810/1810
f 1825/1810/1810 1823/1811/1811 1772/1697/1697
f 1823/1811/1811 1825/1810/1810 1826/1809/1809
f 1819/1695/1695 1815/1694/1694 1823/1811/1811
f 1823/1811/1811 1815/1694/1694 1673/1606/1606
f 1864/1813/1813 1862/1816/1816 1721/1646/1646
f 1867/1815/1815 1866/1817/1817 1862/1816/1816
f 1866/1817/1817 1865/1821/1821 1863/1818/1818
f 1724/1819/1819 1721/1646/1646 1862/1816/1816
f 1860/1820/1820 1724/1819/1819 1863/1818/1818
f 1869/1822/1822 1868/1824/1824 1860/1820/1820
f 1861/1823/1823 1860/1820/1820 1868/1824/1824
f 1859/1826/1826 1724/1819/1819 1860/1820/1820
f 1723/1650/1650 1722/1648/1648 1724/1819/1819
f 1718/1682/1682 1715/1649/1649 1723/1650/1650
f 1718/1682/1682 1859/1826/1826 1861/1823/1823
f 1718/1682/1682 1871/1827/1827 1872/1828/1828
f 1873/1829/1829 1709/1680/1680 1717/1681/1681
f 1705/1684/1684 1706/1678/1678 1708/1683/1683
f 1519/1515/1515 1520/1516/1516 1875/1831/1831
f 1876/1832/1832 1521/1513/1513 1174/1514/1514
f 1521/1513/1513 1877/2327/2327 1522/1512/1512
f 1878/1833/1833 1877/2327/2327 1521/1513/1513
f 1878/1833/1833 1876/1832/1832 1875/1831/1831
f 1541/1592/1592 1540/1583/1583 1542/1835/1835
f 1542/1835/1835 1548/1590/1590 1546/1837/1837
f 1880/1836/1836 1544/1839/1839 908/865/865
f 1880/1836/1836 1546/1837/1837 1881/1838/1838
f 1882/1840/1840 1881/1838/1838 1546/1837/1837
f 1550/1586/1586 1553/1585/1585 1882/1840/1840
f 1882/1840/1840 1553/1585/1585 1883/1841/1841
f 1544/1839/1839 1881/1838/1838 1883/1841/1841
f 1543/1581/1581 1883/1841/1841 1884/1842/1842
f 1884/1842/1842 1883/1841/1841 1553/1585/1585
f 1891/1844/1844 1890/1846/1846 1884/1842/1842
f 1891/1844/1844 1894/1853/1853 1893/1845/1845
f 1892/1847/1847 1891/1844/1844 1554/1843/1843
f 1551/1587/1587 1905/1849/1849 1892/1847/1847
f 1551/1587/1587 1907/2076/2076 1906/1848/1848
f 1906/1848/1848 1907/2076/2076 1908/1850/1850
f 1904/1851/1851 1903/1857/1857 1905/1849/1849
f 1905/1849/1849 1903/1857/1857 1898/1852/1852
f 1892/1847/1847 1898/1852/1852 1894/1853/1853
f 1894/1853/1853 1898/1852/1852 1896/1854/1854
f 1898/1852/1852 1903/1857/1857 1902/1855/1855
f 1901/1856/1856 1902/1855/1855 1903/1857/1857
f 1904/1851/1851 1908/1850/1850 1909/1858/1858
f 1910/1859/1859 1899/1860/1860 1901/1856/1856
f 1902/1855/1855 1901/1856/1856 1899/1860/1860
f 1895/1861/1861 1896/1854/1854 1899/1860/1860
f 1896/1854/1854 1895/1861/1861 1888/1863/1863
f 1889/1864/1864 1890/1846/1846 1893/1845/1845
f 1884/1842/1842 1890/1846/1846 1889/1864/1864
f 1889/1864/1864 1888/1863/1863 1887/1865/1865
f 1887/1865/1865 1885/1866/1866 906/866/866
f 905/867/867 906/866/866 1885/1866/1866
f 904/872/872 1885/1866/1866 1886/1867/1867
f 1885/1866/1866 1887/1865/1865 1888/1863/1863
f 1886/1867/1867 1888/1863/1863 1895/1861/1861
f 896/873/873 1886/1867/1867 1897/1868/1868
f 1933/1869/1869 1062/972/972 1061/969/969
f 1062/972/972 1933/1869/1869 1932/1871/1871
f 1932/1871/1871 1926/2727/2727 1054/983/983
f 1054/983/983 1926/2727/2727 1927/1872/1872
f 1056/1038/1038 1055/989/989 1927/1872/1872
f 1069/1874/1874 1056/1038/1038 1928/1873/1873
f 1063/1023/1023 1056/1038/1038 1069/1874/1874
f 1068/1022/1022 1930/1024/1024 1635/1517/1517
f 1931/1877/1877 1634/1518/1518 1635/1517/1517
f 1313/1291/1291 1319/1292/1292 1920/1878/1878
f 1920/1878/1878 1919/1883/1883 1315/1297/1297
f 1315/1297/1297 1919/1883/1883 1918/1879/1879
f 1316/1299/1299 1918/1879/1879 1917/1880/1880
f 1918/1879/1879 1919/1883/1883 1922/1881/1881
f 1320/1285/1285 1921/2125/2125 1920/1878/1878
f 1920/1878/1878 1921/2125/2125 1923/1882/1882
f 1922/1881/1881 1919/1883/1883 1923/1882/1882
f 1913/1885/1885 1917/1880/1880 1922/1881/1881
f 1317/1303/1303 1917/1880/1880 1913/1885/1885
f 1911/1887/1887 1307/1302/1302 1913/1885/1885
f 1922/1881/1881 1924/1884/1884 1925/1888/1888
f 1307/1302/1302 1911/1887/1887 1591/1490/1490
f 1591/1490/1490 1911/1887/1887 1912/1889/1889
f 1912/1889/1889 1911/1887/1887 1914/1886/1886
f 1925/1888/1888 1916/1892/1892 1915/1890/1890
f 1589/1486/1486 1590/1489/1489 1912/1889/1889
f 1912/1889/1889 1915/1890/1890 1916/1892/1892
f 1286/1330/1330 1290/1329/1329 1539/1893/1893
f 2004/1047/1047 1485/1045/1045 1484/1356/1356
f 1458/1894/1894 2006/1895/1895 1470/1357/1357
f 2006/1895/1895 1458/1894/1894 2007/1896/1896
f 2007/1896/1896 2012/1904/1904 2013/1898/1898
f 2013/1898/1898 2012/1904/1904 2014/1899/1899
f 2014/1899/1899 2026/1923/1923 2025/1901/1901
f 2027/1902/1902 2026/1923/1923 2014/1899/1899
f 2008/1903/1903 2014/1899/1899 2012/1904/1904
f 2010/1905/1905 2012/1904/1904 2007/1896/1896
f 2011/1906/1906 2007/1896/1896 1458/1894/1894
f 1453/1373/1373 2008/1903/1903 2010/1905/1905
f 1452/1376/1376 2009/1908/1908 2008/1903/1903
f 1452/1376/1376 2033/1909/1909 2032/1907/1907
f 1450/1375/1375 1573/1462/1462 2033/1909/1909
f 2034/1910/1910 2033/1909/1909 1573/1462/1462
f 1571/1464/1464 1578/1466/1466 2034/1910/1910
f 1578/1466/1466 2059/1912/1912 2036/1911/1911
f 1577/1465/1465 2060/1913/1913 2059/1912/1912
f 1575/1470/1470 2061/1914/1914 2060/1913/1913
f 1574/1469/1469 1576/1916/1916 2061/1914/1914
f 1564/1474/1474 1584/1482/1482 2062/1915/1915
f 2031/1917/1917 2032/1907/1907 2033/1909/1909
f 2034/1910/1910 2036/1911/1911 2035/1918/1918
f 2037/1919/1919 2030/1921/1921 2031/1917/1917
f 2028/1920/1920 2031/1917/1917 2030/1921/1921
f 2027/1902/1902 2028/1920/1920 2029/1922/1922
f 2028/1920/1920 2027/1902/1902 2008/1903/1903
f 2032/1907/1907 2031/1917/1917 2028/1920/1920
f 1470/1357/1357 2006/1895/1895 2005/1897/1897
f 2004/1047/1047 2005/1897/1897 2016/1924/1924
f 2013/1898/1898 2015/1900/1900 2016/1924/1924
f 2017/1925/1925 2002/1046/1046 2016/1924/1924
f 2025/1901/1901 2021/1926/1926 2017/1925/1925
f 2021/1926/1926 2025/1901/1901 2041/1927/1927
f 2026/1923/1923 2040/1929/1929 2041/1927/1927
f 2029/1922/1922 2038/1931/1931 2040/1929/1929
f 2039/1930/1930 2038/1931/1931 2029/1922/1922
f 2039/1930/1930 2042/1933/1933 2040/1929/1929
f 2023/1932/1932 2040/1929/1929 2042/1933/1933
f 2041/1927/1927 2040/1929/1929 2023/1932/1932
f 2020/1935/1935 2022/1928/1928 2023/1932/1932
f 947/1057/1057 945/1052/1052 2023/1932/1932
f 2044/1936/1936 2043/1937/1937 947/1057/1057
f 951/1060/1060 947/1057/1057 2043/1937/1937
f 963/1064/1064 951/1060/1060 2047/1938/1938
f 1011/1066/1066 963/1064/1064 2048/1939/1939
f 1011/1066/1066 2049/1940/1940 2057/1941/1941
f 2049/1940/1940 2053/1944/1944 2055/1943/1943
f 2053/1944/1944 2052/1949/1949 2054/1945/1945
f 2054/1945/1945 2052/1949/1949 2051/1946/1946
f 2045/1948/1948 2051/1946/1946 2052/1949/1949
f 2046/1950/1950 2052/1949/1949 2053/1944/1944
f 2050/1951/1951 2049/1940/1940 2048/1939/1939
f 2046/1950/1950 2049/1940/1940 2050/1951/1951
f 2044/1936/1936 2024/1934/1934 2045/1948/1948
f 2050/1951/1951 2047/1938/1938 2043/1937/1937
f 943/1051/1051 2019/1952/1952 2020/1935/1935
f 2019/1952/1952 2021/1926/1926 2022/1928/1928
f 2021/1926/1926 2019/1952/1952 2018/1953/1953
f 2002/1046/1046 2017/1925/1925 2018/1953/1953
f 2003/1044/1044 2002/1046/1046 942/1954/1954
f 942/1954/1954 2018/1953/1953 2019/1952/1952
f 260/221/221 2001/1955/1955 383/234/234
f 383/234/234 2001/1955/1955 942/1954/1954
f 939/1043/1043 942/1954/1954 941/1049/1049
f 959/1077/1077 961/1344/1344 940/1042/1042
f 973/1079/1079 1267/3205/3205 961/1344/1344
f 1705/1684/1684 1874/1830/1830 1992/1956/1956
f 1874/1830/1830 1708/1683/1683 1988/1957/1957
f 1708/1683/1683 1707/1679/1679 1986/1959/1959
f 1709/1680/1680 1985/1961/1961 1986/1959/1959
f 1990/1960/1960 1988/1957/1957 1986/1959/1959
f 1989/1958/1958 1988/1957/1957 1990/1960/1960
f 1993/1963/1963 1874/1830/1830 1989/1958/1958
f 1987/1964/1964 1991/1962/1962 1990/1960/1960
f 1873/1829/1829 1987/1964/1964 1985/1961/1961
f 1984/1965/1965 1994/1967/1967 1987/1964/1964
f 1987/1964/1964 1994/1967/1967 1995/1966/1966
f 1994/1967/1967 1996/1969/1969 1997/1968/1968
f 1984/1965/1965 1998/1971/1971 1996/1969/1969
f 1873/1829/1829 1872/1828/1828 1983/1970/1970
f 1983/1970/1970 1999/1972/1972 1998/1971/1971
f 1871/1827/1827 1982/1973/1973 1983/1970/1970
f 1999/1972/1972 1983/1970/1970 1982/1973/1973
f 1870/1825/1825 1982/1973/1973 1871/1827/1827
f 1970/1975/1975 1663/1637/1637 1818/1693/1693
f 1972/1977/1977 1971/1976/1976 1818/1693/1693
f 1818/1693/1693 1817/1692/1692 1965/1979/1979
f 1819/1695/1695 1961/1981/1981 1964/1980/1980
f 1824/1812/1812 1960/1983/1983 1961/1981/1981
f 1824/1812/1812 1826/1809/1809 1956/1982/1982
f 1833/1803/1803 1851/1805/1805 1956/1982/1982
f 1858/1808/1808 1957/1984/1984 1956/1982/1982
f 1957/1984/1984 1961/1981/1981 1960/1983/1983
f 1958/1985/1985 1962/1986/1986 1961/1981/1981
f 1962/1986/1986 1963/1987/1987 1964/1980/1980
f 1965/1979/1979 1817/1692/1692 1964/1980/1980
f 1965/1979/1979 1963/1987/1987 1966/1988/1988
f 1973/1989/1989 1972/1977/1977 1968/1978/1978
f 1973/1989/1989 1969/1996/1996 1974/1990/1990
f 1974/1990/1990 1969/1996/1996 1976/1991/1991
f 1967/1993/1993 1969/1996/1996 1973/1989/1989
f 1967/1993/1993 1966/1988/1988 1963/1987/1987
f 1959/1994/1994 1963/1987/1987 1962/1986/1986
f 1954/1995/1995 1969/1996/1996 1967/1993/1993
f 1969/1996/1996 1954/1995/1995 1975/1997/1997
f 1955/1998/1998 1978/2000/2000 1975/1997/1997
f 1952/1999/1999 1981/2001/2001 1978/2000/2000
f 1981/2001/2001 1952/1999/1999 1856/2002/2002
f 1855/1806/1806 1856/2002/2002 1952/1999/1999
f 1955/1998/1998 1954/1995/1995 1953/2004/2004
f 1954/1995/1995 1959/1994/1994 1958/1985/1985
f 1953/2004/2004 1958/1985/1985 1957/1984/1984
f 1953/2004/2004 1858/1808/1808 1857/1807/1807
f 1856/2002/2002 1854/1800/1800 1942/2005/2005
f 1854/1800/1800 1853/1794/1794 1941/2006/2006
f 1853/1794/1794 1852/1795/1795 1940/2007/2007
f 1852/1795/1795 1796/1792/1792 1802/1791/1791
f 1940/2007/2007 1852/1795/1795 1847/1790/1790
f 1847/1790/1790 1843/1785/1785 1844/1783/1783
f 1844/1783/1783 1846/1781/1781 1938/2009/2009
f 1801/1782/1782 1937/2011/2011 1938/2009/2009
f 1945/2010/2010 1944/2012/2012 1938/2009/2009
f 1944/2012/2012 1945/2010/2010 1949/2013/2013
f 1801/1782/1782 1800/1721/1721 1935/2015/2015
f 1937/2011/2011 1935/2015/2015 1947/2016/2016
f 1797/1720/1720 1936/2018/2018 1935/2015/2015
f 1936/2018/2018 1979/2020/2020 1947/2016/2016
f 1946/2019/2019 1980/2717/2717 1979/2020/2020
f 1798/2021/2021 1946/2019/2019 1936/2018/2018
f 1651/1634/1634 2063/2023/2023 1691/1640/1640
f 2259/2022/2022 2067/3239/3239 2063/2023/2023
f 1662/1636/1636 2064/2024/2024 2063/2023/2023
f 2885/2025/2025 2917/1644/1644 3234/1643/1643
f 2878/2027/2027 2884/2026/2026 3235/2028/2028
f 2224/2030/2030 2221/2034/2034 1581/1478/1478
f 1563/1473/1473 2222/2031/2031 2224/2030/2030
f 1560/1472/1472 2193/2039/2039 2222/2031/2031
f 2223/2032/2032 2225/2249/2249 2224/2030/2030
f 2224/2030/2030 2225/2249/2249 2226/2033/2033
f 2188/2035/2035 2162/2055/2055 2184/2036/2036
f 2194/2038/2038 2223/2032/2032 2222/2031/2031
f 901/878/878 902/871/871 894/874/874
f 898/893/893 901/878/878 2166/2040/2040
f 892/891/891 2166/2040/2040 2167/2041/2041
f 895/876/876 2167/2041/2041 2166/2040/2040
f 2168/2042/2042 2167/2041/2041 895/876/876
f 893/892/892 2167/2041/2041 2168/2042/2042
f 1131/899/899 2171/3396/3396 1134/904/904
f 1134/904/904 2171/3396/3396 2172/2044/2044
f 2172/2044/2044 2171/3396/3396 1131/899/899
f 1131/899/899 1128/898/898 2169/2046/2046
f 1128/898/898 1126/2043/2043 2165/2047/2047
f 2165/2047/2047 1126/2043/2043 2168/2042/2042
f 897/875/875 1897/1868/1868 2159/2048/2048
f 1897/1868/1868 1895/1861/1861 1900/1862/1862
f 2159/2048/2048 1900/1862/1862 2164/2049/2049
f 2164/2049/2049 2170/2045/2045 2169/2046/2046
f 2173/2050/2050 1557/1459/1459 2172/2044/2044
f 2173/2050/2050 2170/2045/2045 2164/2049/2049
f 2161/2052/2052 2163/2051/2051 2164/2049/2049
f 1900/1862/1862 2155/2054/2054 2160/2053/2053
f 1899/1860/1860 1910/1859/1859 2155/2054/2054
f 2160/2053/2053 2162/2055/2055 2163/2051/2051
f 2162/2055/2055 2189/2058/2058 2173/2050/2050
f 1557/1459/1459 2173/2050/2050 2190/2056/2056
f 1560/1472/1472 1559/1458/1458 2190/2056/2056
f 2192/2057/2057 2194/2038/2038 2193/2039/2039
f 2189/2058/2058 2192/2057/2057 2190/2056/2056
f 2189/2058/2058 2162/2055/2055 2188/2035/2035
f 2192/2057/2057 2188/2035/2035 2191/2059/2059
f 2157/2060/2060 2162/2055/2055 2160/2053/2053
f 2156/2061/2061 2158/2062/2062 2157/2060/2060
f 2184/2036/2036 2162/2055/2055 2157/2060/2060
f 2158/2062/2062 2149/2067/2067 2178/2063/2063
f 2185/2037/2037 2184/2036/2036 2178/2063/2063
f 2185/2037/2037 2183/2064/2064 2187/2065/2065
f 2158/2062/2062 2156/2061/2061 2150/2066/2066
f 2156/2061/2061 2155/2054/2054 2146/2068/2068
f 1910/1859/1859 1909/1858/1858 2146/2068/2068
f 1908/1850/1850 2145/2069/2069 2146/2068/2068
f 2145/2069/2069 2148/2070/2070 2150/2066/2066
f 2148/2070/2070 2147/2074/2074 2149/2067/2067
f 2183/2064/2064 2180/2086/2086 2186/2071/2071
f 2177/2072/2072 2180/2086/2086 2183/2064/2064
f 2174/2073/2073 2177/2072/2072 2178/2063/2063
f 2174/2073/2073 2149/2067/2067 2147/2074/2074
f 2145/2069/2069 2144/2075/2075 2147/2074/2074
f 1907/2076/2076 2144/2075/2075 2145/2069/2069
f 1907/2076/2076 2131/2080/2080 2140/2077/2077
f 1285/1334/1334 2131/2080/2080 1907/2076/2076
f 2132/2078/2078 2131/2080/2080 1285/1334/1334
f 2141/2079/2079 2140/2077/2077 2131/2080/2080
f 2141/2079/2079 2151/2104/2104 2152/2081/2081
f 2144/2075/2075 2140/2077/2077 2152/2081/2081
f 2153/2082/2082 2175/2083/2083 2174/2073/2073
f 2175/2083/2083 2179/2085/2085 2177/2072/2072
f 2181/2084/2084 2180/2086/2086 2177/2072/2072
f 2181/2084/2084 2195/2089/2089 2186/2071/2071
f 2196/2087/2087 2195/2089/2089 2181/2084/2084
f 2196/2087/2087 2202/2094/2094 2203/2088/2088
f 2203/2088/2088 2213/2092/2092 2214/2090/2090
f 2215/2091/2091 2214/2090/2090 2213/2092/2092
f 2202/2094/2094 2212/2093/2093 2213/2092/2092
f 2215/2091/2091 2212/2093/2093 2216/2095/2095
f 2218/2097/2097 2217/2096/2096 2216/2095/2095
f 2209/2099/2099 2219/2100/2100 2218/2097/2097
f 2219/2100/2100 2209/2099/2099 2206/2101/2101
f 2154/2103/2103 2153/2082/2082 2152/2081/2081
f 2176/2105/2105 2175/2083/2083 2153/2082/2082
f 2182/2106/2106 2179/2085/2085 2175/2083/2083
f 2197/2107/2107 2196/2087/2087 2179/2085/2085
f 2197/2107/2107 2201/2112/2112 2202/2094/2094
f 2202/2094/2094 2201/2112/2112 2210/2108/2108
f 2216/2095/2095 2212/2093/2093 2210/2108/2108
f 2211/2098/2098 2210/2108/2108 2208/2109/2109
f 2206/2101/2101 2209/2099/2099 2208/2109/2109
f 2200/2111/2111 2199/2113/2113 2205/2110/2110
f 2176/2105/2105 2199/2113/2113 2200/2111/2111
f 2182/2106/2106 2200/2111/2111 2201/2112/2112
f 2201/2112/2112 2200/2111/2111 2208/2109/2109
f 2154/2103/2103 2198/2114/2114 2199/2113/2113
f 2198/2114/2114 2204/2240/2240 2205/2110/2110
f 2217/2096/2096 2357/2231/2231 2354/2115/2115
f 2142/2116/2116 2141/2079/2079 2132/2078/2078
f 2136/2117/2117 2132/2078/2078 1284/1337/1337
f 1287/1335/1335 1539/1893/1893 2135/2118/2118
f 1539/1893/1893 2133/2120/2120 2134/2119/2119
f 2133/2120/2120 1539/1893/1893 1290/1329/1329
f 2137/2121/2121 2143/2411/2411 2142/2116/2116
f 2137/2121/2121 2136/2117/2117 1288/1336/1336
f 2134/2119/2119 2138/2540/2540 2137/2121/2121
f 2139/2122/2122 2138/2540/2540 2134/2119/2119
f 1916/1892/1892 2112/2138/2138 2114/2123/2123
f 1320/1285/1285 1321/1280/1280 1599/2124/2124
f 2119/2126/2126 1921/2125/2125 1599/2124/2124
f 1921/2125/2125 2119/2126/2126 2108/2127/2127
f 1924/1884/1884 1923/1882/1882 2108/2127/2127
f 1925/1888/1888 1924/1884/1884 2109/2128/2128
f 1925/1888/1888 2110/2129/2129 2111/2130/2130
f 2110/2129/2129 2117/2132/2132 2113/2131/2131
f 2109/2128/2128 2118/2133/2133 2117/2132/2132
f 2108/2127/2127 2119/2126/2126 2118/2133/2133
f 1325/1281/1281 1327/1283/1283 1598/1493/1493
f 2124/2134/2134 2122/2135/2135 1324/1284/1284
f 2122/2135/2135 2120/2136/2136 1600/1491/1491
f 2119/2126/2126 1600/1491/1491 2120/2136/2136
f 2118/2133/2133 2120/2136/2136 2121/2137/2137
f 2111/2130/2130 2113/2131/2131 2112/2138/2138
f 2115/2139/2139 2126/2142/2142 2125/2140/2140
f 2123/2141/2141 2127/2252/2252 2126/2142/2142
f 2128/2143/2143 2127/2252/2252 2123/2141/2141
f 2128/2143/2143 2122/2135/2135 2129/2144/2144
f 2129/2144/2144 2122/2135/2135 2124/2134/2134
f 2120/2136/2136 2122/2135/2135 2123/2141/2141
f 2116/2146/2146 2121/2137/2137 2123/2141/2141
f 2113/2131/2131 2116/2146/2146 2115/2139/2139
f 2116/2146/2146 2113/2131/2131 2117/2132/2132
f 1533/1500/1500 1592/1499/1499 1534/1501/1501
f 1322/1278/1278 2106/2147/2147 1534/1501/1501
f 2106/2147/2147 1322/1278/1278 1227/1159/1159
f 1533/1500/1500 2106/2147/2147 1229/1158/1158
f 1229/1158/1158 1228/1161/1161 1532/1503/1503
f 1531/1502/1502 1530/1504/1504 2103/2149/2149
f 2104/2150/2150 2103/2149/2149 2101/2151/2151
f 1530/1504/1504 1529/1505/1505 2097/2153/2153
f 2097/2153/2153 1529/1505/1505 1215/1168/1168
f 1220/1173/1173 2098/2154/2154 2097/2153/2153
f 2098/2154/2154 1220/1173/1173 2099/2155/2155
f 2098/2154/2154 2101/2151/2151 2103/2149/2149
f 2100/2156/2156 2102/2302/2302 2101/2151/2151
f 1875/1831/1831 2082/2159/2159 2087/2157/2157
f 2089/2158/2158 2088/2160/2160 2087/2157/2157
f 2088/2160/2160 2089/2158/2158 2090/2161/2161
f 2091/2162/2162 2090/2161/2161 2092/2163/2163
f 2095/2165/2165 2094/2164/2164 2092/2163/2163
f 2096/2167/2167 2095/2165/2165 2093/2166/2166
f 2093/2166/2166 2092/2163/2163 2090/2161/2161
f 2090/2161/2161 2089/2158/2158 2086/2169/2169
f 2081/2170/2170 2086/2169/2169 2089/2158/2158
f 1875/1831/1831 1520/1516/1516 2081/2170/2170
f 2083/2171/2171 2081/2170/2170 1520/1516/1516
f 2083/2171/2171 2084/2168/2168 2086/2169/2169
f 1726/1689/1689 1730/1688/1688 2077/2172/2172
f 2085/2173/2173 2084/2168/2168 2083/2171/2171
f 2085/2173/2173 2077/2172/2172 1730/1688/1688
f 1729/1687/1687 1727/1685/1685 1992/1956/1956
f 1731/2174/2174 1729/1687/1687 2073/2175/2175
f 2074/2176/2176 2073/2175/2175 2075/2177/2177
f 2075/2177/2177 2079/2181/2181 2080/2179/2179
f 2075/2177/2177 2072/2182/2182 2078/2180/2180
f 2072/2182/2182 2075/2177/2177 2073/2175/2175
f 1874/1830/1830 1993/1963/1963 2072/2182/2182
f 2078/2180/2180 2072/2182/2182 1993/1963/1963
f 1974/1990/1990 1977/1992/1992 2228/2183/2183
f 2229/2184/2184 2228/2183/2183 1977/1992/1992
f 2877/2186/2186 2876/2029/2029 3235/2028/2028
f 3237/2188/2188 3238/2862/2862 3240/2189/2189
f 3234/1643/1643 3236/2192/2192 3235/2028/2028
f 1866/1817/1817 2068/2194/2194 1869/1822/1822
f 1364/2191/2191 3237/2188/2188 3236/2192/2192
f 3237/2188/2188 3242/2190/2190 3241/2193/2193
f 3236/2192/2192 3237/2188/2188 3239/2187/2187
f 2068/2194/2194 2234/2222/2222 2235/2195/2195
f 1868/1824/1824 1869/1822/1822 2069/2196/2196
f 1868/1824/1824 2070/2197/2197 2071/2198/2198
f 1870/1825/1825 2071/2198/2198 2000/1974/1974
f 1998/1971/1971 1999/1972/1972 2241/2199/2199
f 2000/1974/1974 2240/2201/2201 2241/2199/2199
f 2242/2200/2200 2241/2199/2199 2240/2201/2201
f 2000/1974/1974 2071/2198/2198 2238/2203/2203
f 2244/2204/2204 2243/2202/2202 2240/2201/2201
f 2244/2204/2204 2249/2212/2212 2248/2205/2205
f 2248/2205/2205 2249/2212/2212 2255/2206/2206
f 2243/2202/2202 2248/2205/2205 2247/2207/2207
f 2070/2197/2197 2239/2209/2209 2238/2203/2203
f 2239/2209/2209 2245/2211/2211 2244/2204/2204
f 2250/2210/2210 2249/2212/2212 2244/2204/2204
f 2250/2210/2210 2251/2213/2213 2255/2206/2206
f 2245/2211/2211 2252/2215/2215 2251/2213/2213
f 2245/2211/2211 2254/2219/2219 2256/2214/2214
f 2256/2214/2214 2254/2219/2219 2266/2216/2216
f 2245/2211/2211 2239/2209/2209 2253/2218/2218
f 2237/2220/2220 2253/2218/2218 2239/2209/2209
f 2069/2196/2196 2236/2221/2221 2237/2220/2220
f 2069/2196/2196 1869/1822/1822 2235/2195/2195
f 2234/2222/2222 2258/2225/2225 2261/2223/2223
f 2260/2224/2224 2262/2227/2227 2261/2223/2223
f 2257/2226/2226 2261/2223/2223 2262/2227/2227
f 2261/2223/2223 2257/2226/2226 2236/2221/2221
f 2257/2226/2226 2253/2218/2218 2237/2220/2220
f 2253/2218/2218 2257/2226/2226 2263/2228/2228
f 2254/2219/2219 2263/2228/2228 2265/2229/2229
f 2263/2228/2228 2262/2227/2227 2264/2230/2230
f 2218/2097/2097 2219/2100/2100 2357/2231/2231
f 2219/2100/2100 2358/2233/2233 2359/2232/2232
f 2358/2233/2233 2365/2421/2421 2366/2234/2234
f 2220/2102/2102 2360/2235/2235 2358/2233/2233
f 2360/2235/2235 2220/2102/2102 2363/2236/2236
f 2220/2102/2102 2206/2101/2101 2362/2238/2238
f 2206/2101/2101 2205/2110/2110 2361/2239/2239
f 2204/2240/2240 2207/2404/2404 2361/2239/2239
f 2215/2091/2091 2354/2115/2115 2355/2241/2241
f 2352/2242/2242 2214/2090/2090 2355/2241/2241
f 2350/2244/2244 2214/2090/2090 2352/2242/2242
f 2350/2244/2244 2349/2246/2246 2195/2089/2089
f 2349/2246/2246 2348/2247/2247 2186/2071/2071
f 2348/2247/2247 2347/2248/2248 2187/2065/2065
f 2347/2248/2248 2191/2059/2059 2188/2035/2035
f 2347/2248/2248 2223/2032/2032 2194/2038/2038
f 2225/2249/2249 2223/2032/2032 2347/2248/2248
f 2226/2033/2033 2225/2249/2249 2348/2247/2247
f 2226/2033/2033 2349/2246/2246 2350/2244/2244
f 2353/2245/2245 2351/2250/2250 2221/2034/2034
f 1581/1478/1478 2221/2034/2034 2351/2250/2250
f 2130/2145/2145 2276/3300/3300 2275/2251/2251
f 2275/2251/2251 2274/2253/2253 2127/2252/2252
f 2126/2142/2142 2127/2252/2252 2274/2253/2253
f 2293/2254/2254 2276/3300/3300 2130/2145/2145
f 2129/2144/2144 2272/2256/2256 2273/2255/2255
f 2272/2256/2256 2129/2144/2144 2271/2257/2257
f 1597/1494/1494 2268/2259/2259 2270/2258/2258
f 2271/2257/2257 2129/2144/2144 1598/1493/1493
f 1596/1495/1495 2269/2260/2260 2268/2259/2259
f 2272/2256/2256 2270/2258/2258 2268/2259/2259
f 2273/2255/2255 2272/2256/2256 2290/2261/2261
f 2273/2255/2255 2291/2262/2262 2292/2263/2263
f 2293/2254/2254 2292/2263/2263 2295/2264/2264
f 2294/2266/2266 2297/2405/2405 2295/2264/2264
f 2298/2267/2267 2294/2266/2266 2292/2263/2263
f 2299/2268/2268 2298/2267/2267 2291/2262/2262
f 2299/2268/2268 2306/2272/2272 2307/2269/2269
f 2307/2269/2269 2306/2272/2272 2313/2270/2270
f 2306/2272/2272 2305/2274/2274 2312/2273/2273
f 2299/2268/2268 2300/2275/2275 2305/2274/2274
f 2300/2275/2275 2299/2268/2268 2290/2261/2261
f 2272/2256/2256 2269/2260/2260 2278/2276/2276
f 2279/2277/2277 2278/2276/2276 2269/2260/2260
f 2301/2278/2278 2300/2275/2275 2278/2276/2276
f 2300/2275/2275 2301/2278/2278 2304/2279/2279
f 2305/2274/2274 2304/2279/2279 2311/2280/2280
f 2303/2281/2281 2310/2294/2294 2311/2280/2280
f 2302/2282/2282 2303/2281/2281 2304/2279/2279
f 2280/2283/2283 2302/2282/2282 2301/2278/2278
f 2280/2283/2283 2279/2277/2277 1596/1495/1495
f 1533/1500/1500 2107/2148/2148 2282/2284/2284
f 1532/1503/1503 2283/2285/2285 2282/2284/2284
f 2283/2285/2285 1532/1503/1503 2285/2286/2286
f 1531/1502/1502 2104/2150/2150 2285/2286/2286
f 2286/2287/2287 2285/2286/2286 2104/2150/2150
f 2286/2287/2287 2105/2152/2152 2284/2288/2288
f 2282/2284/2284 2283/2285/2285 2284/2288/2288
f 2282/2284/2284 2281/2289/2289 1595/1496/1496
f 1595/1496/1496 2281/2289/2289 2289/2290/2290
f 2302/2282/2282 2280/2283/2283 2289/2290/2290
f 2281/2289/2289 2284/2288/2288 2287/2291/2291
f 2288/2292/2292 2287/2291/2291 2284/2288/2288
f 2303/2281/2281 2302/2282/2282 2287/2291/2291
f 2303/2281/2281 2288/2292/2292 2309/2293/2293
f 2309/2293/2293 2316/2297/2297 2317/2295/2295
f 2315/2296/2296 2318/2299/2299 2316/2297/2297
f 2320/2298/2298 2319/2430/2430 2318/2299/2299
f 2321/2300/2300 2315/2296/2296 2309/2293/2293
f 2288/2292/2292 2105/2152/2152 2308/2301/2301
f 2102/2302/2302 2308/2301/2301 2105/2152/2152
f 2326/2303/2303 2321/2300/2300 2308/2301/2301
f 2315/2296/2296 2321/2300/2300 2322/2304/2304
f 2322/2304/2304 2321/2300/2300 2326/2303/2303
f 2327/2307/2307 2329/2310/2310 2328/2306/2306
f 2327/2307/2307 2326/2303/2303 2102/2302/2302
f 2340/2308/2308 2329/2310/2310 2327/2307/2307
f 2340/2308/2308 2343/2316/2316 2344/2309/2309
f 2325/2311/2311 2329/2310/2310 2344/2309/2309
f 2324/2313/2313 2325/2311/2311 2345/2312/2312
f 2325/2311/2311 2322/2304/2304 2328/2306/2306
f 2322/2304/2304 2325/2311/2311 2324/2313/2313
f 2339/2315/2315 2345/2312/2312 2344/2309/2309
f 2338/2317/2317 2346/2314/2314 2345/2312/2312
f 2341/2318/2318 2339/2315/2315 2343/2316/2316
f 2340/2308/2308 2100/2156/2156 2342/2319/2319
f 2099/2155/2155 2341/2318/2318 2342/2319/2319
f 2331/2320/2320 2337/2321/2321 2341/2318/2318
f 1528/1506/1506 2331/2320/2320 2099/2155/2155
f 2339/2315/2315 2341/2318/2318 2337/2321/2321
f 2336/2322/2322 2338/2317/2317 2337/2321/2321
f 2331/2320/2320 2330/2324/2324 2332/2323/2323
f 1528/1506/1506 1527/1507/1507 2330/2324/2324
f 1525/2325/2325 2330/2324/2324 1527/1507/1507
f 1522/1512/1512 1877/2327/2327 2330/2324/2324
f 2333/2326/2326 2332/2323/2323 2330/2324/2324
f 2333/2326/2326 2334/2329/2329 2336/2322/2322
f 2335/2328/2328 2338/2317/2317 2336/2322/2322
f 1878/1833/1833 2334/2329/2329 2333/2326/2326
f 1879/1834/1834 2335/2328/2328 2334/2329/2329
f 2367/2330/2330 1267/3205/3205 973/1079/1079
f 977/1088/1088 2368/2331/2331 2367/2330/2330
f 996/1087/1087 2369/2332/2332 2368/2331/2331
f 997/1095/1095 2370/2334/2334 2369/2332/2332
f 2391/2333/2333 2369/2332/2332 2370/2334/2334
f 2371/2336/2336 2389/2339/2339 2390/2335/2335
f 998/2337/2337 2371/2336/2336 2370/2334/2334
f 2372/2338/2338 2371/2336/2336 998/2337/2337
f 2372/2338/2338 2388/2340/2340 2389/2339/2339
f 2388/2340/2340 2405/2343/2343 2406/2341/2341
f 2387/2342/2342 2404/2347/2347 2405/2343/2343
f 2373/2344/2344 2387/2342/2342 2388/2340/2340
f 2373/2344/2344 2372/2338/2338 999/1112/1112
f 2374/2345/2345 2373/2344/2344 1000/1111/1111
f 2374/2345/2345 2377/2348/2348 2387/2342/2342
f 2387/2342/2342 2377/2348/2348 2403/2346/2346
f 2377/2348/2348 2378/2355/2355 2402/2349/2349
f 2375/2350/2350 2378/2355/2355 2377/2348/2348
f 1003/1110/1110 2376/2351/2351 2375/2350/2350
f 2376/2351/2351 1003/1110/1110 1002/1108/1108
f 2376/2351/2351 1001/1106/1106 2385/2352/2352
f 2386/2353/2353 2380/2357/2357 2375/2350/2350
f 2375/2350/2350 2380/2357/2357 2379/2354/2354
f 2379/2354/2354 2400/2629/2629 2402/2349/2349
f 2401/2356/2356 2400/2629/2629 2379/2354/2354
f 2380/2357/2357 2384/2363/2363 2399/2358/2358
f 2385/2352/2352 2384/2363/2363 2380/2357/2357
f 2382/2359/2359 2384/2363/2363 2385/2352/2352
f 1004/2360/2360 2381/3397/3397 2382/2359/2359
f 2394/2361/2361 2381/3397/3397 1004/2360/2360
f 2382/2359/2359 2381/3397/3397 2383/2362/2362
f 2384/2363/2363 2383/2362/2362 2396/2364/2364
f 2408/2365/2365 2399/2358/2358 2396/2364/2364
f 2397/2367/2367 2396/2364/2364 2383/2362/2362
f 2383/2362/2362 2381/3397/3397 2394/2361/2361
f 1006/2369/2369 2395/2368/2368 2394/2361/2361
f 2398/2370/2370 2397/2367/2367 2395/2368/2368
f 1007/1102/1102 2393/2371/2371 2398/2370/2370
f 1008/1103/1103 2392/2372/2372 2393/2371/2371
f 1008/1103/1103 967/1068/1068 1009/1067/1067
f 2413/2373/2373 2393/2371/2371 2392/2372/2372
f 2393/2371/2371 2413/2373/2373 2411/2375/2375
f 2411/2375/2375 2410/2377/2377 2397/2367/2367
f 2412/2376/2376 2396/2364/2364 2397/2367/2367
f 2323/2305/2305 2420/2381/2381 2421/2378/2378
f 2320/2298/2298 2315/2296/2296 2421/2378/2378
f 2429/2380/2380 2422/2379/2379 2421/2378/2378
f 2424/2382/2382 2422/2379/2379 2429/2380/2380
f 2422/2379/2379 2424/2382/2382 2423/2384/2384
f 2426/2385/2385 2425/2387/2387 2423/2384/2384
f 2426/2385/2385 2428/2450/2450 2427/2386/2386
f 2424/2382/2382 2430/2383/2383 2431/2388/2388
f 2430/2383/2383 2429/2380/2380 2420/2381/2381
f 2323/2305/2305 2324/2313/2313 2419/2389/2389
f 2432/2390/2390 2431/2388/2388 2430/2383/2383
f 2433/2391/2391 2432/2390/2390 2419/2389/2389
f 2324/2313/2313 2346/2314/2314 2418/2392/2392
f 2417/2393/2393 2433/2391/2391 2418/2392/2392
f 2434/2394/2394 2432/2390/2390 2433/2391/2391
f 2346/2314/2314 2338/2317/2317 2415/2395/2395
f 2416/2396/2396 2415/2395/2395 2338/2317/2317
f 1537/1488/1488 1297/2397/2397 1536/1485/1485
f 1297/2397/2397 1242/3307/3307 1298/1309/1309
f 618/2398/2398 230/367/367 223/374/374
f 617/2399/2399 222/372/372 2436/2400/2400
f 2436/2400/2400 222/372/372 220/373/373
f 2436/2400/2400 2435/2403/2403 218/408/408
f 219/2402/2402 216/375/375 2435/2403/2403
f 153/157/157 2435/2403/2403 216/375/375
f 154/406/406 218/408/408 2435/2403/2403
f 2362/2238/2238 2361/2239/2239 2207/2404/2404
f 2297/2405/2405 2294/2266/2266 2437/2406/2406
f 2484/2408/2408 2151/2104/2104 2141/2079/2079
f 2484/2408/2408 2198/2114/2114 2154/2103/2103
f 2198/2114/2114 2484/2408/2408 2502/2409/2409
f 2143/2411/2411 2502/2409/2409 2484/2408/2408
f 2277/2412/2412 2503/2410/2410 2502/2409/2409
f 2204/2240/2240 2198/2114/2114 2503/2410/2410
f 2504/2413/2413 2503/2410/2410 2277/2412/2412
f 2504/2413/2413 2483/2414/2414 2485/2415/2415
f 2207/2404/2404 2204/2240/2240 2485/2415/2415
f 2486/2416/2416 2364/2237/2237 2363/2236/2236
f 2487/2417/2417 2364/2237/2237 2505/2418/2418
f 2364/2237/2237 2487/2417/2417 2488/2420/2420
f 2488/2420/2420 2365/2421/2421 2358/2233/2233
f 2487/2417/2417 2489/2424/2424 2365/2421/2421
f 2366/2234/2234 2365/2421/2421 2490/2422/2422
f 2489/2424/2424 2492/2544/2544 2490/2422/2422
f 2439/2425/2425 2438/2407/2407 2314/2271/2271
f 2294/2266/2266 2298/2267/2267 2307/2269/2269
f 2314/2271/2271 2438/2407/2407 2437/2406/2406
f 2313/2270/2270 2442/2427/2427 2441/2426/2426
f 2312/2273/2273 2443/2434/2434 2442/2427/2427
f 2444/2428/2428 2443/2434/2434 2312/2273/2273
f 2445/2429/2429 2444/2428/2428 2311/2280/2280
f 2317/2295/2295 2319/2430/2430 2445/2429/2429
f 2317/2295/2295 2316/2297/2297 2318/2299/2299
f 2320/2298/2298 2423/2384/2384 2461/2431/2431
f 2319/2430/2430 2461/2431/2431 2447/2432/2432
f 2445/2429/2429 2447/2432/2432 2446/2433/2433
f 2443/2434/2434 2444/2428/2428 2446/2433/2433
f 2459/2436/2436 2455/2446/2446 2448/2435/2435
f 2447/2432/2432 2460/2437/2437 2459/2436/2436
f 2460/2437/2437 2447/2432/2432 2461/2431/2431
f 2462/2438/2438 2461/2431/2431 2423/2384/2384
f 2441/2426/2426 2442/2427/2427 2450/2439/2439
f 2440/2441/2441 2439/2425/2425 2441/2426/2426
f 2449/2442/2442 2451/2447/2447 2450/2439/2439
f 2443/2434/2434 2448/2435/2435 2449/2442/2442
f 2448/2435/2435 2455/2446/2446 2456/2443/2443
f 2458/2444/2444 2455/2446/2446 2459/2436/2436
f 2460/2437/2437 2467/2453/2453 2466/2445/2445
f 2458/2444/2444 2457/2448/2448 2456/2443/2443
f 2451/2447/2447 2449/2442/2442 2456/2443/2443
f 2431/2388/2388 2432/2390/2390 2434/2394/2394
f 2428/2450/2450 2426/2385/2385 2431/2388/2388
f 2473/2451/2451 2471/2452/2452 2427/2386/2386
f 2471/2452/2452 2462/2438/2438 2425/2387/2387
f 2462/2438/2438 2471/2452/2452 2467/2453/2453
f 2467/2453/2453 2468/2455/2455 2465/2454/2454
f 2466/2445/2445 2465/2454/2454 2457/2448/2448
f 2468/2455/2455 2467/2453/2453 2471/2452/2452
f 2464/2456/2456 2465/2454/2454 2468/2455/2455
f 2457/2448/2448 2465/2454/2454 2464/2456/2456
f 2452/2440/2440 2454/2459/2459 2453/2458/2458
f 2454/2459/2459 2452/2440/2440 2450/2439/2439
f 2451/2447/2447 2464/2456/2456 2463/2460/2460
f 2463/2460/2460 2464/2456/2456 2469/2457/2457
f 2468/2455/2455 2473/2451/2451 2472/2462/2462
f 2473/2451/2451 2477/2527/2527 2476/2463/2463
f 2474/2464/2464 2472/2462/2462 2476/2463/2463
f 2469/2457/2457 2472/2462/2462 2474/2464/2464
f 2463/2460/2460 2470/2461/2461 2474/2464/2464
f 2453/2458/2458 2454/2459/2459 2463/2460/2460
f 2493/2467/2467 2039/1930/1930 2030/1921/1921
f 2493/2467/2467 2024/1934/1934 2042/1933/1933
f 2045/1948/1948 2024/1934/1934 2493/2467/2467
f 2494/2468/2468 2493/2467/2467 2037/1919/1919
f 2045/1948/1948 2494/2468/2468 2495/2469/2469
f 2513/2470/2470 2139/2122/2122 2133/2120/2120
f 1289/1328/1328 1291/2472/2472 2512/2471/2471
f 1292/1322/1322 1293/1317/1317 2512/2471/2471
f 1293/1317/1317 1294/1316/1316 1295/1314/1314
f 1296/1310/1310 2510/2474/2474 2511/2473/2473
f 620/531/531 2509/2475/2475 2510/2474/2474
f 234/365/365 2509/2475/2475 620/531/531
f 230/367/367 618/2398/2398 2509/2475/2475
f 618/2398/2398 2507/2477/2477 2508/2476/2476
f 618/2398/2398 222/372/372 617/2399/2399
f 221/2401/2401 1119/2481/2481 2507/2477/2477
f 1363/2478/2478 1119/2481/2481 221/2401/2401
f 394/2479/2479 1363/2478/2478 395/407/407
f 1363/2478/2478 394/2479/2479 1601/2480/2480
f 392/404/404 1602/2482/2482 1601/2480/2480
f 1602/2482/2482 392/404/404 119/118/118
f 117/117/117 118/28/28 1603/2483/2483
f 120/402/402 1605/3227/3227 1603/2483/2483
f 1609/2484/2484 1605/3227/3227 120/402/402
f 509/416/416 1611/2485/2485 1609/2484/2484
f 509/416/416 514/413/413 517/414/414
f 1611/2485/2485 509/416/416 518/457/457
f 520/2487/2487 1799/3231/3231 1618/2486/2486
f 1951/2488/2488 1799/3231/3231 520/2487/2487
f 536/381/381 2514/2489/2489 1951/2488/2488
f 644/612/612 643/615/615 2514/2489/2489
f 2515/2490/2490 2514/2489/2489 643/615/615
f 780/666/666 2516/2492/2492 2515/2490/2490
f 784/2491/2491 2517/2493/2493 2516/2492/2492
f 785/677/677 843/676/676 2517/2493/2493
f 2518/2494/2494 2517/2493/2493 843/676/676
f 2519/2495/2495 2518/2494/2494 1112/912/912
f 1114/2496/2496 2520/2497/2497 2519/2495/2495
f 1115/913/913 2521/2498/2498 2520/2497/2497
f 1115/913/913 1111/914/914 1117/920/920
f 2511/2473/2473 2510/2474/2474 2509/2475/2475
f 2256/2214/2214 2267/2217/2217 2547/2499/2499
f 2252/2215/2215 2547/2499/2499 2548/2500/2500
f 2255/2206/2206 2251/2213/2213 2548/2500/2500
f 2247/2207/2207 2255/2206/2206 2549/2501/2501
f 2479/2502/2502 2241/2199/2199 2243/2202/2202
f 2550/2503/2503 2524/2509/2509 2479/2502/2502
f 2479/2502/2502 2524/2509/2509 2525/2504/2504
f 1996/1969/1969 2241/2199/2199 2525/2504/2504
f 2525/2504/2504 2524/2509/2509 2540/2505/2505
f 1995/1966/1966 1997/1968/1968 2526/2506/2506
f 2078/2180/2180 1991/1962/1962 2526/2506/2506
f 2540/2505/2505 2527/2507/2507 2526/2506/2506
f 2541/2508/2508 2527/2507/2507 2540/2505/2505
f 2541/2508/2508 2524/2509/2509 2550/2503/2503
f 2541/2508/2508 2551/2510/2510 2552/2511/2511
f 2528/2513/2513 2527/2507/2507 2541/2508/2508
f 2078/2180/2180 2527/2507/2507 2528/2513/2513
f 2080/2179/2179 2079/2181/2181 2528/2513/2513
f 2528/2513/2513 2542/2512/2512 2543/2515/2515
f 2543/2515/2515 2542/2512/2512 2552/2511/2511
f 2544/2517/2517 2543/2515/2515 2554/2516/2516
f 2539/2519/2519 2529/2514/2514 2543/2515/2515
f 2530/2520/2520 2531/2521/2521 2529/2514/2514
f 2080/2179/2179 2529/2514/2514 2531/2521/2521
f 2531/2521/2521 2530/2520/2520 2074/2176/2176
f 2074/2176/2176 2530/2520/2520 2085/2173/2173
f 2085/2173/2173 2530/2520/2520 2096/2167/2167
f 2095/2165/2165 2533/2525/2525 2532/2522/2522
f 2532/2522/2522 1879/1834/1834 2091/2162/2162
f 2087/2157/2157 2088/2160/2160 2091/2162/2162
f 2532/2522/2522 2416/2396/2396 2335/2328/2328
f 2415/2395/2395 2416/2396/2396 2534/2523/2523
f 2416/2396/2396 2532/2522/2522 2533/2525/2525
f 2417/2393/2393 2415/2395/2395 2535/2524/2524
f 2536/2526/2526 2480/2449/2449 2434/2394/2394
f 2477/2527/2527 2522/2528/2528 2478/2465/2465
f 2475/2466/2466 2474/2464/2464 2478/2465/2465
f 2357/2231/2231 2359/2232/2232 2564/2529/2529
f 2354/2115/2115 2357/2231/2231 2565/2530/2530
f 2566/2531/2531 2356/2243/2243 2355/2241/2241
f 2356/2243/2243 2566/2531/2531 2571/2532/2532
f 2565/2530/2530 2570/2535/2535 2571/2532/2532
f 2565/2530/2530 2564/2529/2529 2568/2534/2534
f 2491/2423/2423 2569/2536/2536 2568/2534/2534
f 2359/2232/2232 2366/2234/2234 2491/2423/2423
f 2490/2422/2422 2492/2544/2544 2569/2536/2536
f 2506/2419/2419 2492/2544/2544 2489/2424/2424
f 2486/2416/2416 2563/3221/3221 2505/2418/2418
f 2581/2537/2537 2563/3221/3221 2486/2416/2416
f 2485/2415/2415 2483/2414/2414 2580/2538/2538
f 2483/2414/2414 2277/2412/2412 2579/2539/2539
f 2138/2540/2540 2277/2412/2412 2143/2411/2411
f 2579/2539/2539 2277/2412/2412 2138/2540/2540
f 2505/2418/2418 2563/3221/3221 2582/2541/2541
f 2583/2542/2542 2584/2570/2570 2585/2543/2543
f 2506/2419/2419 2582/2541/2541 2583/2542/2542
f 2585/2543/2543 2588/2561/2561 2587/2545/2545
f 2587/2545/2545 2568/2534/2534 2569/2536/2536
f 2586/2546/2546 2571/2532/2532 2570/2535/2535
f 2571/2532/2532 2586/2546/2546 2589/2547/2547
f 2567/2548/2548 2356/2243/2243 2572/2533/2533
f 2352/2242/2242 2356/2243/2243 2567/2548/2548
f 2353/2245/2245 2567/2548/2548 2573/2549/2549
f 2351/2250/2250 2573/2549/2549 2574/2550/2550
f 1582/1479/1479 2574/2550/2550 2575/2551/2551
f 1583/1481/1481 2575/2551/2551 2576/2552/2552
f 1586/1483/1483 2576/2552/2552 2611/2553/2553
f 2598/2554/2554 2610/2576/2576 2611/2553/2553
f 2576/2552/2552 2575/2551/2551 2578/2555/2555
f 2574/2550/2550 2577/2556/2556 2578/2555/2555
f 2577/2556/2556 2574/2550/2550 2592/2557/2557
f 2592/2557/2557 2574/2550/2550 2573/2549/2549
f 2589/2547/2547 2591/2560/2560 2592/2557/2557
f 2589/2547/2547 2586/2546/2546 2590/2559/2559
f 2586/2546/2546 2568/2534/2534 2587/2545/2545
f 2588/2561/2561 2595/2566/2566 2590/2559/2559
f 2590/2559/2559 2595/2566/2566 2594/2562/2562
f 2591/2560/2560 2594/2562/2562 2593/2558/2558
f 2577/2556/2556 2593/2558/2558 2597/2563/2563
f 2597/2563/2563 2599/2564/2564 2598/2554/2554
f 2599/2564/2564 2597/2563/2563 2593/2558/2558
f 2600/2565/2565 2599/2564/2564 2594/2562/2562
f 2600/2565/2565 2595/2566/2566 2603/2567/2567
f 2595/2566/2566 2588/2561/2561 2596/2569/2569
f 2596/2569/2569 2588/2561/2561 2585/2543/2543
f 2584/2570/2570 2602/2572/2572 2601/2571/2571
f 2583/2542/2542 2606/2579/2579 2602/2572/2572
f 2602/2572/2572 2606/2579/2579 2605/2573/2573
f 2603/2567/2567 2596/2569/2569 2601/2571/2571
f 2604/2574/2574 2608/2577/2577 2607/2568/2568
f 2600/2565/2565 2607/2568/2568 2609/2575/2575
f 2598/2554/2554 2599/2564/2564 2609/2575/2575
f 2608/2577/2577 2610/2576/2576 2609/2575/2575
f 2604/2574/2574 2603/2567/2567 2605/2573/2573
f 2606/2579/2579 2627/2580/2580 2629/2578/2578
f 2627/2580/2580 2628/2584/2584 2630/2581/2581
f 2629/2578/2578 2630/2581/2581 2631/2582/2582
f 2631/2582/2582 2610/2576/2576 2608/2577/2577
f 2631/2582/2582 1587/1484/1484 2611/2553/2553
f 2654/2583/2583 2630/2581/2581 2628/2584/2584
f 2647/2586/2586 2646/2588/2588 2654/2583/2583
f 2649/2587/2587 2650/2590/2590 2646/2588/2588
f 2648/2589/2589 2646/2588/2588 2650/2590/2590
f 2625/2592/2592 2648/2589/2589 2651/2591/2591
f 2625/2592/2592 2624/2596/2596 2626/2594/2594
f 2623/2595/2595 2626/2594/2594 2624/2596/2596
f 2559/2598/2598 2623/2595/2595 2622/2597/2597
f 2621/2599/2599 2560/2607/2607 2558/2600/2600
f 2559/2598/2598 2558/2600/2600 2062/1915/1915
f 1576/1916/1916 2062/1915/1915 2558/2600/2600
f 2061/1914/1914 2558/2600/2600 2557/2601/2601
f 2060/1913/1913 2557/2601/2601 2556/2602/2602
f 2556/2602/2602 2555/2603/2603 2036/1911/1911
f 2555/2603/2603 2037/1919/1919 2035/1918/1918
f 2037/1919/1919 2555/2603/2603 2562/2604/2604
f 2612/2605/2605 2562/2604/2604 2555/2603/2603
f 2556/2602/2602 2557/2601/2601 2561/2606/2606
f 2560/2607/2607 2561/2606/2606 2557/2601/2601
f 2560/2607/2607 2621/2599/2599 2614/2608/2608
f 2617/2609/2609 2614/2608/2608 2621/2599/2599
f 2616/2610/2610 2617/2609/2609 2622/2597/2597
f 2616/2610/2610 2624/2596/2596 2625/2592/2592
f 2620/2611/2611 2619/2615/2615 2618/2612/2612
f 2051/1946/1946 2616/2610/2610 2618/2612/2612
f 2615/2613/2613 2617/2609/2609 2616/2610/2610
f 2617/2609/2609 2615/2613/2613 2613/2614/2614
f 2561/2606/2606 2614/2608/2608 2613/2614/2614
f 2612/2605/2605 2613/2614/2614 2615/2613/2613
f 2495/2469/2469 2562/2604/2604 2612/2605/2605
f 2056/1947/1947 2618/2612/2612 2619/2615/2615
f 2054/1945/1945 2056/1947/1947 2496/2616/2616
f 2057/1941/1941 2055/1943/1943 2496/2616/2616
f 2499/2618/2618 2498/2619/2619 2497/2617/2617
f 2499/2618/2618 2496/2616/2616 2619/2615/2615
f 2498/2619/2619 2499/2618/2618 2620/2611/2611
f 2498/2619/2619 2625/2592/2592 2652/2593/2593
f 2057/1941/1941 2497/2617/2617 2500/2621/2621
f 2058/1942/1942 2500/2621/2621 2501/2622/2622
f 1010/1065/1065 1011/1066/1066 2501/2622/2622
f 2632/2623/2623 2392/2372/2372 1009/1067/1067
f 2411/2375/2375 2413/2373/2373 2414/2374/2374
f 2407/2366/2366 2396/2364/2364 2412/2376/2376
f 2635/2625/2625 2634/2627/2627 2407/2366/2366
f 2637/2626/2626 2636/2659/2659 2634/2627/2627
f 2408/2365/2365 2400/2629/2629 2401/2356/2356
f 2638/2628/2628 2402/2349/2349 2400/2629/2629
f 2403/2346/2346 2402/2349/2349 2638/2628/2628
f 2404/2347/2347 2403/2346/2346 2639/2631/2631
f 2405/2343/2343 2404/2347/2347 2640/2632/2632
f 2390/2335/2335 2389/2339/2339 2406/2341/2341
f 2533/2525/2525 2530/2520/2520 2539/2519/2519
f 2095/2165/2165 2096/2167/2167 2530/2520/2520
f 2546/2635/2635 2535/2524/2524 2534/2523/2523
f 2480/2449/2449 2536/2526/2526 2537/2636/2636
f 2523/2638/2638 2428/2450/2450 2480/2449/2449
f 2477/2527/2527 2473/2451/2451 2428/2450/2450
f 2522/2528/2528 2477/2527/2527 2523/2638/2638
f 2538/2639/2639 2523/2638/2638 2545/2637/2637
f 2545/2637/2637 2537/2636/2636 2481/2641/2641
f 2537/2636/2636 2784/2771/2771 2785/2642/2642
f 2645/2643/2643 2644/2813/2813 2643/2644/2644
f 2658/2645/2645 2549/2501/2501 2548/2500/2500
f 2658/2645/2645 2550/2503/2503 2246/2208/2208
f 2550/2503/2503 2658/2645/2645 2659/2646/2646
f 2551/2510/2510 2659/2646/2646 2657/2647/2647
f 2552/2511/2511 2657/2647/2647 2656/2648/2648
f 2554/2516/2516 2656/2648/2648 2645/2643/2643
f 2668/2649/2649 2653/2620/2620 2652/2593/2593
f 2498/2619/2619 2653/2620/2620 2667/2650/2650
f 2497/2617/2617 2667/2650/2650 2665/2651/2651
f 2500/2621/2621 2665/2651/2651 2664/2652/2652
f 2664/2652/2652 2663/2653/2653 2632/2623/2623
f 2663/2653/2653 2660/2654/2654 2392/2372/2372
f 2414/2374/2374 2392/2372/2372 2660/2654/2654
f 2414/2374/2374 2661/2655/2655 2662/2656/2656
f 2410/2377/2377 2662/2656/2656 2669/2657/2657
f 2637/2626/2626 2412/2376/2376 2669/2657/2657
f 2412/2376/2376 2637/2626/2626 2635/2625/2625
f 2408/2365/2365 2407/2366/2366 2634/2627/2627
f 2409/2630/2630 2400/2629/2629 2408/2365/2365
f 2409/2630/2630 2636/2659/2659 2639/2631/2631
f 2636/2659/2659 2678/2673/2673 2677/2660/2660
f 2672/2661/2661 2639/2631/2631 2677/2660/2660
f 2672/2661/2661 2674/2665/2665 2673/2663/2663
f 2640/2632/2632 2639/2631/2631 2673/2663/2663
f 2674/2665/2665 2676/2666/2666 2675/2664/2664
f 2641/2633/2633 2640/2632/2632 2675/2664/2664
f 2406/2341/2341 2405/2343/2343 2641/2633/2633
f 2642/2634/2634 2406/2341/2341 2683/2667/2667
f 2681/2669/2669 2674/2665/2665 2672/2661/2661
f 2676/2666/2666 2674/2665/2665 2681/2669/2669
f 2637/2626/2626 2670/2658/2658 2671/2672/2672
f 2671/2672/2672 2691/2675/2675 2678/2673/2673
f 2693/2674/2674 2692/2682/2682 2691/2675/2675
f 2670/2658/2658 2690/2677/2677 2693/2674/2674
f 2670/2658/2658 2669/2657/2657 2686/2676/2676
f 2686/2676/2676 2669/2657/2657 2662/2656/2656
f 2661/2655/2655 2660/2654/2654 2685/2678/2678
f 2694/2679/2679 2690/2677/2677 2686/2676/2676
f 2690/2677/2677 2694/2679/2679 2711/2680/2680
f 2693/2674/2674 2711/2680/2680 2713/2681/2681
f 2714/2683/2683 2713/2681/2681 2711/2680/2680
f 2695/2685/2685 2712/2684/2684 2711/2680/2680
f 2695/2685/2685 2694/2679/2679 2685/2678/2678
f 2687/2686/2686 2685/2678/2678 2660/2654/2654
f 2664/2652/2652 2688/2687/2687 2687/2686/2686
f 2688/2687/2687 2689/2688/2688 2695/2685/2685
f 2689/2688/2688 2696/2689/2689 2712/2684/2684
f 2714/2683/2683 2712/2684/2684 2696/2689/2689
f 2697/2690/2690 2696/2689/2689 2668/2649/2649
f 2696/2689/2689 2689/2688/2688 2666/2691/2691
f 2666/2691/2691 2689/2688/2688 2688/2687/2687
f 2665/2651/2651 2667/2650/2650 2666/2691/2691
f 2668/2649/2649 2666/2691/2691 2667/2650/2650
f 1617/1539/1539 1619/1531/1531 1620/1533/1533
f 1617/1539/1539 2709/2692/2692 2710/2693/2693
f 2710/2693/2693 1608/1541/1541 1606/1540/1540
f 2762/2694/2694 2229/2184/2184 2230/2185/2185
f 1976/1991/1991 2764/2696/2696 2230/2185/2185
f 2763/2695/2695 2230/2185/2185 2764/2696/2696
f 1975/1997/1997 1978/2000/2000 2764/2696/2696
f 2765/2697/2697 2764/2696/2696 1978/2000/2000
f 1981/2001/2001 2761/2699/2699 2760/2698/2698
f 2761/2699/2699 1981/2001/2001 2755/2700/2700
f 1943/2003/2003 2751/2702/2702 2755/2700/2700
f 2751/2702/2702 1943/2003/2003 1942/2005/2005
f 1941/2006/2006 1940/2007/2007 2750/2703/2703
f 1940/2007/2007 1939/2008/2008 2749/2704/2704
f 1938/2009/2009 1944/2012/2012 2749/2704/2704
f 2750/2703/2703 2749/2704/2704 1944/2012/2012
f 2750/2703/2703 1950/2014/2014 2754/2705/2705
f 2756/2706/2706 2755/2700/2700 2751/2702/2702
f 2756/2706/2706 2758/2707/2707 2759/2701/2701
f 2758/2707/2707 2760/2698/2698 2761/2699/2699
f 2757/2708/2708 2760/2698/2698 2758/2707/2707
f 2753/2709/2709 2757/2708/2708 2756/2706/2706
f 2752/2710/2710 2753/2709/2709 2754/2705/2705
f 2752/2710/2710 1950/2014/2014 2766/2711/2711
f 1949/2013/2013 2767/2715/2715 2766/2711/2711
f 2769/2713/2713 2767/2715/2715 1949/2013/2013
f 1945/2010/2010 1937/2011/2011 1948/2017/2017
f 2769/2713/2713 1948/2017/2017 2770/2714/2714
f 1947/2016/2016 1979/2020/2020 2770/2714/2714
f 2771/2716/2716 2770/2714/2714 1979/2020/2020
f 2772/2718/2718 2767/2715/2715 2770/2714/2714
f 2708/2719/2719 1626/1530/1530 1627/1528/1528
f 1629/1527/1527 1632/1520/1520 2707/2720/2720
f 1632/1520/1520 1633/2722/2722 2706/2721/2721
f 1633/2722/2722 1634/1518/1518 1931/1877/1877
f 2705/2723/2723 2730/2749/2749 2706/2721/2721
f 1929/1875/1875 2705/2723/2723 1931/1877/1877
f 2732/2724/2724 2705/2723/2723 1929/1875/1875
f 2698/2725/2725 1929/1875/1875 1928/1873/1873
f 2699/2726/2726 2698/2725/2725 1927/1872/1872
f 2700/2728/2728 2699/2726/2726 1926/2727/2727
f 2701/2729/2729 2700/2728/2728 1932/1871/1871
f 1934/1870/1870 2704/2733/2733 2701/2729/2729
f 1038/965/965 1265/1347/1347 2702/2730/2730
f 2702/2730/2730 1934/1870/1870 1061/969/969
f 2703/2732/2732 2704/2733/2733 1934/1870/1870
f 2704/2733/2733 2741/2762/2762 2740/2734/2734
f 2718/2735/2735 2701/2729/2729 2740/2734/2734
f 2700/2728/2728 2701/2729/2729 2718/2735/2735
f 2719/2737/2737 2720/2738/2738 2699/2726/2726
f 2698/2725/2725 2699/2726/2726 2720/2738/2738
f 2720/2738/2738 2719/2737/2737 2718/2735/2735
f 2718/2735/2735 2742/2736/2736 2744/2740/2740
f 2744/2740/2740 2743/2760/2760 2722/2741/2741
f 2720/2738/2738 2721/2739/2739 2722/2741/2741
f 2723/2742/2742 2724/2744/2744 2732/2724/2724
f 2731/2743/2743 2705/2723/2723 2732/2724/2724
f 2731/2743/2743 2737/2747/2747 2735/2745/2745
f 2736/2746/2746 2735/2745/2745 2737/2747/2747
f 2730/2749/2749 2705/2723/2723 2735/2745/2745
f 2738/2748/2748 2737/2747/2747 2734/2750/2750
f 2733/2752/2752 2734/2750/2750 2737/2747/2747
f 2733/2752/2752 2731/2743/2743 2724/2744/2744
f 2734/2750/2750 2733/2752/2752 2726/2753/2753
f 2729/2755/2755 2728/2754/2754 2726/2753/2753
f 2729/2755/2755 2727/2756/2756 2746/2757/2757
f 2725/2759/2759 2727/2756/2756 2726/2753/2753
f 2725/2759/2759 2724/2744/2744 2723/2742/2742
f 2743/2760/2760 2727/2756/2756 2725/2759/2759
f 2743/2760/2760 2745/2761/2761 2746/2757/2757
f 2744/2740/2740 2742/2736/2736 2745/2761/2761
f 2745/2761/2761 2742/2736/2736 2740/2734/2734
f 2747/2763/2763 2746/2757/2757 2745/2761/2761
f 2650/2590/2590 2776/2766/2766 2697/2690/2690
f 2779/2764/2764 2776/2766/2766 2650/2590/2590
f 2697/2690/2690 2776/2766/2766 2777/2765/2765
f 2779/2764/2764 2778/2768/2768 2777/2765/2765
f 2775/2767/2767 2774/2769/2769 2777/2765/2765
f 2714/2683/2683 2777/2765/2765 2774/2769/2769
f 2678/2673/2673 2773/2770/2770 2679/2662/2662
f 2691/2675/2675 2692/2682/2682 2773/2770/2770
f 2692/2682/2682 2713/2681/2681 2680/2670/2670
f 2679/2662/2662 2773/2770/2770 2680/2670/2670
f 2680/2670/2670 2713/2681/2681 2774/2769/2769
f 2681/2669/2669 2774/2769/2769 2775/2767/2767
f 2536/2526/2526 2783/2772/2772 2784/2771/2771
f 2535/2524/2524 2782/2774/2774 2783/2772/2772
f 2794/2773/2773 2792/2777/2777 2783/2772/2772
f 2783/2772/2772 2791/2776/2776 2790/2775/2775
f 2791/2776/2776 2783/2772/2772 2792/2777/2777
f 2792/2777/2777 2794/2773/2773 2795/2779/2779
f 2793/2778/2778 2795/2779/2779 2796/2780/2780
f 2793/2778/2778 2797/2781/2781 2798/2782/2782
f 2791/2776/2776 2798/2782/2782 2799/2783/2783
f 2790/2775/2775 2799/2783/2783 2800/2784/2784
f 2802/2785/2785 2801/2787/2787 2784/2771/2771
f 2802/2785/2785 2800/2784/2784 2803/2786/2786
f 2803/2786/2786 2800/2784/2784 2809/2788/2788
f 2809/2788/2788 2811/2922/2922 2813/2790/2790
f 2812/2791/2791 2811/2922/2922 2809/2788/2788
f 2800/2784/2784 2797/2781/2781 2808/2792/2792
f 2800/2784/2784 2799/2783/2783 2798/2782/2782
f 2808/2792/2792 2797/2781/2781 2814/2793/2793
f 2808/2792/2792 2815/2794/2794 2816/2795/2795
f 2816/2795/2795 2815/2794/2794 2820/2796/2796
f 2821/2797/2797 2820/2796/2796 2827/2798/2798
f 2819/2800/2800 2825/2804/2804 2827/2798/2798
f 2817/2801/2801 2819/2800/2800 2820/2796/2796
f 2815/2794/2794 2814/2793/2793 2806/2802/2802
f 2806/2802/2802 2807/2806/2806 2819/2800/2800
f 2819/2800/2800 2807/2806/2806 2824/2803/2803
f 2825/2804/2804 2823/2817/2817 2822/2799/2799
f 2806/2802/2802 2805/2808/2808 2818/2805/2805
f 2804/2807/2807 2805/2808/2808 2806/2802/2802
f 2796/2780/2780 2804/2807/2807 2814/2793/2793
f 2804/2807/2807 2796/2780/2780 2795/2779/2779
f 2805/2808/2808 2804/2807/2807 2794/2773/2773
f 2818/2805/2805 2805/2808/2808 2782/2774/2774
f 2481/2641/2641 2785/2642/2642 2786/2810/2810
f 2481/2641/2641 2780/2811/2811 2781/2812/2812
f 2644/2813/2813 2781/2812/2812 2780/2811/2811
f 2787/2809/2809 2782/2774/2774 2535/2524/2524
f 2788/2814/2814 2787/2809/2809 2546/2635/2635
f 2832/2815/2815 2831/2816/2816 2787/2809/2809
f 2818/2805/2805 2787/2809/2809 2831/2816/2816
f 2824/2803/2803 2807/2806/2806 2831/2816/2816
f 2823/2817/2817 2825/2804/2804 2843/2818/2818
f 2825/2804/2804 2824/2803/2803 2826/2820/2820
f 2826/2820/2820 2824/2803/2803 2832/2815/2815
f 2826/2820/2820 2830/2821/2821 2842/2822/2822
f 2830/2821/2821 2832/2815/2815 2788/2814/2814
f 2834/2824/2824 2788/2814/2814 2539/2519/2519
f 2544/2517/2517 2553/2518/2518 2833/2825/2825
f 2833/2825/2825 2838/2833/2833 2837/2826/2826
f 2834/2824/2824 2837/2826/2826 2836/2827/2827
f 2836/2827/2827 2840/2831/2831 2839/2829/2829
f 2856/2830/2830 2855/2832/2832 2840/2831/2831
f 2837/2826/2826 2838/2833/2833 2856/2830/2830
f 2855/2832/2832 2856/2830/2830 2838/2833/2833
f 2828/2835/2835 2834/2824/2824 2789/2828/2828
f 2828/2835/2835 2829/2823/2823 2788/2814/2814
f 2835/2836/2836 2830/2821/2821 2829/2823/2823
f 2835/2836/2836 2841/2837/2837 2842/2822/2822
f 2789/2828/2828 2839/2829/2829 2841/2837/2837
f 2844/2838/2838 2843/2818/2818 2842/2822/2822
f 2843/2818/2818 2844/2838/2838 2848/2839/2839
f 2849/2840/2840 2848/2839/2839 2844/2838/2838
f 2839/2829/2829 2845/2841/2841 2844/2838/2838
f 2840/2831/2831 2846/2843/2843 2845/2841/2841
f 2850/2842/2842 2849/2840/2840 2845/2841/2841
f 2846/2843/2843 2851/2845/2845 2852/2844/2844
f 2855/2832/2832 2851/2845/2845 2846/2843/2843
f 2851/2845/2845 2853/3098/3098 2854/2846/2846
f 1980/2717/2717 1946/2019/2019 2886/2847/2847
f 2771/2716/2716 1980/2717/2717 2887/2848/2848
f 2888/2849/2849 2860/2852/2852 2772/2718/2718
f 2859/2850/2850 2768/2712/2712 3397/2851/2851
f 2767/2715/2715 2772/2718/2718 2858/2853/2853
f 2766/2711/2711 2858/2853/2853 3397/2851/2851
f 2867/2854/2854 2765/2697/2697 2760/2698/2698
f 2765/2697/2697 2867/2854/2854 2868/2855/2855
f 2763/2695/2695 2868/2855/2855 2871/2856/2856
f 2717/2857/2857 2066/3236/3236 1972/1977/1977
f 1972/1977/1977 2066/3236/3236 1699/2858/2858
f 1734/2859/2859 1364/2191/2191 2936/1642/1642
f 2065/2861/2861 2064/2024/2024 1970/1975/1975
f 1662/1636/1636 1663/1637/1637 1970/1975/1975
f 3238/2862/2862 3237/2188/2188 1364/2191/2191
f 2260/2224/2224 2715/3266/3266 2264/2230/2230
f 2267/2217/2217 2266/2216/2216 2265/2229/2229
f 2231/2863/2863 2229/2184/2184 2874/2864/2864
f 2762/2694/2694 2872/2867/2867 2874/2864/2864
f 2873/2866/2866 2872/2867/2867 2762/2694/2694
f 2873/2866/2866 2876/2029/2029 2877/2186/2186
f 2872/2867/2867 2877/2186/2186 2875/2865/2865
f 2878/2027/2027 2876/2029/2029 2873/2866/2866
f 2873/2866/2866 2871/2856/2856 2868/2855/2855
f 2869/2868/2868 2868/2855/2855 2867/2854/2854
f 2753/2709/2709 2866/2869/2869 2867/2854/2854
f 2753/2709/2709 2752/2710/2710 2865/2870/2870
f 2865/2870/2870 2870/2872/2872 2869/2868/2868
f 2879/2871/2871 2878/2027/2027 2869/2868/2868
f 2879/2871/2871 2882/2873/2873 2884/2026/2026
f 2885/2025/2025 2884/2026/2026 2882/2873/2873
f 2881/2875/2875 2883/2874/2874 2882/2873/2873
f 2870/2872/2872 2880/2876/2876 2882/2873/2873
f 2863/2877/2877 2880/2876/2876 2870/2872/2872
f 2768/2712/2712 2863/2877/2877 2865/2870/2870
f 2768/2712/2712 2859/2850/2850 2861/2878/2878
f 2864/2879/2879 2863/2877/2877 2861/2878/2878
f 2864/2879/2879 2881/2875/2875 2880/2876/2876
f 2898/2881/2881 2883/2874/2874 2881/2875/2875
f 2892/2882/2882 2897/2888/2888 2898/2881/2881
f 2862/2880/2880 2889/2883/2883 2892/2882/2882
f 2860/2852/2852 2888/2849/2849 2889/2883/2883
f 2862/2880/2880 2861/2878/2878 2859/2850/2850
f 2890/2884/2884 2889/2883/2883 2888/2849/2849
f 2886/2847/2847 2891/2886/2886 2890/2884/2884
f 2894/2885/2885 2893/2887/2887 2890/2884/2884
f 2893/2887/2887 2892/2882/2882 2889/2883/2883
f 2893/2887/2887 2894/2885/2885 2897/2888/2888
f 2894/2885/2885 2891/2886/2886 2895/2889/2889
f 2896/2890/2890 2911/2895/2895 2897/2888/2888
f 2897/2888/2888 2911/2895/2895 2915/2891/2891
f 2883/2874/2874 2898/2881/2881 2915/2891/2891
f 2885/2025/2025 2883/2874/2874 2916/2892/2892
f 2916/2892/2892 2930/2893/2893 2936/1642/1642
f 2915/2891/2891 2931/2894/2894 2930/2893/2893
f 2931/2894/2894 2915/2891/2891 2911/2895/2895
f 3319/2897/2897 2909/2900/2900 2900/2898/2898
f 2708/2719/2719 2900/2898/2898 2909/2900/2900
f 2708/2719/2719 1630/1526/1526 2899/2901/2901
f 2903/2902/2902 2902/2899/2899 2900/2898/2898
f 2939/2860/2860 2936/1642/1642 2930/2893/2893
f 2933/2903/2903 2934/3179/3179 2938/2904/2904
f 2933/2903/2903 2932/2905/2905 2913/2906/2906
f 2935/2908/2908 2934/3179/3179 2933/2903/2903
f 2937/2909/2909 2935/2908/2908 2914/2907/2907
f 2908/2910/2910 2914/2907/2907 2913/2906/2906
f 2903/2902/2902 2905/2912/2912 2907/2911/2911
f 2905/2912/2912 2903/2902/2902 2899/2901/2901
f 2901/2913/2913 2899/2901/2901 1630/1526/1526
f 2706/2721/2721 2730/2749/2749 2901/2913/2913
f 2901/2913/2913 2730/2749/2749 2904/2914/2914
f 2904/2914/2914 2906/2915/2915 2907/2911/2911
f 2906/2915/2915 2937/2909/2909 2908/2910/2910
f 2906/2915/2915 2904/2914/2914 2738/2748/2748
f 2736/2746/2746 2738/2748/2748 2904/2914/2914
f 2801/2787/2787 2803/2786/2786 2928/2916/2916
f 2848/2839/2839 2849/2840/2840 2947/2918/2918
f 2947/2918/2918 2822/2799/2799 2823/2817/2817
f 2822/2799/2799 2947/2918/2918 2946/2919/2919
f 2946/2919/2919 2945/3077/3077 2816/2795/2795
f 2816/2795/2795 2945/3077/3077 2944/2920/2920
f 2812/2791/2791 2944/2920/2920 2942/2921/2921
f 2944/2920/2920 2952/3078/3078 2951/2923/2923
f 2951/2923/2923 2950/3085/3085 2943/2924/2924
f 2943/2924/2924 2950/3085/3085 2953/2925/2925
f 2811/2922/2922 2942/2921/2921 2941/2927/2927
f 2813/2790/2790 2941/2927/2927 2940/2928/2928
f 2941/2927/2927 2942/2921/2921 2943/2924/2924
f 2813/2790/2790 2926/2929/2929 2927/2930/2930
f 2810/2789/2789 2927/2930/2930 2928/2916/2916
f 2940/2928/2928 2943/2924/2924 2954/2926/2926
f 2957/2931/2931 2956/2933/2933 2926/2929/2929
f 2926/2929/2929 2956/2933/2933 2955/2932/2932
f 2956/2933/2933 2959/2935/2935 2960/2934/2934
f 2957/2931/2931 2958/2940/2940 2959/2935/2935
f 2954/2926/2926 2966/2938/2938 2964/2936/2936
f 2965/2937/2937 2964/2936/2936 2966/2938/2938
f 2957/2931/2931 2964/2936/2936 2965/2937/2937
f 2965/2937/2937 2967/2939/2939 2968/2941/2941
f 2967/2939/2939 2966/2938/2938 2969/2942/2942
f 2971/2944/2944 2972/3086/3086 2973/2945/2945
f 2958/2940/2940 2968/2941/2941 2976/2946/2946
f 2977/2948/2948 2976/2946/2946 2968/2941/2941
f 2963/2947/2947 2962/2950/2950 2959/2935/2935
f 2962/2950/2950 2961/2952/2952 2960/2934/2934
f 2978/2951/2951 2918/2961/2961 2961/2952/2952
f 2979/2953/2953 2978/2951/2951 2962/2950/2950
f 2980/2954/2954 2979/2953/2953 2963/2947/2947
f 2982/2955/2955 2980/2954/2954 2976/2946/2946
f 2980/2954/2954 2982/2955/2955 2983/2957/2957
f 3001/2958/2958 3000/2962/2962 2983/2957/2957
f 2978/2951/2951 2979/2953/2953 2983/2957/2957
f 2978/2951/2951 2984/2959/2959 2985/2960/2960
f 3000/2962/2962 2998/2964/2964 2984/2959/2959
f 3000/2962/2962 3001/2958/2958 3002/2963/2963
f 3005/2965/2965 3004/2985/2985 3002/2963/2963
f 2993/2966/2966 2984/2959/2959 2998/2964/2964
f 2993/2966/2966 2999/2967/2967 3003/2968/2968
f 2997/2969/2969 2996/2989/2989 2992/2970/2970
f 2984/2959/2959 2993/2966/2966 2986/2971/2971
f 2993/2966/2966 2992/2970/2970 2989/2972/2972
f 2992/2970/2970 2991/2976/2976 2990/2973/2973
f 2986/2971/2971 2989/2972/2972 2990/2973/2973
f 2992/2970/2970 2996/2989/2989 2995/2975/2975
f 2994/2977/2977 2919/2978/2978 2991/2976/2976
f 2988/2974/2974 2990/2973/2973 2991/2976/2976
f 2988/2974/2974 2919/2978/2978 1587/1484/1484
f 1587/1484/1484 2919/2978/2978 2920/2979/2979
f 2559/2598/2598 1584/1482/1482 2920/2979/2979
f 2559/2598/2598 2921/2980/2980 2922/2981/2981
f 2626/2594/2594 2623/2595/2595 2922/2981/2981
f 2648/2589/2589 2626/2594/2594 2923/2982/2982
f 2925/2984/2984 2646/2588/2588 2648/2589/2589
f 2999/2967/2967 2998/2964/2964 3002/2963/2963
f 3004/2985/2985 2987/2987/2987 3003/2968/2968
f 3006/2986/2986 2997/2969/2969 3003/2968/2968
f 3029/2988/2988 3027/3398/3398 2996/2989/2989
f 2996/2989/2989 3027/3398/3398 3018/2990/2990
f 2995/2975/2975 3018/2990/2990 3017/2991/2991
f 2920/2979/2979 2919/2978/2978 2994/2977/2977
f 2920/2979/2979 3013/2992/2992 3014/2993/2993
f 2922/2981/2981 2921/2980/2980 3019/2994/2994
f 3014/2993/2993 3020/3000/3000 3019/2994/2994
f 3016/2996/2996 3015/2998/2998 3014/2993/2993
f 3017/2991/2991 3016/2996/2996 3013/2992/2992
f 3022/2997/2997 3020/3000/3000 3014/2993/2993
f 3048/2999/2999 3019/2994/2994 3020/3000/3000
f 3050/3002/3002 3049/3001/3001 3020/3000/3000
f 3015/2998/2998 3024/3005/3005 3025/3003/3003
f 3015/2998/2998 3016/2996/2996 3023/3004/3004
f 3017/2991/2991 3018/2990/2990 3023/3004/3004
f 3023/3004/3004 3018/2990/2990 3026/3006/3006
f 3025/3003/3003 3024/3005/3005 3026/3006/3006
f 3025/3003/3003 3031/3007/3007 3050/3002/3002
f 3050/3002/3002 3031/3007/3007 3053/3008/3008
f 3032/3009/3009 3052/3011/3011 3053/3008/3008
f 3032/3009/3009 3033/3012/3012 3051/3010/3010
f 3033/3012/3012 3036/3014/3014 3037/3013/3013
f 3036/3014/3014 3042/3023/3023 3043/3015/3015
f 3032/3009/3009 3031/3007/3007 3026/3006/3006
f 3018/2990/2990 3027/3398/3398 3028/3016/3016
f 3028/3016/3016 3027/3398/3398 3029/2988/2988
f 3033/3012/3012 3032/3009/3009 3028/3016/3016
f 3033/3012/3012 3030/3017/3017 3035/3018/3018
f 3029/2988/2988 3034/3019/3019 3035/3018/3018
f 3006/2986/2986 3034/3019/3019 3029/2988/2988
f 3034/3019/3019 3006/2986/2986 3038/3020/3020
f 3040/3021/3021 3036/3014/3014 3035/3018/3018
f 3036/3014/3014 3040/3021/3021 3041/3022/3022
f 3039/3024/3024 3041/3022/3022 3040/3021/3021
f 3044/3025/3025 3041/3022/3022 3039/3024/3024
f 3039/3024/3024 3038/3020/3020 3008/3027/3027
f 3038/3020/3020 3006/2986/2986 2987/2987/2987
f 3007/3028/3028 3008/3027/3027 2987/2987/2987
f 3008/3027/3027 3007/3028/3028 3011/3029/3029
f 3007/3028/3028 3004/2985/2985 3005/2965/2965
f 2982/2955/2955 3009/3030/3030 3005/2965/2965
f 3009/3030/3030 3010/3031/3031 3011/3029/3029
f 2981/2956/2956 3010/3031/3031 3009/3030/3030
f 2977/2948/2948 3010/3031/3031 2981/2956/2956
f 3012/3026/3026 3011/3029/3029 3010/3031/3031
f 3044/3025/3025 3012/3026/3026 2977/2948/2948
f 3046/3032/3032 2971/2944/2944 2969/2942/2942
f 3046/3032/3032 2966/2938/2938 2954/2926/2926
f 2971/2944/2944 3046/3032/3032 2953/2925/2925
f 3043/3015/3015 3044/3025/3025 3089/3034/3034
f 3044/3025/3025 3043/3015/3015 3042/3023/3023
f 3043/3015/3015 3088/3035/3035 3087/3036/3036
f 3037/3013/3013 3087/3036/3036 3057/3037/3037
f 3073/3038/3038 3057/3037/3037 3087/3036/3036
f 3077/3039/3039 3073/3038/3038 3088/3035/3035
f 3091/3040/3040 3077/3039/3039 3089/3034/3034
f 3090/3041/3041 3086/3070/3070 3085/3042/3042
f 3091/3040/3040 3085/3042/3042 3075/3043/3043
f 3073/3038/3038 3077/3039/3039 3075/3043/3043
f 3073/3038/3038 3072/3044/3044 3056/3045/3045
f 3051/3010/3010 3057/3037/3037 3056/3045/3045
f 3052/3011/3011 3056/3045/3045 3055/3046/3046
f 3056/3045/3045 3072/3044/3044 3070/3047/3047
f 3074/3048/3048 3072/3044/3044 3075/3043/3043
f 3070/3047/3047 3072/3044/3044 3074/3048/3048
f 3069/3051/3051 3068/3052/3052 3070/3047/3047
f 3055/3046/3046 3070/3047/3047 3068/3052/3052
f 3055/3046/3046 3054/3053/3053 3049/3001/3001
f 3054/3053/3053 3060/3056/3056 3059/3054/3054
f 3054/3053/3053 3068/3052/3052 3063/3055/3055
f 3063/3055/3055 3068/3052/3052 3069/3051/3051
f 3065/3057/3057 3069/3051/3051 3071/3050/3050
f 3067/3058/3058 3071/3050/3050 3074/3048/3048
f 3076/3049/3049 3079/3060/3060 3078/3059/3059
f 3075/3043/3043 3082/3138/3138 3079/3060/3060
f 3079/3060/3060 3082/3138/3138 3081/3061/3061
f 3081/3061/3061 3080/3067/3067 3062/3062/3062
f 3066/3063/3063 3067/3058/3058 3078/3059/3059
f 3065/3057/3057 3067/3058/3058 3066/3063/3063
f 3063/3055/3055 3065/3057/3057 3064/3064/3064
f 3060/3056/3056 3063/3055/3055 3061/3065/3065
f 2923/2982/2982 3058/3066/3066 3059/3054/3054
f 3059/3054/3054 3058/3066/3066 3048/2999/2999
f 3021/2995/2995 3019/2994/2994 3048/2999/2999
f 2923/2982/2982 2922/2981/2981 3021/2995/2995
f 2924/2983/2983 2923/2982/2982 3061/3065/3065
f 3062/3062/3062 3061/3065/3065 3064/3064/3064
f 2924/2983/2983 3062/3062/3062 3080/3067/3067
f 2854/2846/2846 2853/3098/3098 2948/3068/3068
f 2970/2943/2943 2969/2942/2942 2973/2945/2945
f 2854/2846/2846 3098/3087/3087 3097/3071/3071
f 2851/2845/2845 2855/2832/2832 2857/2834/2834
f 2833/2825/2825 3083/3126/3126 2857/2834/2834
f 2852/2844/2844 3097/3071/3071 3096/3073/3073
f 2850/2842/2842 3096/3073/3073 3095/3074/3074
f 2849/2840/2840 3095/3074/3074 3094/3075/3075
f 2947/2918/2918 3094/3075/3075 3093/3076/3076
f 3093/3076/3076 3092/3081/3081 2945/3077/3077
f 2945/3077/3077 3092/3081/3081 2952/3078/3078
f 2952/3078/3078 3092/3081/3081 3102/3079/3079
f 3102/3079/3079 3092/3081/3081 3101/3080/3080
f 3095/3074/3074 3096/3073/3073 3101/3080/3080
f 3093/3076/3076 3094/3075/3075 3101/3080/3080
f 3097/3071/3071 3098/3087/3087 3102/3079/3079
f 3396/3082/3082 3099/3088/3088 3100/3083/3083
f 3047/3033/3033 3394/3395/3395 3395/3084/3084
f 2950/3085/3085 3394/3395/3395 3047/3033/3033
f 2971/2944/2944 3047/3033/3033 3100/3083/3083
f 2949/3069/3069 3099/3088/3088 3098/3087/3087
f 3099/3088/3088 2949/3069/3069 2972/3086/3086
f 2973/2945/2945 2972/3086/3086 2949/3069/3069
f 3110/3089/3089 3109/3104/3104 3086/3070/3070
f 3086/3070/3070 3109/3104/3104 3108/3090/3090
f 3085/3042/3042 3108/3090/3090 3115/3091/3091
f 3106/3092/3092 3115/3091/3091 3114/3093/3093
f 3107/3094/3094 3114/3093/3093 3113/3095/3095
f 3105/3096/3096 3113/3095/3095 3112/3097/3097
f 3112/3097/3097 3111/3099/3099 2948/3068/3068
f 2948/3068/3068 3111/3099/3099 3110/3089/3089
f 3111/3099/3099 3112/3097/3097 3121/3100/3100
f 3110/3089/3089 3111/3099/3099 3122/3101/3101
f 3110/3089/3089 3123/3102/3102 3116/3103/3103
f 3109/3104/3104 3116/3103/3103 3117/3105/3105
f 3115/3091/3091 3108/3090/3090 3117/3105/3105
f 3114/3093/3093 3115/3091/3091 3118/3106/3106
f 3113/3095/3095 3114/3093/3093 3119/3107/3107
f 3112/3097/3097 3113/3095/3095 3120/3108/3108
f 3121/3100/3100 3120/3108/3108 3125/3109/3109
f 3121/3100/3100 3126/3110/3110 3127/3111/3111
f 3122/3101/3101 3127/3111/3111 3128/3112/3112
f 3116/3103/3103 3123/3102/3102 3128/3112/3112
f 3117/3105/3105 3116/3103/3103 3129/3113/3113
f 3118/3106/3106 3117/3105/3105 3130/3114/3114
f 3118/3106/3106 3131/3115/3115 3124/3116/3116
f 3119/3107/3107 3124/3116/3116 3125/3109/3109
f 3131/3115/3115 3126/3110/3110 3125/3109/3109
f 3137/3117/3117 3126/3110/3110 3131/3115/3115
f 3134/3119/3119 3135/3122/3122 3137/3117/3117
f 3132/3120/3120 3135/3122/3122 3134/3119/3119
f 3128/3112/3112 3132/3120/3120 3133/3121/3121
f 3129/3113/3113 3133/3121/3121 3134/3119/3119
f 3131/3115/3115 3130/3114/3114 3134/3119/3119
f 3126/3110/3110 3137/3117/3117 3135/3122/3122
f 3135/3122/3122 3132/3120/3120 3128/3112/3112
f 2851/2845/2845 3104/3072/3072 3140/3123/3123
f 3146/3124/3124 3140/3123/3123 3104/3072/3072
f 3150/3125/3125 3104/3072/3072 2857/2834/2834
f 3083/3126/3126 3162/3129/3129 3161/3127/3127
f 3157/3128/3128 3155/3130/3130 3161/3127/3127
f 3155/3130/3130 3157/3128/3128 3156/3131/3131
f 3153/3132/3132 3156/3131/3131 3158/3133/3133
f 3154/3134/3134 3158/3133/3133 3159/3135/3135
f 3152/3137/3137 3160/3136/3136 3159/3135/3135
f 3081/3061/3061 3151/3139/3139 3152/3137/3137
f 3082/3138/3138 3142/3140/3140 3151/3139/3139
f 3075/3043/3043 3085/3042/3042 3142/3140/3140
f 3106/3092/3092 3141/3141/3141 3142/3140/3140
f 3107/3094/3094 3138/3144/3144 3141/3141/3141
f 3139/3142/3142 3138/3144/3144 3107/3094/3094
f 3140/3123/3123 3139/3142/3142 3105/3096/3096
f 3146/3124/3124 3144/3143/3143 3139/3142/3142
f 3144/3143/3143 3143/3147/3147 3138/3144/3144
f 3138/3144/3144 3143/3147/3147 3145/3145/3145
f 3141/3141/3141 3145/3145/3145 3151/3139/3139
f 3152/3137/3137 3151/3139/3139 3145/3145/3145
f 3143/3147/3147 3147/3148/3148 3148/3146/3146
f 3144/3143/3143 3149/3149/3149 3147/3148/3148
f 3146/3124/3124 3150/3125/3125 3149/3149/3149
f 3161/3127/3127 3155/3130/3130 3149/3149/3149
f 3155/3130/3130 3153/3132/3132 3147/3148/3148
f 3147/3148/3148 3153/3132/3132 3154/3134/3134
f 3148/3146/3146 3154/3134/3134 3160/3136/3136
f 2968/2941/2941 2967/2939/2939 2970/2943/2943
f 2974/3150/3150 3164/3154/3154 2975/2949/2949
f 2974/3150/3150 2970/2943/2943 3086/3070/3070
f 3163/3152/3152 3164/3154/3154 2974/3150/3150
f 3163/3152/3152 3166/3155/3155 3165/3153/3153
f 2975/2949/2949 3164/3154/3154 3165/3153/3153
f 3166/3155/3155 3163/3152/3152 3090/3041/3041
f 3391/3157/3157 3165/3153/3153 3166/3155/3155
f 3090/3041/3041 3163/3152/3152 3045/3151/3151
f 2784/2771/2771 2801/2787/2787 2929/2917/2917
f 2955/2932/2932 2929/2917/2917 2928/2916/2916
f 2929/2917/2917 2955/2932/2932 3170/3158/3158
f 2960/2934/2934 3171/3160/3160 3170/3158/3158
f 2960/2934/2934 2961/2952/2952 3168/3159/3159
f 2961/2952/2952 2918/2961/2961 3167/3161/3161
f 2985/2960/2960 2986/2971/2971 3167/3161/3161
f 2631/2582/2582 3167/3161/3161 2986/2971/2971
f 3168/3159/3159 3167/3161/3161 2631/2582/2582
f 3171/3160/3160 3168/3159/3159 2630/2581/2581
f 3171/3160/3160 2654/2583/2583 3169/3162/3162
f 2785/2642/2642 3170/3158/3158 3169/3162/3162
f 3172/3163/3163 2643/2644/2644 2780/2811/2811
f 2643/2644/2644 3172/3163/3163 3084/3164/3164
f 2553/2518/2518 3084/3164/3164 3083/3126/3126
f 2654/2583/2583 2646/2588/2588 2925/2984/2984
f 2925/2984/2984 3080/3067/3067 3159/3135/3135
f 3173/3165/3165 3159/3135/3135 3158/3133/3133
f 3157/3128/3128 3162/3129/3129 3173/3165/3165
f 3173/3165/3165 3162/3129/3129 3083/3126/3126
f 2925/2984/2984 3173/3165/3165 3174/3166/3166
f 3169/3162/3162 3174/3166/3166 3172/3163/3163
f 3084/3164/3164 3172/3163/3163 3174/3166/3166
f 3175/3167/3167 2739/2751/2751 2734/2750/2750
f 3175/3167/3167 2937/2909/2909 2906/2915/2915
f 3175/3167/3167 3177/3170/3170 3180/3168/3168
f 3178/3169/3169 3176/3173/3173 3177/3170/3170
f 2728/2754/2754 2729/2755/2755 2748/2758/2758
f 2748/2758/2758 3179/3171/3171 3178/3169/3169
f 3179/3171/3171 2748/2758/2758 2746/2757/2757
f 3199/3172/3172 3195/3174/3174 3179/3171/3171
f 3176/3173/3173 3178/3169/3169 3179/3171/3171
f 3176/3173/3173 3195/3174/3174 3197/3175/3175
f 3176/3173/3173 3181/3176/3176 3180/3168/3168
f 3180/3168/3168 3181/3176/3176 3182/3177/3177
f 2937/2909/2909 3182/3177/3177 3183/3178/3178
f 2934/3179/3179 2935/2908/2908 3183/3178/3178
f 3185/3181/3181 2938/2904/2904 2934/3179/3179
f 3187/3182/3182 3185/3181/3181 3184/3180/3180
f 3184/3180/3180 3183/3178/3178 3188/3184/3184
f 3182/3177/3177 3201/3190/3190 3188/3184/3184
f 3188/3184/3184 3201/3190/3190 3202/3185/3185
f 3190/3186/3186 3186/3183/3183 3202/3185/3185
f 3203/3187/3187 3202/3185/3185 3198/3188/3188
f 3198/3188/3188 3202/3185/3185 3201/3190/3190
f 3182/3177/3177 3181/3176/3176 3197/3175/3175
f 3196/3189/3189 3198/3188/3188 3197/3175/3175
f 3195/3174/3174 3199/3172/3172 3200/3191/3191
f 2703/2732/2732 2747/2763/2763 2741/2762/2762
f 2902/2899/2899 2903/2902/2902 2913/2906/2906
f 3190/3186/3186 3189/3192/3192 3187/3182/3182
f 3189/3192/3192 3190/3186/3186 3191/3193/3193
f 2627/2580/2580 2606/2579/2579 3204/3195/3195
f 3204/3195/3195 2606/2579/2579 2583/2542/2542
f 2649/2587/2587 2647/2586/2586 3216/3197/3197
f 2779/2764/2764 2649/2587/2587 3217/3198/3198
f 1266/1345/1345 1267/3205/3205 2702/2730/2730
f 2702/2730/2730 1267/3205/3205 3223/3199/3199
f 2703/2732/2732 3223/3199/3199 3222/3200/3200
f 3222/3200/3200 3215/3201/3201 3199/3172/3172
f 3215/3201/3201 3214/3202/3202 3200/3191/3191
f 3214/3202/3202 3213/3203/3203 3196/3189/3189
f 3203/3187/3187 3196/3189/3189 3213/3203/3203
f 3190/3186/3186 3203/3187/3187 3219/3204/3204
f 1267/3205/3205 2367/2330/2330 3210/3206/3206
f 2368/2331/2331 3209/3208/3208 3210/3206/3206
f 2368/2331/2331 2369/2332/2332 2391/2333/2333
f 2391/2333/2333 2390/2335/2335 2642/2634/2634
f 3211/3209/3209 3209/3208/3208 2391/2333/2333
f 3210/3206/3206 3209/3208/3208 3211/3209/3209
f 2684/2668/2668 3225/3211/3211 3224/3210/3210
f 3222/3200/3200 3224/3210/3210 3225/3211/3211
f 3223/3199/3199 1267/3205/3205 3224/3210/3210
f 3224/3210/3210 1267/3205/3205 3212/3207/3207
f 3214/3202/3202 3215/3201/3201 3225/3211/3211
f 2683/2667/2667 3226/3212/3212 3225/3211/3211
f 2683/2667/2667 2641/2633/2633 3103/3213/3213
f 2641/2633/2633 2676/2666/2666 2682/2671/2671
f 3213/3203/3203 3214/3202/3202 3226/3212/3212
f 2775/2767/2767 2778/2768/2768 3103/3213/3213
f 3227/3214/3214 3226/3212/3212 3103/3213/3213
f 3227/3214/3214 3191/3193/3193 3219/3204/3204
f 3227/3214/3214 2778/2768/2768 3220/3215/3215
f 3217/3198/3198 3193/3217/3217 3220/3215/3215
f 3194/3216/3216 3191/3193/3193 3220/3215/3215
f 3193/3217/3217 3217/3198/3198 3218/3218/3218
f 3192/3194/3194 3191/3193/3193 3194/3216/3216
f 3206/3220/3220 3204/3195/3195 2582/2541/2541
f 3206/3220/3220 2563/3221/3221 2581/2537/2537
f 3207/3222/3222 2580/2538/2538 2579/2539/2539
f 2580/2538/2538 3207/3222/3222 3208/3223/3223
f 3204/3195/3195 3206/3220/3220 3208/3223/3223
f 2628/2584/2584 2627/2580/2580 3205/3196/3196
f 3229/3224/3224 3228/3225/3225 2655/2585/2585
f 3228/3225/3225 3216/3197/3197 2647/2586/2586
f 2513/2470/2470 2512/2471/2471 1293/1317/1317
f 2513/2470/2470 3230/3226/3226 3207/3222/3222
f 3229/3224/3224 3205/3196/3196 3208/3223/3223
f 3228/3225/3225 3229/3224/3224 3207/3222/3222
f 3230/3226/3226 1293/1317/1317 2511/2473/2473
f 1602/2482/2482 1603/2483/2483 1605/3227/3227
f 1601/2480/2480 2508/2476/2476 2507/2477/2477
f 1618/2486/2486 1799/3231/3231 521/3228/3228
f 521/3228/3228 1605/3227/3227 1609/2484/2484
f 1601/2480/2480 1605/3227/3227 521/3228/3228
f 2508/2476/2476 1601/2480/2480 3231/3229/3229
f 3228/3225/3225 3230/3226/3226 3231/3229/3229
f 3218/3218/3218 3232/3230/3230 3221/3219/3219
f 3216/3197/3197 3231/3229/3229 3218/3218/3218
f 3232/3230/3230 3218/3218/3218 3231/3229/3229
f 1799/3231/3231 3233/3232/3232 3232/3230/3230
f 1799/3231/3231 1951/2488/2488 2514/2489/2489
f 780/666/666 776/667/667 782/673/673
f 785/677/677 784/2491/2491 782/673/673
f 3233/3232/3232 2514/2489/2489 2515/2490/2490
f 3233/3232/3232 2516/2492/2492 2517/2493/2493
f 3239/2187/2187 3253/3243/3243 3254/3233/3233
f 2877/2186/2186 3254/3233/3233 3259/3234/3234
f 2231/2863/2863 2875/2865/2865 3259/3234/3234
f 2228/2183/2183 2229/2184/2184 2231/2863/2863
f 2231/2863/2863 2716/3258/3258 2066/3236/3236
f 2065/2861/2861 1971/1976/1976 1699/2858/2858
f 2232/3237/3237 2259/2022/2022 2064/2024/2024
f 1697/3238/3238 1691/1640/1640 2063/2023/2023
f 2066/3236/3236 2716/3258/3258 2232/3237/3237
f 2233/3240/3240 2716/3258/3258 2231/2863/2863
f 3258/3241/3241 3262/3235/3235 3259/3234/3234
f 3254/3233/3233 3253/3243/3243 3257/3242/3242
f 3253/3243/3243 3251/3245/3245 3256/3244/3244
f 3251/3245/3245 3253/3243/3243 3252/3246/3246
f 3242/2190/2190 3250/3247/3247 3252/3246/3246
f 3241/2193/2193 3252/3246/3246 3253/3243/3243
f 3240/2189/2189 3248/3249/3249 3250/3247/3247
f 3243/3248/3248 3244/3253/3253 3248/3249/3249
f 3245/3250/3250 3244/3253/3253 3243/3248/3248
f 3240/2189/2189 3238/2862/2862 2227/3251/3251
f 3249/3252/3252 3248/3249/3249 3244/3253/3253
f 3249/3252/3252 3251/3245/3245 3250/3247/3247
f 3251/3245/3245 3249/3252/3252 3246/3254/3254
f 3247/3255/3255 3255/3257/3257 3256/3244/3244
f 3261/3256/3256 3260/3259/3259 3256/3244/3244
f 2233/3240/3240 3260/3259/3259 3261/3256/3256
f 2233/3240/3240 3262/3235/3235 3258/3241/3241
f 3260/3259/3259 3258/3241/3241 3257/3242/3242
f 2259/2022/2022 2232/3237/3237 2716/3258/3258
f 3261/3256/3256 3255/3257/3257 2067/3239/3239
f 3266/3260/3260 1719/1645/1645 1698/1641/1641
f 1720/1814/1814 1719/1645/1645 3266/3260/3260
f 3267/3261/3261 1867/1815/1815 1864/1813/1813
f 2067/3239/3239 3265/3263/3263 3268/3262/3262
f 3268/3262/3262 3267/3261/3261 3266/3260/3260
f 3265/3263/3263 3269/3264/3264 3267/3261/3261
f 1867/1815/1815 3267/3261/3261 3269/3264/3264
f 1867/1815/1815 2234/2222/2222 2068/2194/2194
f 3270/3265/3265 2258/2225/2225 2234/2222/2222
f 3270/3265/3265 3269/3264/3264 2260/2224/2224
f 2715/3266/3266 2260/2224/2224 3269/3264/3264
f 3264/3268/3268 3271/3267/3267 3269/3264/3264
f 3265/3263/3263 2067/3239/3239 3255/3257/3257
f 3255/3257/3257 3247/3255/3255 3263/3269/3269
f 3272/3270/3270 3271/3267/3267 3264/3268/3268
f 3271/3267/3267 3272/3270/3270 3273/3271/3271
f 2264/2230/2230 2715/3266/3266 3273/3271/3271
f 2267/2217/2217 3273/3271/3271 3276/3272/3272
f 2658/2645/2645 2547/2499/2499 3276/3272/3272
f 3276/3272/3272 3277/3275/3275 3278/3274/3274
f 3277/3275/3275 3276/3272/3272 3273/3271/3271
f 3275/3276/3276 3278/3274/3274 3277/3275/3275
f 3272/3270/3270 3263/3269/3269 3274/3277/3277
f 3247/3255/3255 3246/3254/3254 3274/3277/3277
f 3279/3278/3278 3274/3277/3277 3246/3254/3254
f 3281/3279/3279 3279/3278/3278 3244/3253/3253
f 3284/3281/3281 3283/3282/3282 3279/3278/3278
f 3274/3277/3277 3279/3278/3278 3283/3282/3282
f 3283/3282/3282 3282/3273/3273 3278/3274/3274
f 3285/3283/3283 3282/3273/3273 3283/3282/3282
f 2658/2645/2645 3282/3273/3273 3285/3283/3283
f 3286/3284/3284 3284/3281/3281 3281/3279/3279
f 3286/3284/3284 2659/2646/2646 3285/3283/3283
f 2657/2647/2647 2659/2646/2646 3286/3284/3284
f 3280/3280/3280 3288/3286/3286 3287/3285/3285
f 3288/3286/3286 3290/3294/3294 3289/3287/3287
f 2656/2648/2648 2657/2647/2647 3287/3285/3285
f 2645/2643/2643 2656/2648/2648 3289/3287/3287
f 3293/3288/3288 3291/3289/3289 2644/2813/2813
f 2781/2812/2812 2644/2813/2813 3291/3289/3289
f 2482/2640/2640 3291/3289/3289 3295/3290/3290
f 2522/2528/2528 2538/2639/2639 3295/3290/3290
f 2475/2466/2466 2522/2528/2528 3296/3291/3291
f 3296/3291/3291 3295/3290/3290 3291/3289/3289
f 3291/3289/3289 3293/3288/3288 3292/3293/3293
f 3290/3294/3294 3292/3293/3293 3293/3288/3288
f 3298/3295/3295 3292/3293/3293 3290/3294/3294
f 3288/3286/3286 3280/3280/3280 3297/3296/3296
f 3297/3296/3296 3280/3280/3280 3244/3253/3253
f 2114/2123/2123 2112/2138/2138 2125/2140/2140
f 2274/2253/2253 2275/2251/2251 3303/3298/3298
f 2275/2251/2251 2276/3300/3300 3302/3299/3299
f 2276/3300/3300 2293/2254/2254 2296/2265/2265
f 2295/2264/2264 2297/2405/2405 3300/3301/3301
f 2438/2407/2407 3299/3303/3303 3301/3302/3302
f 2439/2425/2425 2440/2441/2441 3299/3303/3303
f 3300/3301/3301 2297/2405/2405 3301/3302/3302
f 3300/3301/3301 3306/3304/3304 3302/3299/3299
f 3306/3304/3304 3301/3302/3302 3299/3303/3303
f 2453/2458/2458 3296/3291/3291 3299/3303/3303
f 3307/3305/3305 3299/3303/3303 3296/3291/3291
f 1588/1891/1891 2114/2123/2123 3308/3306/3306
f 2114/2123/2123 3304/3297/3297 3307/3305/3305
f 3303/3298/3298 3307/3305/3305 3304/3297/3297
f 3303/3298/3298 3302/3299/3299 3306/3304/3304
f 3308/3306/3306 3307/3305/3305 3294/3292/3292
f 1297/2397/2397 1537/1488/1488 1538/1487/1487
f 1241/1124/1124 1298/1309/1309 1242/3307/3307
f 1241/1124/1124 3305/3308/3308 619/1122/1122
f 2519/2495/2495 2520/2497/2497 2521/2498/2498
f 3322/3309/3309 2518/2494/2494 2521/2498/2498
f 2521/2498/2498 1117/920/920 3320/3311/3311
f 1118/1542/1542 3311/3313/3313 3320/3311/3311
f 3314/3312/3312 3321/3310/3310 3320/3311/3311
f 3311/3313/3313 1123/995/995 3313/3314/3314
f 3311/3313/3313 1118/1542/1542 1122/996/996
f 1604/3315/3315 3315/3317/3317 3313/3314/3314
f 1123/995/995 1124/1352/1352 1255/1353/1353
f 1256/1349/1349 1608/1541/1541 3312/3316/3316
f 3312/3316/3316 3316/3323/3323 3315/3317/3317
f 3317/3318/3318 3316/3323/3323 3312/3316/3316
f 3312/3316/3316 1608/1541/1541 2710/2693/2693
f 1620/1533/1533 3318/3319/3319 3317/3318/3318
f 2909/2900/2900 3319/2897/2897 3318/3319/3319
f 1620/1533/1533 1621/1532/1532 1626/1530/1530
f 3189/3192/3192 3192/3194/3194 3323/3320/3320
f 3185/3181/3181 3187/3182/3182 3323/3320/3320
f 2910/3321/3321 2932/2905/2905 2938/2904/2904
f 3319/2897/2897 2902/2899/2899 2932/2905/2905
f 3232/3230/3230 3233/3232/3232 3324/3322/3322
f 3233/3232/3232 2518/2494/2494 3322/3309/3309
f 3314/3312/3312 3324/3322/3322 3322/3309/3309
f 3314/3312/3312 3313/3314/3314 3315/3317/3317
f 3316/3323/3323 3317/3318/3318 3318/3319/3319
f 2910/3321/3321 3325/3324/3324 3316/3323/3323
f 3323/3320/3320 3192/3194/3194 3325/3324/3324
f 3221/3219/3219 3324/3322/3322 3325/3324/3324
f 3325/3324/3324 3324/3322/3322 3314/3312/3312
f 3310/3325/3325 3308/3306/3306 3292/3293/3293
f 3308/3306/3306 3310/3325/3325 3309/3326/3326
f 3309/3326/3326 3305/3308/3308 1242/3307/3307
f 619/1122/1122 3305/3308/3308 3309/3326/3326
f 3326/3327/3327 616/1121/1121 3309/3326/3326
f 615/530/530 612/534/534 616/1121/1121
f 396/420/420 615/530/530 3326/3327/3327
f 3339/3328/3328 3327/3329/3329 390/418/418
f 389/423/423 390/418/418 3327/3329/3329
f 384/425/425 388/426/426 3327/3329/3329
f 385/430/430 3327/3329/3329 387/449/449
f 3339/3328/3328 3338/3330/3330 387/449/449
f 3338/3330/3330 449/458/458 440/455/455
f 3337/3331/3331 453/383/383 452/386/386
f 3337/3331/3331 3333/3332/3332 456/464/464
f 3333/3332/3332 3331/3333/3333 503/467/467
f 3331/3333/3333 642/620/620 502/466/466
f 3328/3334/3334 646/617/617 641/623/623
f 781/668/668 646/617/617 3328/3334/3334
f 3330/3336/3336 3329/3335/3335 3328/3334/3334
f 3330/3336/3336 642/620/620 3331/3333/3333
f 3331/3333/3333 3333/3332/3332 3334/3338/3338
f 3332/3337/3337 3334/3338/3338 3335/3339/3339
f 3329/3335/3335 3330/3336/3336 3335/3339/3339
f 3375/3341/3341 3245/3250/3250 2227/3251/3251
f 3238/2862/2862 1734/2859/2859 3374/3342/3342
f 2939/2860/2860 3373/3343/3343 3374/3342/3342
f 3373/3343/3343 2939/2860/2860 2931/2894/2894
f 2912/2896/2896 2911/2895/2895 2896/2890/2890
f 2912/2896/2896 2895/2889/2889 3372/3344/3344
f 2891/2886/2886 3371/3345/3345 3372/3344/3344
f 3371/3345/3345 2891/2886/2886 2886/2847/2847
f 1946/2019/2019 1798/2021/2021 3370/3346/3346
f 3344/3347/3347 1798/2021/2021 1797/1720/1720
f 3344/3347/3347 3369/3385/3385 3370/3346/3346
f 3343/3348/3348 3369/3385/3385 3344/3347/3347
f 1783/1719/1719 1784/1718/1718 3342/3349/3349
f 3340/3350/3350 3343/3348/3348 3342/3349/3349
f 1785/1723/1723 1782/1730/1730 3340/3350/3350
f 3341/3351/3351 3340/3350/3350 1782/1730/1730
f 3341/3351/3351 3345/3353/3353 3343/3348/3348
f 1610/3352/3352 3349/3355/3355 3345/3353/3353
f 3348/3354/3354 3350/3361/3361 3349/3355/3355
f 1745/1732/1732 3346/3356/3356 3348/3354/3354
f 3346/3356/3356 1745/1732/1732 1744/1743/1743
f 3347/3357/3357 3346/3356/3356 1742/1740/1740
f 3351/3359/3359 3350/3361/3361 3348/3354/3354
f 3347/3357/3357 3352/3367/3367 3351/3359/3359
f 3351/3359/3359 3352/3367/3367 3353/3360/3360
f 3379/3362/3362 3364/3372/3372 3359/3363/3363
f 3356/3365/3365 3366/3370/3370 3367/3366/3366
f 3356/3365/3365 3352/3367/3367 3347/3357/3357
f 1736/3358/3358 1735/1738/1738 3355/3368/3368
f 3356/3365/3365 3355/3368/3368 3365/3369/3369
f 3366/3370/3370 3365/3369/3369 3357/3371/3371
f 3354/3373/3373 3357/3371/3371 3365/3369/3369
f 1735/1738/1738 1733/1733/1733 3354/3373/3373
f 1732/1735/1735 3357/3371/3371 3354/3373/3373
f 3358/3374/3374 3359/3363/3363 3364/3372/3372
f 3358/3374/3374 3357/3371/3371 1732/1735/1735
f 1365/1213/1213 3359/3363/3363 3358/3374/3374
f 3360/3364/3364 3359/3363/3363 1365/1213/1213
f 3361/3375/3375 3360/3364/3364 787/1212/1212
f 786/1223/1223 788/670/670 781/668/668
f 3362/3376/3376 3361/3375/3375 781/668/668
f 3336/3340/3340 3363/3377/3377 3362/3376/3376
f 3360/3364/3364 3361/3375/3375 3362/3376/3376
f 3363/3377/3377 3378/3390/3390 3379/3362/3362
f 3377/3378/3378 3363/3377/3377 3336/3340/3340
f 3334/3338/3338 3376/3379/3379 3377/3378/3378
f 3333/3332/3332 3337/3331/3331 3376/3379/3379
f 449/458/458 3338/3330/3330 3376/3379/3379
f 3384/3380/3380 3376/3379/3379 3338/3330/3330
f 3339/3328/3328 3326/3327/3327 3310/3325/3325
f 3353/3360/3360 3352/3367/3367 3367/3366/3366
f 3353/3360/3360 3368/3381/3381 3381/3382/3382
f 3381/3382/3382 3380/3383/3383 3349/3355/3355
f 3345/3353/3353 3349/3355/3355 3380/3383/3383
f 3380/3383/3383 3381/3382/3382 3368/3381/3381
f 3343/3348/3348 3380/3383/3383 3382/3384/3384
f 3369/3385/3385 3382/3384/3384 3371/3345/3345
f 3385/3386/3386 3374/3342/3342 3373/3343/3343
f 3372/3344/3344 3371/3345/3345 3382/3384/3384
f 3387/3387/3387 3385/3386/3386 3382/3384/3384
f 3385/3386/3386 3387/3387/3387 3386/3388/3388
f 3386/3388/3388 3245/3250/3250 3375/3341/3341
f 3383/3389/3389 3367/3366/3366 3366/3370/3370
f 3379/3362/3362 3378/3390/3390 3383/3389/3389
f 3367/3366/3366 3386/3388/3388 3387/3387/3387
f 3386/3388/3388 3367/3366/3366 3383/3389/3389
f 3389/3391/3391 3386/3388/3388 3378/3390/3390
f 3377/3378/3378 3388/3392/3392 3378/3390/3390
f 3245/3250/3250 3386/3388/3388 3389/3391/3391
f 3376/3379/3379 3384/3380/3380 3388/3392/3392
f 3389/3391/3391 3310/3325/3325 3298/3295/3295
f 3389/3391/3391 3388/3392/3392 3384/3380/3380
f 3392/3393/3393 3390/3156/3156 3090/3041/3041
f 3391/3157/3157 3390/3156/3156 3392/3393/3393
f 3393/3394/3394 3392/3393/3393 3089/3034/3034
f 3044/3025/3025 3165/3153/3153 3391/3157/3157
f 3396/3082/3082 3102/3079/3079 3098/3087/3087
f 3396/3082/3082 3395/3084/3084 3394/3395/3395
f 2951/2923/2923 3102/3079/3079 3394/3395/3395
f 2860/2852/2852 3397/2851/2851 2858/2853/2853
f 3398/1876/1876 1069/1874/1874 1929/1875/1875
